projectName,SHA,Files Before ref,RefactoringType,files After
glide,484366a16fe37388eba95d41021f03eaa402d2fa,"library/src/main/java/com/bumptech/glide/load/resource/bitmap/DefaultImageHeaderParser.java",EXTRACT_OPERATION,"library/src/main/java/com/bumptech/glide/load/resource/bitmap/DefaultImageHeaderParser.java"
glide,484366a16fe37388eba95d41021f03eaa402d2fa,"library/src/main/java/com/bumptech/glide/load/resource/bitmap/DefaultImageHeaderParser.java",EXTRACT_OPERATION,"library/src/main/java/com/bumptech/glide/load/resource/bitmap/DefaultImageHeaderParser.java"
glide,e77562a432352da19741d93b8c1f6599b558676a,"library/src/main/java/com/bumptech/glide/load/resource/bitmap/TransformationUtils.java",EXTRACT_OPERATION,"library/src/main/java/com/bumptech/glide/load/resource/bitmap/TransformationUtils.java"
glide,8f6d64519574c9a199f96269f56fae8ffb942b4f,"library/src/main/java/com/bumptech/glide/request/BaseRequestOptions.java",EXTRACT_OPERATION,"library/src/main/java/com/bumptech/glide/request/BaseRequestOptions.java"
glide,3d6d038f7341dc71872d076b42d74492fec197b9,"library/src/main/java/com/bumptech/glide/RequestManager.java",EXTRACT_OPERATION,"library/src/main/java/com/bumptech/glide/RequestManager.java"
glide,c8e39b4f440cf515180b699cd8e9c3fe1c2f3e90,"library/src/main/java/com/bumptech/glide/load/resource/bitmap/HardwareConfigState.java",EXTRACT_OPERATION,"library/src/main/java/com/bumptech/glide/load/resource/bitmap/HardwareConfigState.java"
glide,f229c894f5f3936fcc2586944903b0a8be624271,"instrumentation/src/androidTest/java/com/bumptech/glide/ErrorHandlingTest.java",EXTRACT_OPERATION,"instrumentation/src/androidTest/java/com/bumptech/glide/ErrorHandlingTest.java"
glide,f229c894f5f3936fcc2586944903b0a8be624271,"instrumentation/src/androidTest/java/com/bumptech/glide/ErrorHandlingTest.java",EXTRACT_OPERATION,"instrumentation/src/androidTest/java/com/bumptech/glide/ErrorHandlingTest.java"
glide,9bf326e087f89377c69f52f1f85e024d845aa029,"instrumentation/src/androidTest/java/com/bumptech/glide/test/BitmapRegressionTester.java",EXTRACT_OPERATION,"instrumentation/src/androidTest/java/com/bumptech/glide/test/BitmapRegressionTester.java"
glide,0f9aea2979fbb5ea2cf763182fe13c9785a227d7,"library/src/main/java/com/bumptech/glide/module/ManifestParser.java",EXTRACT_OPERATION,"library/src/main/java/com/bumptech/glide/module/ManifestParser.java"
glide,9d0beccb05c8cd214d61099e664f719b5e028aac,"instrumentation/src/androidTest/java/com/bumptech/glide/DarkModeTest.java",EXTRACT_OPERATION,"instrumentation/src/androidTest/java/com/bumptech/glide/DarkModeTest.java"
glide,9d0beccb05c8cd214d61099e664f719b5e028aac,"instrumentation/src/androidTest/java/com/bumptech/glide/DarkModeTest.java",EXTRACT_OPERATION,"instrumentation/src/androidTest/java/com/bumptech/glide/DarkModeTest.java"
glide,9d0beccb05c8cd214d61099e664f719b5e028aac,"instrumentation/src/androidTest/java/com/bumptech/glide/DarkModeTest.java",EXTRACT_OPERATION,"instrumentation/src/androidTest/java/com/bumptech/glide/DarkModeTest.java"
glide,966815704feedc6d524a9724c74b88a28ba8b40e,"library/src/main/java/com/bumptech/glide/RequestBuilder.java",EXTRACT_OPERATION,"library/src/main/java/com/bumptech/glide/RequestBuilder.java"
glide,e6f5eec4ff0d70be28e17c040ee0177edafd8da7,"library/src/main/java/com/bumptech/glide/load/engine/executor/GlideExecutor.java",EXTRACT_OPERATION,"library/src/main/java/com/bumptech/glide/load/engine/executor/GlideExecutor.java"
glide,6596aa13d8daface81da252cd7967cbc8d2cb071,"library/src/main/java/com/bumptech/glide/load/engine/executor/GlideExecutor.java",EXTRACT_OPERATION,"library/src/main/java/com/bumptech/glide/load/engine/executor/GlideExecutor.java"
glide,d5fc241c21bfbf5c162e5109e48a4af113aa39cb,"instrumentation/src/androidTest/java/com/bumptech/glide/test/WaitModelLoader.java",MOVE_OPERATION,"testutil/src/main/java/com/bumptech/glide/testutil/WaitModelLoader.java"
glide,4bfda588b628389134c7a1269cc8202bb69510bf,"library/src/main/java/com/bumptech/glide/load/resource/bitmap/VideoDecoder.java",EXTRACT_OPERATION,"library/src/main/java/com/bumptech/glide/load/resource/bitmap/VideoDecoder.java"
glide,eab4c3742d02ad9f173773007ffc0077b8ace98d,"library/src/main/java/com/bumptech/glide/load/engine/executor/GlideExecutor.java",EXTRACT_OPERATION,"library/src/main/java/com/bumptech/glide/load/engine/executor/GlideExecutor.java"
glide,f3d6ff7603e4759a89ba7bd9a8b1a77281e3a4b0,"library/test/src/test/java/com/bumptech/glide/RequestBuilderTest.java",EXTRACT_OPERATION,"library/test/src/test/java/com/bumptech/glide/RequestBuilderTest.java"
glide,c6a0dc533f50114999c4f70db7e74d8681710ddb,"library/test/src/test/java/com/bumptech/glide/RequestBuilderTest.java",EXTRACT_OPERATION,"library/test/src/test/java/com/bumptech/glide/RequestBuilderTest.java"
glide,1a2cfe36bf32a8b3d8f155cf8e66e145fcfc3ba7,"library/src/main/java/com/bumptech/glide/load/engine/DecodeJob.java",EXTRACT_OPERATION,"library/src/main/java/com/bumptech/glide/load/engine/DecodeJob.java"
glide,1a2cfe36bf32a8b3d8f155cf8e66e145fcfc3ba7,"library/src/main/java/com/bumptech/glide/load/engine/DecodeJob.java",EXTRACT_OPERATION,"library/src/main/java/com/bumptech/glide/load/engine/DecodeJob.java"
glide,1a2cfe36bf32a8b3d8f155cf8e66e145fcfc3ba7,"library/src/main/java/com/bumptech/glide/load/engine/DecodeJob.java",EXTRACT_OPERATION,"library/src/main/java/com/bumptech/glide/load/engine/DecodeJob.java"
glide,6f681a2660b6a7209f43a45a8a3ca2cf9afd6a05,"instrumentation/src/androidTest/java/com/bumptech/glide/AsBytesTest.java",EXTRACT_OPERATION,"instrumentation/src/androidTest/java/com/bumptech/glide/AsBytesTest.java"
glide,6f681a2660b6a7209f43a45a8a3ca2cf9afd6a05,"instrumentation/src/androidTest/java/com/bumptech/glide/AsBytesTest.java",EXTRACT_OPERATION,"instrumentation/src/androidTest/java/com/bumptech/glide/AsBytesTest.java"
glide,6f681a2660b6a7209f43a45a8a3ca2cf9afd6a05,"instrumentation/src/androidTest/java/com/bumptech/glide/AsBytesTest.java",MOVE_AND_RENAME_OPERATION,"instrumentation/src/androidTest/java/com/bumptech/glide/test/ModelGeneratorRule.java"
glide,6ba4b548cae12f3aa53634a59025069834c0ea14,"library/test/src/test/java/com/bumptech/glide/GlideTest.java",EXTRACT_OPERATION,"library/test/src/test/java/com/bumptech/glide/GlideTest.java"
glide,6ba4b548cae12f3aa53634a59025069834c0ea14,"library/test/src/test/java/com/bumptech/glide/GlideTest.java",EXTRACT_OPERATION,"library/test/src/test/java/com/bumptech/glide/GlideTest.java"
glide,6ba4b548cae12f3aa53634a59025069834c0ea14,"library/test/src/test/java/com/bumptech/glide/GlideTest.java",EXTRACT_OPERATION,"library/test/src/test/java/com/bumptech/glide/GlideTest.java"
glide,6ba4b548cae12f3aa53634a59025069834c0ea14,"library/test/src/test/java/com/bumptech/glide/GlideTest.java",EXTRACT_OPERATION,"library/test/src/test/java/com/bumptech/glide/GlideTest.java"
glide,6ba4b548cae12f3aa53634a59025069834c0ea14,"library/test/src/test/java/com/bumptech/glide/GlideTest.java",EXTRACT_OPERATION,"library/test/src/test/java/com/bumptech/glide/GlideTest.java"
glide,48cf57b7c6a83b0de18deeedebd51430e0af2934,"library/test/src/test/java/com/bumptech/glide/GlideTest.java",EXTRACT_OPERATION,"library/test/src/test/java/com/bumptech/glide/GlideTest.java"
glide,48cf57b7c6a83b0de18deeedebd51430e0af2934,"library/test/src/test/java/com/bumptech/glide/GlideTest.java",EXTRACT_OPERATION,"library/test/src/test/java/com/bumptech/glide/GlideTest.java"
glide,48cf57b7c6a83b0de18deeedebd51430e0af2934,"library/test/src/test/java/com/bumptech/glide/GlideTest.java",EXTRACT_OPERATION,"library/test/src/test/java/com/bumptech/glide/GlideTest.java"
glide,48cf57b7c6a83b0de18deeedebd51430e0af2934,"library/test/src/test/java/com/bumptech/glide/GlideTest.java",EXTRACT_OPERATION,"library/test/src/test/java/com/bumptech/glide/GlideTest.java"
glide,48cf57b7c6a83b0de18deeedebd51430e0af2934,"library/test/src/test/java/com/bumptech/glide/GlideTest.java",EXTRACT_OPERATION,"library/test/src/test/java/com/bumptech/glide/GlideTest.java"
glide,f83cc274b42cf02af6611d2a8c21e4a9b1f5d592,"library/src/main/java/com/bumptech/glide/load/resource/ImageDecoderResourceDecoder.java",MOVE_OPERATION,"library/src/main/java/com/bumptech/glide/load/resource/bitmap/BitmapImageDecoderResourceDecoder.java"
glide,54dd43fbf7011bf834024966a3a9e16a2236717f,"library/src/main/java/com/bumptech/glide/load/resource/ImageDecoderResourceDecoder.java",MOVE_OPERATION,"library/src/main/java/com/bumptech/glide/load/resource/bitmap/BitmapImageDecoderResourceDecoder.java"
glide,849e9d02ed754d4770d99412d4e2569a5a28897c,"library/src/main/java/com/bumptech/glide/load/resource/ImageDecoderResourceDecoder.java",MOVE_OPERATION,"library/src/main/java/com/bumptech/glide/load/resource/bitmap/BitmapImageDecoderResourceDecoder.java"
glide,833ef21d4edd9f907cecbdc9e780fc88058bf66f,"library/src/main/java/com/bumptech/glide/manager/SingletonConnectivityReceiver.java",EXTRACT_CLASS,"library/src/main/java/com/bumptech/glide/manager/SingletonConnectivityReceiver.java; library/src/main/java/com/bumptech/glide/manager/SingletonConnectivityReceiver.java"
glide,833ef21d4edd9f907cecbdc9e780fc88058bf66f,"library/src/main/java/com/bumptech/glide/manager/SingletonConnectivityReceiver.java",EXTRACT_CLASS,"library/src/main/java/com/bumptech/glide/manager/SingletonConnectivityReceiver.java; library/src/main/java/com/bumptech/glide/manager/SingletonConnectivityReceiver.java"
glide,833ef21d4edd9f907cecbdc9e780fc88058bf66f,"library/src/main/java/com/bumptech/glide/manager/SingletonConnectivityReceiver.java",MOVE_OPERATION,"library/src/main/java/com/bumptech/glide/manager/SingletonConnectivityReceiver.java"
glide,b43ea9833e9f5f0cb0f6b3a35664c3e2aaed956a,"library/test/src/test/java/com/bumptech/glide/manager/DefaultConnectivityMonitorTest.java",PULL_UP_OPERATION,"library/test/src/test/java/com/bumptech/glide/manager/DefaultConnectivityMonitorTest.java"
glide,b43ea9833e9f5f0cb0f6b3a35664c3e2aaed956a,"library/test/src/test/java/com/bumptech/glide/manager/DefaultConnectivityMonitorTest.java",PULL_UP_OPERATION,"library/test/src/test/java/com/bumptech/glide/manager/DefaultConnectivityMonitorTest.java"
glide,b43ea9833e9f5f0cb0f6b3a35664c3e2aaed956a,"library/test/src/test/java/com/bumptech/glide/manager/DefaultConnectivityMonitorTest.java",PULL_UP_OPERATION,"library/test/src/test/java/com/bumptech/glide/manager/DefaultConnectivityMonitorTest.java"
glide,b43ea9833e9f5f0cb0f6b3a35664c3e2aaed956a,"library/src/main/java/com/bumptech/glide/manager/SingletonConnectivityReceiver.java",MOVE_OPERATION,"library/src/main/java/com/bumptech/glide/manager/SingletonConnectivityReceiver.java"
glide,b43ea9833e9f5f0cb0f6b3a35664c3e2aaed956a,"library/test/src/test/java/com/bumptech/glide/manager/DefaultConnectivityMonitorTest.java",PULL_UP_OPERATION,"library/test/src/test/java/com/bumptech/glide/manager/DefaultConnectivityMonitorTest.java"
glide,b43ea9833e9f5f0cb0f6b3a35664c3e2aaed956a,"library/test/src/test/java/com/bumptech/glide/manager/DefaultConnectivityMonitorTest.java",PULL_UP_OPERATION,"library/test/src/test/java/com/bumptech/glide/manager/DefaultConnectivityMonitorTest.java"
glide,4504939c0f17a98a2afc511814b08e57d8530723,"library/src/main/java/com/bumptech/glide/manager/SingletonConnectivityReceiver.java",EXTRACT_CLASS,"library/src/main/java/com/bumptech/glide/manager/SingletonConnectivityReceiver.java; library/src/main/java/com/bumptech/glide/manager/SingletonConnectivityReceiver.java"
glide,4504939c0f17a98a2afc511814b08e57d8530723,"library/src/main/java/com/bumptech/glide/manager/SingletonConnectivityReceiver.java",EXTRACT_CLASS,"library/src/main/java/com/bumptech/glide/manager/SingletonConnectivityReceiver.java; library/src/main/java/com/bumptech/glide/manager/SingletonConnectivityReceiver.java"
glide,4504939c0f17a98a2afc511814b08e57d8530723,"library/src/main/java/com/bumptech/glide/manager/SingletonConnectivityReceiver.java",MOVE_OPERATION,"library/src/main/java/com/bumptech/glide/manager/SingletonConnectivityReceiver.java"
glide,66c46f6e160b45031fa58ee51d52025b92e4ba1c,"library/test/src/test/java/com/bumptech/glide/manager/DefaultConnectivityMonitorTest.java",PULL_UP_OPERATION,"library/test/src/test/java/com/bumptech/glide/manager/DefaultConnectivityMonitorTest.java"
glide,66c46f6e160b45031fa58ee51d52025b92e4ba1c,"library/test/src/test/java/com/bumptech/glide/manager/DefaultConnectivityMonitorTest.java",PULL_UP_OPERATION,"library/test/src/test/java/com/bumptech/glide/manager/DefaultConnectivityMonitorTest.java"
glide,66c46f6e160b45031fa58ee51d52025b92e4ba1c,"library/test/src/test/java/com/bumptech/glide/manager/DefaultConnectivityMonitorTest.java",PULL_UP_OPERATION,"library/test/src/test/java/com/bumptech/glide/manager/DefaultConnectivityMonitorTest.java"
glide,66c46f6e160b45031fa58ee51d52025b92e4ba1c,"library/src/main/java/com/bumptech/glide/manager/SingletonConnectivityReceiver.java",MOVE_OPERATION,"library/src/main/java/com/bumptech/glide/manager/SingletonConnectivityReceiver.java"
glide,66c46f6e160b45031fa58ee51d52025b92e4ba1c,"library/test/src/test/java/com/bumptech/glide/manager/DefaultConnectivityMonitorTest.java",PULL_UP_OPERATION,"library/test/src/test/java/com/bumptech/glide/manager/DefaultConnectivityMonitorTest.java"
glide,66c46f6e160b45031fa58ee51d52025b92e4ba1c,"library/test/src/test/java/com/bumptech/glide/manager/DefaultConnectivityMonitorTest.java",PULL_UP_OPERATION,"library/test/src/test/java/com/bumptech/glide/manager/DefaultConnectivityMonitorTest.java"
glide,05f35ccd2eb059a7c89c8cc1d134e2529a1f3295,"library/src/main/java/com/bumptech/glide/manager/SingletonConnectivityReceiver.java",EXTRACT_CLASS,"library/src/main/java/com/bumptech/glide/manager/SingletonConnectivityReceiver.java; library/src/main/java/com/bumptech/glide/manager/SingletonConnectivityReceiver.java"
glide,05f35ccd2eb059a7c89c8cc1d134e2529a1f3295,"library/src/main/java/com/bumptech/glide/manager/SingletonConnectivityReceiver.java",EXTRACT_CLASS,"library/src/main/java/com/bumptech/glide/manager/SingletonConnectivityReceiver.java; library/src/main/java/com/bumptech/glide/manager/SingletonConnectivityReceiver.java"
glide,05f35ccd2eb059a7c89c8cc1d134e2529a1f3295,"library/src/main/java/com/bumptech/glide/manager/SingletonConnectivityReceiver.java",MOVE_OPERATION,"library/src/main/java/com/bumptech/glide/manager/SingletonConnectivityReceiver.java"
glide,dbdae568a37e9aabdab4ceb0ab9c7294de53861d,"library/src/main/java/com/bumptech/glide/manager/DefaultConnectivityMonitor.java",EXTRACT_CLASS,"library/src/main/java/com/bumptech/glide/manager/DefaultConnectivityMonitor.java; library/src/main/java/com/bumptech/glide/manager/SingletonConnectivityReceiver.java"
glide,dbdae568a37e9aabdab4ceb0ab9c7294de53861d,"library/src/main/java/com/bumptech/glide/manager/DefaultConnectivityMonitor.java",MOVE_OPERATION,"library/src/main/java/com/bumptech/glide/manager/SingletonConnectivityReceiver.java"
glide,e6464721cef2c4b1c3e26f30c9a01c0e13e22f97,"testutil/src/main/java/com/bumptech/glide/testutil/MockModelLoader.java",EXTRACT_OPERATION,"testutil/src/main/java/com/bumptech/glide/testutil/MockModelLoader.java"
glide,80922f1da10d8426e4f718696291712a7b8dc61c,"instrumentation/src/androidTest/java/com/bumptech/glide/test/TearDownGlide.java",EXTRACT_OPERATION,"testutil/src/main/java/com/bumptech/glide/testutil/TearDownGlide.java"
glide,042f6b57d511c9d1652d280f5d385d5fef071647,"library/src/main/java/com/bumptech/glide/util/ByteBufferUtil.java",EXTRACT_OPERATION,"library/src/main/java/com/bumptech/glide/util/ByteBufferUtil.java"
glide,042f6b57d511c9d1652d280f5d385d5fef071647,"library/src/main/java/com/bumptech/glide/util/ByteBufferUtil.java",EXTRACT_OPERATION,"library/src/main/java/com/bumptech/glide/util/ByteBufferUtil.java"
glide,042f6b57d511c9d1652d280f5d385d5fef071647,"library/src/main/java/com/bumptech/glide/load/resource/bitmap/ByteBufferBitmapDecoder.java",EXTRACT_AND_MOVE_OPERATION,"library/src/main/java/com/bumptech/glide/load/resource/bitmap/ByteBufferBitmapDecoder.java; library/src/main/java/com/bumptech/glide/load/resource/bitmap/Downsampler.java"
glide,59ec98c505c17b3efa882522c3312022d1ca88da,"library/test/src/test/java/com/bumptech/glide/util/ExceptionCatchingInputStreamTest.java",EXTRACT_CLASS,"library/test/src/test/java/com/bumptech/glide/util/ExceptionPassthroughInputStreamTest.java; library/src/main/java/com/bumptech/glide/util/ExceptionPassthroughInputStream.java"
glide,b0a7efecf54723506bcaac2d801e29845f04f229,"library/src/main/java/com/bumptech/glide/manager/DoNothingFirstFrameWaiter.java; library/src/main/java/com/bumptech/glide/manager/FirstFrameWaiter.java",EXTRACT_INTERFACE,"library/src/main/java/com/bumptech/glide/manager/DoNothingFirstFrameWaiter.java; library/src/main/java/com/bumptech/glide/manager/FirstFrameWaiter.java; library/src/main/java/com/bumptech/glide/manager/FrameWaiter.java"
glide,8584b450f3af6c18e0393a3bff015a62a08d5eb5,"library/src/main/java/com/bumptech/glide/manager/RequestManagerRetriever.java",EXTRACT_OPERATION,"library/src/main/java/com/bumptech/glide/manager/RequestManagerRetriever.java"
glide,8584b450f3af6c18e0393a3bff015a62a08d5eb5,"library/src/main/java/com/bumptech/glide/manager/RequestManagerRetriever.java",EXTRACT_OPERATION,"library/src/main/java/com/bumptech/glide/manager/RequestManagerRetriever.java"
glide,8584b450f3af6c18e0393a3bff015a62a08d5eb5,"library/src/main/java/com/bumptech/glide/manager/RequestManagerRetriever.java",EXTRACT_OPERATION,"library/src/main/java/com/bumptech/glide/manager/RequestManagerRetriever.java"
glide,8584b450f3af6c18e0393a3bff015a62a08d5eb5,"library/src/main/java/com/bumptech/glide/manager/RequestManagerRetriever.java",EXTRACT_OPERATION,"library/src/main/java/com/bumptech/glide/manager/RequestManagerRetriever.java"
glide,e7d16d7108554d55d01796c399bcf445a7eae050,"library/src/main/java/com/bumptech/glide/RequestManager.java",EXTRACT_AND_MOVE_OPERATION,"library/src/main/java/com/bumptech/glide/RequestManager.java; library/src/main/java/com/bumptech/glide/util/Util.java"
glide,e7d16d7108554d55d01796c399bcf445a7eae050,"library/src/main/java/com/bumptech/glide/RequestManager.java",EXTRACT_AND_MOVE_OPERATION,"library/src/main/java/com/bumptech/glide/RequestManager.java; library/src/main/java/com/bumptech/glide/util/Util.java"
glide,67b01f62c0e98bb4f517708128be3107b22367cb,"library/src/main/java/com/bumptech/glide/RequestBuilder.java",EXTRACT_OPERATION,"library/src/main/java/com/bumptech/glide/RequestBuilder.java"
glide,efe8023aed474e4bf1a596faf15ca1e4c5f9e34f,"library/src/main/java/com/bumptech/glide/load/data/HttpUrlFetcher.java",EXTRACT_OPERATION,"library/src/main/java/com/bumptech/glide/load/data/HttpUrlFetcher.java"
glide,efe8023aed474e4bf1a596faf15ca1e4c5f9e34f,"library/src/main/java/com/bumptech/glide/load/data/HttpUrlFetcher.java",EXTRACT_OPERATION,"library/src/main/java/com/bumptech/glide/load/data/HttpUrlFetcher.java"
glide,7aaeb41625f7878611745ebf9c91f5ce336425b2,"library/src/main/java/com/bumptech/glide/load/data/HttpUrlFetcher.java",EXTRACT_OPERATION,"library/src/main/java/com/bumptech/glide/load/data/HttpUrlFetcher.java"
glide,7aaeb41625f7878611745ebf9c91f5ce336425b2,"library/src/main/java/com/bumptech/glide/load/data/HttpUrlFetcher.java",EXTRACT_OPERATION,"library/src/main/java/com/bumptech/glide/load/data/HttpUrlFetcher.java"
glide,0647c410a0a6dc918f56ff3a4105557dc5313477,"library/src/main/java/com/bumptech/glide/load/resource/bitmap/HardwareConfigState.java",EXTRACT_OPERATION,"library/src/main/java/com/bumptech/glide/load/resource/bitmap/HardwareConfigState.java"
glide,9281d8ed45591279b5fe646b136c956624a5da24,"library/src/main/java/com/bumptech/glide/load/ImageHeaderParserUtils.java",EXTRACT_OPERATION,"library/src/main/java/com/bumptech/glide/load/ImageHeaderParserUtils.java"
glide,9281d8ed45591279b5fe646b136c956624a5da24,"library/src/main/java/com/bumptech/glide/load/ImageHeaderParserUtils.java",EXTRACT_OPERATION,"library/src/main/java/com/bumptech/glide/load/ImageHeaderParserUtils.java"
glide,9281d8ed45591279b5fe646b136c956624a5da24,"library/src/main/java/com/bumptech/glide/load/ImageHeaderParserUtils.java",EXTRACT_OPERATION,"library/src/main/java/com/bumptech/glide/load/ImageHeaderParserUtils.java"
glide,9281d8ed45591279b5fe646b136c956624a5da24,"library/src/main/java/com/bumptech/glide/load/resource/bitmap/Downsampler.java",EXTRACT_OPERATION,"library/src/main/java/com/bumptech/glide/load/resource/bitmap/Downsampler.java"
glide,a7492f9439124f592a8458c2d6d54aa25a52abe6,"library/src/main/java/com/bumptech/glide/load/data/ParcelFileDescriptorRewinder.java",EXTRACT_CLASS,"library/src/main/java/com/bumptech/glide/load/data/ParcelFileDescriptorRewinder.java; library/src/main/java/com/bumptech/glide/load/data/ParcelFileDescriptorRewinder.java"
glide,1ed76ee49eae26999e808ce6fc18b2c43a192751,"library/src/main/java/com/bumptech/glide/load/ImageHeaderParserUtils.java",EXTRACT_OPERATION,"library/src/main/java/com/bumptech/glide/load/ImageHeaderParserUtils.java"
glide,1ed76ee49eae26999e808ce6fc18b2c43a192751,"library/src/main/java/com/bumptech/glide/load/ImageHeaderParserUtils.java",EXTRACT_OPERATION,"library/src/main/java/com/bumptech/glide/load/ImageHeaderParserUtils.java"
glide,1ed76ee49eae26999e808ce6fc18b2c43a192751,"library/src/main/java/com/bumptech/glide/load/ImageHeaderParserUtils.java",EXTRACT_OPERATION,"library/src/main/java/com/bumptech/glide/load/ImageHeaderParserUtils.java"
glide,1ed76ee49eae26999e808ce6fc18b2c43a192751,"library/src/main/java/com/bumptech/glide/load/resource/bitmap/Downsampler.java",EXTRACT_OPERATION,"library/src/main/java/com/bumptech/glide/load/resource/bitmap/Downsampler.java"
glide,d40198ec7ca9ae47188dcffcbf718a36d8db11e9,"library/src/main/java/com/bumptech/glide/load/resource/bitmap/DefaultImageHeaderParser.java",EXTRACT_OPERATION,"library/src/main/java/com/bumptech/glide/load/resource/bitmap/DefaultImageHeaderParser.java"
glide,0ffcb685bbd1baf43315d9055e78c9f49d618504,"integration/concurrent/src/main/java/com/bumptech/glide/integration/concurrent/GlideFutures.java",EXTRACT_OPERATION,"integration/concurrent/src/main/java/com/bumptech/glide/integration/concurrent/GlideFutures.java"
glide,95fe2eee96bce0432d7c0991fdda9601d2505c61,"library/src/main/java/com/bumptech/glide/load/resource/bitmap/Downsampler.java",EXTRACT_OPERATION,"library/src/main/java/com/bumptech/glide/load/resource/bitmap/Downsampler.java"
glide,e8720ff7fae73941d8ce04fa710d39f4cf92c1e5,"library/src/main/java/com/bumptech/glide/load/engine/executor/GlideExecutor.java",EXTRACT_OPERATION,"library/src/main/java/com/bumptech/glide/load/engine/executor/GlideExecutor.java"
glide,79dac0d1f522cab3d254f0fb91264e06e09568c6,"library/src/main/java/com/bumptech/glide/load/resource/bitmap/Downsampler.java",EXTRACT_OPERATION,"library/src/main/java/com/bumptech/glide/load/resource/bitmap/Downsampler.java"
glide,f36a9fa9182227d7cebb3b5eaa6cc26e7d26aea5,"library/src/main/java/com/bumptech/glide/load/resource/bitmap/TransformationUtils.java",EXTRACT_OPERATION,"library/src/main/java/com/bumptech/glide/load/resource/bitmap/TransformationUtils.java"
glide,5cccdfba8bbced57669629f93c92a59eb0439382,"library/test/src/test/java/com/bumptech/glide/load/engine/EngineJobTest.java",EXTRACT_OPERATION,"library/test/src/test/java/com/bumptech/glide/load/engine/EngineJobTest.java"
glide,5cccdfba8bbced57669629f93c92a59eb0439382,"library/test/src/test/java/com/bumptech/glide/load/engine/EngineJobTest.java",EXTRACT_OPERATION,"library/test/src/test/java/com/bumptech/glide/load/engine/EngineJobTest.java"
glide,5cccdfba8bbced57669629f93c92a59eb0439382,"library/test/src/test/java/com/bumptech/glide/load/engine/EngineJobTest.java",EXTRACT_OPERATION,"library/test/src/test/java/com/bumptech/glide/load/engine/EngineJobTest.java"
glide,5cccdfba8bbced57669629f93c92a59eb0439382,"library/test/src/test/java/com/bumptech/glide/load/engine/EngineJobTest.java",EXTRACT_OPERATION,"library/test/src/test/java/com/bumptech/glide/load/engine/EngineJobTest.java"
glide,5cccdfba8bbced57669629f93c92a59eb0439382,"library/test/src/test/java/com/bumptech/glide/load/engine/EngineJobTest.java",EXTRACT_OPERATION,"library/test/src/test/java/com/bumptech/glide/load/engine/EngineJobTest.java"
glide,5cccdfba8bbced57669629f93c92a59eb0439382,"library/test/src/test/java/com/bumptech/glide/load/engine/EngineJobTest.java",EXTRACT_OPERATION,"library/test/src/test/java/com/bumptech/glide/load/engine/EngineJobTest.java"
glide,5cccdfba8bbced57669629f93c92a59eb0439382,"library/test/src/test/java/com/bumptech/glide/load/engine/EngineJobTest.java",EXTRACT_OPERATION,"library/test/src/test/java/com/bumptech/glide/load/engine/EngineJobTest.java"
glide,5cccdfba8bbced57669629f93c92a59eb0439382,"library/test/src/test/java/com/bumptech/glide/load/engine/EngineJobTest.java",EXTRACT_OPERATION,"library/test/src/test/java/com/bumptech/glide/load/engine/EngineJobTest.java"
glide,5cccdfba8bbced57669629f93c92a59eb0439382,"library/test/src/test/java/com/bumptech/glide/load/engine/EngineJobTest.java",EXTRACT_OPERATION,"library/test/src/test/java/com/bumptech/glide/load/engine/EngineJobTest.java"
glide,5cccdfba8bbced57669629f93c92a59eb0439382,"library/test/src/test/java/com/bumptech/glide/load/engine/EngineJobTest.java",EXTRACT_OPERATION,"library/test/src/test/java/com/bumptech/glide/load/engine/EngineJobTest.java"
glide,43482489ab7c228cfc8aeba08e886ca01b944e39,"library/src/main/java/com/bumptech/glide/load/resource/bitmap/TransformationUtils.java",EXTRACT_OPERATION,"library/src/main/java/com/bumptech/glide/load/resource/bitmap/TransformationUtils.java"
glide,3d8f16981df3d3078bc510fd89de2d4add40bf1a,"library/test/src/test/java/com/bumptech/glide/request/ErrorRequestCoordinatorTest.java",MOVE_AND_RENAME_OPERATION,"library/test/src/test/java/com/bumptech/glide/request/ThumbnailRequestCoordinatorTest.java"
glide,3d8f16981df3d3078bc510fd89de2d4add40bf1a,"library/test/src/test/java/com/bumptech/glide/request/ThumbnailRequestCoordinatorTest.java",MOVE_AND_RENAME_OPERATION,"library/test/src/test/java/com/bumptech/glide/request/ErrorRequestCoordinatorTest.java"
glide,b2a46ef7a385abd5df38ee11b8be85868768739e,"instrumentation/src/androidTest/java/com/bumptech/glide/test/ConcurrencyHelper.java",EXTRACT_OPERATION,"instrumentation/src/androidTest/java/com/bumptech/glide/test/ConcurrencyHelper.java"
glide,b2a46ef7a385abd5df38ee11b8be85868768739e,"instrumentation/src/androidTest/java/com/bumptech/glide/test/ConcurrencyHelper.java",EXTRACT_OPERATION,"instrumentation/src/androidTest/java/com/bumptech/glide/test/ConcurrencyHelper.java"
glide,b2a46ef7a385abd5df38ee11b8be85868768739e,"library/test/src/test/java/com/bumptech/glide/request/ErrorRequestCoordinatorTest.java",EXTRACT_OPERATION,"library/test/src/test/java/com/bumptech/glide/request/ErrorRequestCoordinatorTest.java"
glide,b2a46ef7a385abd5df38ee11b8be85868768739e,"library/test/src/test/java/com/bumptech/glide/request/ErrorRequestCoordinatorTest.java",EXTRACT_OPERATION,"library/test/src/test/java/com/bumptech/glide/request/ErrorRequestCoordinatorTest.java"
glide,b2a46ef7a385abd5df38ee11b8be85868768739e,"library/test/src/test/java/com/bumptech/glide/request/ErrorRequestCoordinatorTest.java",EXTRACT_OPERATION,"library/test/src/test/java/com/bumptech/glide/request/ErrorRequestCoordinatorTest.java"
glide,b2a46ef7a385abd5df38ee11b8be85868768739e,"library/test/src/test/java/com/bumptech/glide/request/ErrorRequestCoordinatorTest.java",EXTRACT_OPERATION,"library/test/src/test/java/com/bumptech/glide/request/ErrorRequestCoordinatorTest.java"
glide,b2a46ef7a385abd5df38ee11b8be85868768739e,"library/test/src/test/java/com/bumptech/glide/request/ErrorRequestCoordinatorTest.java",EXTRACT_OPERATION,"library/test/src/test/java/com/bumptech/glide/request/ErrorRequestCoordinatorTest.java"
glide,b2a46ef7a385abd5df38ee11b8be85868768739e,"library/test/src/test/java/com/bumptech/glide/request/ErrorRequestCoordinatorTest.java",EXTRACT_OPERATION,"library/test/src/test/java/com/bumptech/glide/request/ErrorRequestCoordinatorTest.java"
glide,b2a46ef7a385abd5df38ee11b8be85868768739e,"library/test/src/test/java/com/bumptech/glide/request/ErrorRequestCoordinatorTest.java",EXTRACT_OPERATION,"library/test/src/test/java/com/bumptech/glide/request/ErrorRequestCoordinatorTest.java"
glide,b2a46ef7a385abd5df38ee11b8be85868768739e,"library/test/src/test/java/com/bumptech/glide/request/ErrorRequestCoordinatorTest.java",EXTRACT_OPERATION,"library/test/src/test/java/com/bumptech/glide/request/ErrorRequestCoordinatorTest.java"
glide,b2a46ef7a385abd5df38ee11b8be85868768739e,"library/test/src/test/java/com/bumptech/glide/request/ErrorRequestCoordinatorTest.java",EXTRACT_OPERATION,"library/test/src/test/java/com/bumptech/glide/request/ErrorRequestCoordinatorTest.java"
glide,b2a46ef7a385abd5df38ee11b8be85868768739e,"library/test/src/test/java/com/bumptech/glide/request/ErrorRequestCoordinatorTest.java",EXTRACT_OPERATION,"library/test/src/test/java/com/bumptech/glide/request/ErrorRequestCoordinatorTest.java"
glide,b2a46ef7a385abd5df38ee11b8be85868768739e,"library/test/src/test/java/com/bumptech/glide/request/ErrorRequestCoordinatorTest.java",EXTRACT_OPERATION,"library/test/src/test/java/com/bumptech/glide/request/ErrorRequestCoordinatorTest.java"
glide,b2a46ef7a385abd5df38ee11b8be85868768739e,"library/test/src/test/java/com/bumptech/glide/request/ErrorRequestCoordinatorTest.java",EXTRACT_OPERATION,"library/test/src/test/java/com/bumptech/glide/request/ErrorRequestCoordinatorTest.java"
glide,b2a46ef7a385abd5df38ee11b8be85868768739e,"library/test/src/test/java/com/bumptech/glide/request/ErrorRequestCoordinatorTest.java",EXTRACT_OPERATION,"library/test/src/test/java/com/bumptech/glide/request/ErrorRequestCoordinatorTest.java"
glide,b2a46ef7a385abd5df38ee11b8be85868768739e,"library/test/src/test/java/com/bumptech/glide/request/ErrorRequestCoordinatorTest.java",EXTRACT_OPERATION,"library/test/src/test/java/com/bumptech/glide/request/ErrorRequestCoordinatorTest.java"
glide,b2a46ef7a385abd5df38ee11b8be85868768739e,"library/test/src/test/java/com/bumptech/glide/request/ErrorRequestCoordinatorTest.java",EXTRACT_OPERATION,"library/test/src/test/java/com/bumptech/glide/request/ErrorRequestCoordinatorTest.java"
glide,b2a46ef7a385abd5df38ee11b8be85868768739e,"library/test/src/test/java/com/bumptech/glide/request/ErrorRequestCoordinatorTest.java",EXTRACT_OPERATION,"library/test/src/test/java/com/bumptech/glide/request/ErrorRequestCoordinatorTest.java"
glide,b2a46ef7a385abd5df38ee11b8be85868768739e,"library/test/src/test/java/com/bumptech/glide/request/ErrorRequestCoordinatorTest.java",EXTRACT_OPERATION,"library/test/src/test/java/com/bumptech/glide/request/ErrorRequestCoordinatorTest.java"
glide,b2a46ef7a385abd5df38ee11b8be85868768739e,"library/test/src/test/java/com/bumptech/glide/request/ErrorRequestCoordinatorTest.java",EXTRACT_OPERATION,"library/test/src/test/java/com/bumptech/glide/request/ErrorRequestCoordinatorTest.java"
glide,b2a46ef7a385abd5df38ee11b8be85868768739e,"library/test/src/test/java/com/bumptech/glide/request/ErrorRequestCoordinatorTest.java",EXTRACT_OPERATION,"library/test/src/test/java/com/bumptech/glide/request/ErrorRequestCoordinatorTest.java"
glide,b2a46ef7a385abd5df38ee11b8be85868768739e,"library/test/src/test/java/com/bumptech/glide/request/ErrorRequestCoordinatorTest.java",EXTRACT_OPERATION,"library/test/src/test/java/com/bumptech/glide/request/ErrorRequestCoordinatorTest.java"
glide,b2a46ef7a385abd5df38ee11b8be85868768739e,"library/test/src/test/java/com/bumptech/glide/request/ErrorRequestCoordinatorTest.java",EXTRACT_OPERATION,"library/test/src/test/java/com/bumptech/glide/request/ErrorRequestCoordinatorTest.java"
glide,b2a46ef7a385abd5df38ee11b8be85868768739e,"library/test/src/test/java/com/bumptech/glide/request/ErrorRequestCoordinatorTest.java",EXTRACT_OPERATION,"library/test/src/test/java/com/bumptech/glide/request/ErrorRequestCoordinatorTest.java"
glide,b2a46ef7a385abd5df38ee11b8be85868768739e,"library/test/src/test/java/com/bumptech/glide/request/ErrorRequestCoordinatorTest.java",EXTRACT_OPERATION,"library/test/src/test/java/com/bumptech/glide/request/ErrorRequestCoordinatorTest.java"
glide,b2a46ef7a385abd5df38ee11b8be85868768739e,"library/test/src/test/java/com/bumptech/glide/request/ErrorRequestCoordinatorTest.java",EXTRACT_OPERATION,"library/test/src/test/java/com/bumptech/glide/request/ErrorRequestCoordinatorTest.java"
glide,b2a46ef7a385abd5df38ee11b8be85868768739e,"library/test/src/test/java/com/bumptech/glide/request/ErrorRequestCoordinatorTest.java",EXTRACT_OPERATION,"library/test/src/test/java/com/bumptech/glide/request/ErrorRequestCoordinatorTest.java"
glide,b2a46ef7a385abd5df38ee11b8be85868768739e,"library/test/src/test/java/com/bumptech/glide/request/ErrorRequestCoordinatorTest.java",EXTRACT_OPERATION,"library/test/src/test/java/com/bumptech/glide/request/ErrorRequestCoordinatorTest.java"
glide,b2a46ef7a385abd5df38ee11b8be85868768739e,"library/test/src/test/java/com/bumptech/glide/request/ErrorRequestCoordinatorTest.java",EXTRACT_OPERATION,"library/test/src/test/java/com/bumptech/glide/request/ErrorRequestCoordinatorTest.java"
glide,b2a46ef7a385abd5df38ee11b8be85868768739e,"library/test/src/test/java/com/bumptech/glide/request/ErrorRequestCoordinatorTest.java",EXTRACT_OPERATION,"library/test/src/test/java/com/bumptech/glide/request/ErrorRequestCoordinatorTest.java"
glide,b2a46ef7a385abd5df38ee11b8be85868768739e,"library/test/src/test/java/com/bumptech/glide/request/ErrorRequestCoordinatorTest.java",EXTRACT_OPERATION,"library/test/src/test/java/com/bumptech/glide/request/ErrorRequestCoordinatorTest.java"
glide,b2a46ef7a385abd5df38ee11b8be85868768739e,"library/test/src/test/java/com/bumptech/glide/request/ErrorRequestCoordinatorTest.java",EXTRACT_OPERATION,"library/test/src/test/java/com/bumptech/glide/request/ErrorRequestCoordinatorTest.java"
glide,b2a46ef7a385abd5df38ee11b8be85868768739e,"library/test/src/test/java/com/bumptech/glide/request/ThumbnailRequestCoordinatorTest.java",EXTRACT_OPERATION,"library/test/src/test/java/com/bumptech/glide/request/ThumbnailRequestCoordinatorTest.java"
glide,b2a46ef7a385abd5df38ee11b8be85868768739e,"library/test/src/test/java/com/bumptech/glide/request/ThumbnailRequestCoordinatorTest.java",EXTRACT_OPERATION,"library/test/src/test/java/com/bumptech/glide/request/ThumbnailRequestCoordinatorTest.java"
glide,b2a46ef7a385abd5df38ee11b8be85868768739e,"library/test/src/test/java/com/bumptech/glide/request/ThumbnailRequestCoordinatorTest.java",EXTRACT_OPERATION,"library/test/src/test/java/com/bumptech/glide/request/ThumbnailRequestCoordinatorTest.java"
glide,b2a46ef7a385abd5df38ee11b8be85868768739e,"library/test/src/test/java/com/bumptech/glide/request/ThumbnailRequestCoordinatorTest.java",EXTRACT_OPERATION,"library/test/src/test/java/com/bumptech/glide/request/ThumbnailRequestCoordinatorTest.java"
glide,b2a46ef7a385abd5df38ee11b8be85868768739e,"library/test/src/test/java/com/bumptech/glide/request/ThumbnailRequestCoordinatorTest.java",EXTRACT_OPERATION,"library/test/src/test/java/com/bumptech/glide/request/ThumbnailRequestCoordinatorTest.java"
glide,b2a46ef7a385abd5df38ee11b8be85868768739e,"library/test/src/test/java/com/bumptech/glide/request/ThumbnailRequestCoordinatorTest.java",EXTRACT_OPERATION,"library/test/src/test/java/com/bumptech/glide/request/ThumbnailRequestCoordinatorTest.java"
glide,b2a46ef7a385abd5df38ee11b8be85868768739e,"library/test/src/test/java/com/bumptech/glide/request/ThumbnailRequestCoordinatorTest.java",EXTRACT_OPERATION,"library/test/src/test/java/com/bumptech/glide/request/ThumbnailRequestCoordinatorTest.java"
glide,b2a46ef7a385abd5df38ee11b8be85868768739e,"library/test/src/test/java/com/bumptech/glide/request/ThumbnailRequestCoordinatorTest.java",EXTRACT_OPERATION,"library/test/src/test/java/com/bumptech/glide/request/ThumbnailRequestCoordinatorTest.java"
glide,b2a46ef7a385abd5df38ee11b8be85868768739e,"library/test/src/test/java/com/bumptech/glide/request/ThumbnailRequestCoordinatorTest.java",EXTRACT_OPERATION,"library/test/src/test/java/com/bumptech/glide/request/ThumbnailRequestCoordinatorTest.java"
glide,b2a46ef7a385abd5df38ee11b8be85868768739e,"library/test/src/test/java/com/bumptech/glide/request/ThumbnailRequestCoordinatorTest.java",EXTRACT_OPERATION,"library/test/src/test/java/com/bumptech/glide/request/ThumbnailRequestCoordinatorTest.java"
glide,b2a46ef7a385abd5df38ee11b8be85868768739e,"library/test/src/test/java/com/bumptech/glide/request/ThumbnailRequestCoordinatorTest.java",EXTRACT_OPERATION,"library/test/src/test/java/com/bumptech/glide/request/ThumbnailRequestCoordinatorTest.java"
glide,b2a46ef7a385abd5df38ee11b8be85868768739e,"library/test/src/test/java/com/bumptech/glide/request/ThumbnailRequestCoordinatorTest.java",EXTRACT_OPERATION,"library/test/src/test/java/com/bumptech/glide/request/ThumbnailRequestCoordinatorTest.java"
glide,b2a46ef7a385abd5df38ee11b8be85868768739e,"library/test/src/test/java/com/bumptech/glide/request/ThumbnailRequestCoordinatorTest.java",EXTRACT_OPERATION,"library/test/src/test/java/com/bumptech/glide/request/ThumbnailRequestCoordinatorTest.java"
glide,b2a46ef7a385abd5df38ee11b8be85868768739e,"library/test/src/test/java/com/bumptech/glide/request/ThumbnailRequestCoordinatorTest.java",EXTRACT_OPERATION,"library/test/src/test/java/com/bumptech/glide/request/ThumbnailRequestCoordinatorTest.java"
glide,b2a46ef7a385abd5df38ee11b8be85868768739e,"library/test/src/test/java/com/bumptech/glide/request/ThumbnailRequestCoordinatorTest.java",EXTRACT_OPERATION,"library/test/src/test/java/com/bumptech/glide/request/ThumbnailRequestCoordinatorTest.java"
glide,b2a46ef7a385abd5df38ee11b8be85868768739e,"library/test/src/test/java/com/bumptech/glide/request/ThumbnailRequestCoordinatorTest.java",EXTRACT_OPERATION,"library/test/src/test/java/com/bumptech/glide/request/ThumbnailRequestCoordinatorTest.java"
glide,b2a46ef7a385abd5df38ee11b8be85868768739e,"library/test/src/test/java/com/bumptech/glide/request/ErrorRequestCoordinatorTest.java",MOVE_AND_RENAME_OPERATION,"library/test/src/test/java/com/bumptech/glide/request/ThumbnailRequestCoordinatorTest.java"
glide,288866e446b0efebc865b74e0a1ed4eee43856b1,"integration/gifencoder/src/test/java/com/bumptech/glide/integration/gifencoder/ReEncodingGifResourceEncoderTest.java",EXTRACT_OPERATION,"integration/gifencoder/src/test/java/com/bumptech/glide/integration/gifencoder/ReEncodingGifResourceEncoderTest.java"
glide,288866e446b0efebc865b74e0a1ed4eee43856b1,"integration/gifencoder/src/test/java/com/bumptech/glide/integration/gifencoder/ReEncodingGifResourceEncoderTest.java",EXTRACT_OPERATION,"integration/gifencoder/src/test/java/com/bumptech/glide/integration/gifencoder/ReEncodingGifResourceEncoderTest.java"
glide,288866e446b0efebc865b74e0a1ed4eee43856b1,"integration/gifencoder/src/test/java/com/bumptech/glide/integration/gifencoder/ReEncodingGifResourceEncoderTest.java",EXTRACT_OPERATION,"integration/gifencoder/src/test/java/com/bumptech/glide/integration/gifencoder/ReEncodingGifResourceEncoderTest.java"
glide,288866e446b0efebc865b74e0a1ed4eee43856b1,"integration/gifencoder/src/test/java/com/bumptech/glide/integration/gifencoder/ReEncodingGifResourceEncoderTest.java",EXTRACT_OPERATION,"integration/gifencoder/src/test/java/com/bumptech/glide/integration/gifencoder/ReEncodingGifResourceEncoderTest.java"
glide,288866e446b0efebc865b74e0a1ed4eee43856b1,"library/test/src/test/java/com/bumptech/glide/load/engine/EngineTest.java",EXTRACT_OPERATION,"library/test/src/test/java/com/bumptech/glide/load/engine/EngineTest.java"
glide,288866e446b0efebc865b74e0a1ed4eee43856b1,"library/test/src/test/java/com/bumptech/glide/load/engine/EngineTest.java",EXTRACT_OPERATION,"library/test/src/test/java/com/bumptech/glide/load/engine/EngineTest.java"
glide,288866e446b0efebc865b74e0a1ed4eee43856b1,"library/test/src/test/java/com/bumptech/glide/load/engine/EngineTest.java",EXTRACT_OPERATION,"library/test/src/test/java/com/bumptech/glide/load/engine/EngineTest.java"
glide,288866e446b0efebc865b74e0a1ed4eee43856b1,"library/test/src/test/java/com/bumptech/glide/load/engine/EngineTest.java",EXTRACT_OPERATION,"library/test/src/test/java/com/bumptech/glide/load/engine/EngineTest.java"
glide,288866e446b0efebc865b74e0a1ed4eee43856b1,"library/test/src/test/java/com/bumptech/glide/load/engine/EngineTest.java",EXTRACT_OPERATION,"library/test/src/test/java/com/bumptech/glide/load/engine/EngineTest.java"
glide,288866e446b0efebc865b74e0a1ed4eee43856b1,"library/test/src/test/java/com/bumptech/glide/load/engine/EngineTest.java",EXTRACT_OPERATION,"library/test/src/test/java/com/bumptech/glide/load/engine/EngineTest.java"
glide,288866e446b0efebc865b74e0a1ed4eee43856b1,"library/test/src/test/java/com/bumptech/glide/load/engine/EngineTest.java",EXTRACT_OPERATION,"library/test/src/test/java/com/bumptech/glide/load/engine/EngineTest.java"
glide,288866e446b0efebc865b74e0a1ed4eee43856b1,"library/test/src/test/java/com/bumptech/glide/load/engine/EngineTest.java",EXTRACT_OPERATION,"library/test/src/test/java/com/bumptech/glide/load/engine/EngineTest.java"
glide,288866e446b0efebc865b74e0a1ed4eee43856b1,"library/test/src/test/java/com/bumptech/glide/load/engine/EngineTest.java",EXTRACT_OPERATION,"library/test/src/test/java/com/bumptech/glide/load/engine/EngineTest.java"
glide,288866e446b0efebc865b74e0a1ed4eee43856b1,"library/test/src/test/java/com/bumptech/glide/load/engine/EngineTest.java",EXTRACT_OPERATION,"library/test/src/test/java/com/bumptech/glide/load/engine/EngineTest.java"
glide,288866e446b0efebc865b74e0a1ed4eee43856b1,"library/test/src/test/java/com/bumptech/glide/load/engine/EngineTest.java",EXTRACT_OPERATION,"library/test/src/test/java/com/bumptech/glide/load/engine/EngineTest.java"
glide,288866e446b0efebc865b74e0a1ed4eee43856b1,"library/test/src/test/java/com/bumptech/glide/load/engine/EngineTest.java",EXTRACT_OPERATION,"library/test/src/test/java/com/bumptech/glide/load/engine/EngineTest.java"
glide,288866e446b0efebc865b74e0a1ed4eee43856b1,"library/test/src/test/java/com/bumptech/glide/load/engine/EngineTest.java",EXTRACT_OPERATION,"library/test/src/test/java/com/bumptech/glide/load/engine/EngineTest.java"
glide,288866e446b0efebc865b74e0a1ed4eee43856b1,"library/test/src/test/java/com/bumptech/glide/load/engine/EngineTest.java",EXTRACT_OPERATION,"library/test/src/test/java/com/bumptech/glide/load/engine/EngineTest.java"
glide,288866e446b0efebc865b74e0a1ed4eee43856b1,"library/test/src/test/java/com/bumptech/glide/load/engine/EngineTest.java",EXTRACT_OPERATION,"library/test/src/test/java/com/bumptech/glide/load/engine/EngineTest.java"
glide,288866e446b0efebc865b74e0a1ed4eee43856b1,"library/test/src/test/java/com/bumptech/glide/load/engine/EngineTest.java",EXTRACT_OPERATION,"library/test/src/test/java/com/bumptech/glide/load/engine/EngineTest.java"
glide,288866e446b0efebc865b74e0a1ed4eee43856b1,"library/test/src/test/java/com/bumptech/glide/load/engine/EngineTest.java",EXTRACT_OPERATION,"library/test/src/test/java/com/bumptech/glide/load/engine/EngineTest.java"
glide,288866e446b0efebc865b74e0a1ed4eee43856b1,"library/test/src/test/java/com/bumptech/glide/load/engine/EngineTest.java",EXTRACT_OPERATION,"library/test/src/test/java/com/bumptech/glide/load/engine/EngineTest.java"
glide,288866e446b0efebc865b74e0a1ed4eee43856b1,"library/test/src/test/java/com/bumptech/glide/load/engine/EngineTest.java",EXTRACT_OPERATION,"library/test/src/test/java/com/bumptech/glide/load/engine/EngineTest.java"
glide,288866e446b0efebc865b74e0a1ed4eee43856b1,"library/test/src/test/java/com/bumptech/glide/request/SingleRequestTest.java",EXTRACT_OPERATION,"library/test/src/test/java/com/bumptech/glide/request/SingleRequestTest.java"
glide,288866e446b0efebc865b74e0a1ed4eee43856b1,"library/test/src/test/java/com/bumptech/glide/request/SingleRequestTest.java",EXTRACT_OPERATION,"library/test/src/test/java/com/bumptech/glide/request/SingleRequestTest.java"
glide,288866e446b0efebc865b74e0a1ed4eee43856b1,"library/test/src/test/java/com/bumptech/glide/request/transition/ViewAnimationTest.java",EXTRACT_OPERATION,"library/test/src/test/java/com/bumptech/glide/request/transition/ViewAnimationTest.java"
glide,288866e446b0efebc865b74e0a1ed4eee43856b1,"library/test/src/test/java/com/bumptech/glide/request/transition/ViewTransitionAnimationFactoryTest.java",EXTRACT_OPERATION,"library/test/src/test/java/com/bumptech/glide/request/transition/ViewTransitionAnimationFactoryTest.java"
glide,b96b00096607cee23763e4dd049a297d85b89911,"library/src/main/java/com/bumptech/glide/load/engine/Engine.java",EXTRACT_OPERATION,"library/src/main/java/com/bumptech/glide/load/engine/Engine.java"
glide,b96b00096607cee23763e4dd049a297d85b89911,"library/src/main/java/com/bumptech/glide/load/engine/Engine.java",EXTRACT_OPERATION,"library/src/main/java/com/bumptech/glide/load/engine/Engine.java"
glide,01e8543d6c7115a911a89f091196247e140f7c89,"library/src/main/java/com/bumptech/glide/load/resource/bitmap/HardwareConfigState.java",EXTRACT_OPERATION,"library/src/main/java/com/bumptech/glide/load/resource/bitmap/HardwareConfigState.java"
glide,d8278f43a94484f20822170b71ac7b66269a2aa6,"annotation/compiler/src/main/java/com/bumptech/glide/annotation/compiler/ProcessorUtil.java",EXTRACT_OPERATION,"annotation/compiler/src/main/java/com/bumptech/glide/annotation/compiler/ProcessorUtil.java"
glide,d8278f43a94484f20822170b71ac7b66269a2aa6,"annotation/compiler/src/main/java/com/bumptech/glide/annotation/compiler/ProcessorUtil.java",EXTRACT_OPERATION,"annotation/compiler/src/main/java/com/bumptech/glide/annotation/compiler/ProcessorUtil.java"
glide,d8278f43a94484f20822170b71ac7b66269a2aa6,"annotation/compiler/src/main/java/com/bumptech/glide/annotation/compiler/ProcessorUtil.java",EXTRACT_OPERATION,"annotation/compiler/src/main/java/com/bumptech/glide/annotation/compiler/ProcessorUtil.java"
glide,65fb4c01167a8b77416a4ff0f2d85e56c7d8c177,"third_party/disklrucache/src/main/java/com/bumptech/glide/disklrucache/DiskLruCache.java",EXTRACT_OPERATION,"third_party/disklrucache/src/main/java/com/bumptech/glide/disklrucache/DiskLruCache.java"
glide,65fb4c01167a8b77416a4ff0f2d85e56c7d8c177,"third_party/disklrucache/src/main/java/com/bumptech/glide/disklrucache/DiskLruCache.java",EXTRACT_OPERATION,"third_party/disklrucache/src/main/java/com/bumptech/glide/disklrucache/DiskLruCache.java"
glide,65fb4c01167a8b77416a4ff0f2d85e56c7d8c177,"third_party/disklrucache/src/main/java/com/bumptech/glide/disklrucache/DiskLruCache.java",EXTRACT_OPERATION,"third_party/disklrucache/src/main/java/com/bumptech/glide/disklrucache/DiskLruCache.java"
glide,65fb4c01167a8b77416a4ff0f2d85e56c7d8c177,"third_party/disklrucache/src/main/java/com/bumptech/glide/disklrucache/DiskLruCache.java",EXTRACT_OPERATION,"third_party/disklrucache/src/main/java/com/bumptech/glide/disklrucache/DiskLruCache.java"
glide,65fb4c01167a8b77416a4ff0f2d85e56c7d8c177,"third_party/disklrucache/src/main/java/com/bumptech/glide/disklrucache/DiskLruCache.java",EXTRACT_OPERATION,"third_party/disklrucache/src/main/java/com/bumptech/glide/disklrucache/DiskLruCache.java"
glide,342b5faae9451f7c609cf83269cddc3a5d170e83,"library/src/main/java/com/bumptech/glide/request/target/AppWidgetTarget.java",EXTRACT_OPERATION,"library/src/main/java/com/bumptech/glide/request/target/AppWidgetTarget.java"
glide,342b5faae9451f7c609cf83269cddc3a5d170e83,"library/src/main/java/com/bumptech/glide/request/target/NotificationTarget.java",EXTRACT_OPERATION,"library/src/main/java/com/bumptech/glide/request/target/NotificationTarget.java"
glide,fa7cb2f52d388497411204419bdb88006f1b0e17,"library/src/main/java/com/bumptech/glide/GlideBuilder.java",EXTRACT_OPERATION,"library/src/main/java/com/bumptech/glide/GlideBuilder.java"
glide,53438b90f982d27652c2bae7cd9daf9be8d5a03a,"library/test/src/test/java/com/bumptech/glide/load/engine/ActiveResourcesTest.java",EXTRACT_OPERATION,"library/test/src/test/java/com/bumptech/glide/load/engine/ActiveResourcesTest.java"
glide,53438b90f982d27652c2bae7cd9daf9be8d5a03a,"library/test/src/test/java/com/bumptech/glide/load/engine/ActiveResourcesTest.java",EXTRACT_OPERATION,"library/test/src/test/java/com/bumptech/glide/load/engine/ActiveResourcesTest.java"
glide,53438b90f982d27652c2bae7cd9daf9be8d5a03a,"library/test/src/test/java/com/bumptech/glide/load/engine/ActiveResourcesTest.java",EXTRACT_OPERATION,"library/test/src/test/java/com/bumptech/glide/load/engine/ActiveResourcesTest.java"
glide,53438b90f982d27652c2bae7cd9daf9be8d5a03a,"library/test/src/test/java/com/bumptech/glide/load/engine/ActiveResourcesTest.java",EXTRACT_OPERATION,"library/test/src/test/java/com/bumptech/glide/load/engine/ActiveResourcesTest.java"
glide,53438b90f982d27652c2bae7cd9daf9be8d5a03a,"library/test/src/test/java/com/bumptech/glide/load/engine/ActiveResourcesTest.java",EXTRACT_OPERATION,"library/test/src/test/java/com/bumptech/glide/load/engine/ActiveResourcesTest.java"
glide,53438b90f982d27652c2bae7cd9daf9be8d5a03a,"library/test/src/test/java/com/bumptech/glide/load/engine/ActiveResourcesTest.java",EXTRACT_OPERATION,"library/test/src/test/java/com/bumptech/glide/load/engine/ActiveResourcesTest.java"
glide,53438b90f982d27652c2bae7cd9daf9be8d5a03a,"library/test/src/test/java/com/bumptech/glide/load/engine/ActiveResourcesTest.java",EXTRACT_OPERATION,"library/test/src/test/java/com/bumptech/glide/load/engine/ActiveResourcesTest.java"
glide,53438b90f982d27652c2bae7cd9daf9be8d5a03a,"library/test/src/test/java/com/bumptech/glide/load/engine/ActiveResourcesTest.java",EXTRACT_OPERATION,"library/test/src/test/java/com/bumptech/glide/load/engine/ActiveResourcesTest.java"
glide,53438b90f982d27652c2bae7cd9daf9be8d5a03a,"library/test/src/test/java/com/bumptech/glide/load/engine/ActiveResourcesTest.java",EXTRACT_OPERATION,"library/test/src/test/java/com/bumptech/glide/load/engine/ActiveResourcesTest.java"
glide,53438b90f982d27652c2bae7cd9daf9be8d5a03a,"library/test/src/test/java/com/bumptech/glide/load/engine/ActiveResourcesTest.java",EXTRACT_OPERATION,"library/test/src/test/java/com/bumptech/glide/load/engine/ActiveResourcesTest.java"
glide,53438b90f982d27652c2bae7cd9daf9be8d5a03a,"library/test/src/test/java/com/bumptech/glide/load/engine/ActiveResourcesTest.java",EXTRACT_OPERATION,"library/test/src/test/java/com/bumptech/glide/load/engine/ActiveResourcesTest.java"
glide,53438b90f982d27652c2bae7cd9daf9be8d5a03a,"library/test/src/test/java/com/bumptech/glide/load/engine/ActiveResourcesTest.java",EXTRACT_OPERATION,"library/test/src/test/java/com/bumptech/glide/load/engine/ActiveResourcesTest.java"
glide,53438b90f982d27652c2bae7cd9daf9be8d5a03a,"library/test/src/test/java/com/bumptech/glide/load/engine/ActiveResourcesTest.java",EXTRACT_OPERATION,"library/test/src/test/java/com/bumptech/glide/load/engine/ActiveResourcesTest.java"
glide,53438b90f982d27652c2bae7cd9daf9be8d5a03a,"library/test/src/test/java/com/bumptech/glide/load/engine/ActiveResourcesTest.java",EXTRACT_OPERATION,"library/test/src/test/java/com/bumptech/glide/load/engine/ActiveResourcesTest.java"
glide,53438b90f982d27652c2bae7cd9daf9be8d5a03a,"library/test/src/test/java/com/bumptech/glide/load/engine/ActiveResourcesTest.java",EXTRACT_OPERATION,"library/test/src/test/java/com/bumptech/glide/load/engine/ActiveResourcesTest.java"
glide,53438b90f982d27652c2bae7cd9daf9be8d5a03a,"library/test/src/test/java/com/bumptech/glide/load/engine/ActiveResourcesTest.java",EXTRACT_OPERATION,"library/test/src/test/java/com/bumptech/glide/load/engine/ActiveResourcesTest.java"
glide,53438b90f982d27652c2bae7cd9daf9be8d5a03a,"library/test/src/test/java/com/bumptech/glide/load/engine/ActiveResourcesTest.java",EXTRACT_OPERATION,"library/test/src/test/java/com/bumptech/glide/load/engine/ActiveResourcesTest.java"
glide,53438b90f982d27652c2bae7cd9daf9be8d5a03a,"library/test/src/test/java/com/bumptech/glide/load/engine/ActiveResourcesTest.java",EXTRACT_OPERATION,"library/test/src/test/java/com/bumptech/glide/load/engine/ActiveResourcesTest.java"
glide,53438b90f982d27652c2bae7cd9daf9be8d5a03a,"library/test/src/test/java/com/bumptech/glide/load/engine/ActiveResourcesTest.java",EXTRACT_OPERATION,"library/test/src/test/java/com/bumptech/glide/load/engine/ActiveResourcesTest.java"
glide,53438b90f982d27652c2bae7cd9daf9be8d5a03a,"library/test/src/test/java/com/bumptech/glide/load/engine/ActiveResourcesTest.java",EXTRACT_OPERATION,"library/test/src/test/java/com/bumptech/glide/load/engine/ActiveResourcesTest.java"
glide,53438b90f982d27652c2bae7cd9daf9be8d5a03a,"library/test/src/test/java/com/bumptech/glide/load/engine/ActiveResourcesTest.java",EXTRACT_OPERATION,"library/test/src/test/java/com/bumptech/glide/load/engine/ActiveResourcesTest.java"
glide,53438b90f982d27652c2bae7cd9daf9be8d5a03a,"library/test/src/test/java/com/bumptech/glide/load/engine/ActiveResourcesTest.java",EXTRACT_OPERATION,"library/test/src/test/java/com/bumptech/glide/load/engine/ActiveResourcesTest.java"
glide,53438b90f982d27652c2bae7cd9daf9be8d5a03a,"library/test/src/test/java/com/bumptech/glide/load/engine/ActiveResourcesTest.java",EXTRACT_OPERATION,"library/test/src/test/java/com/bumptech/glide/load/engine/ActiveResourcesTest.java"
glide,e2df4d068840ea04b9e448347f062b964eb0b0b7,"library/src/main/java/com/bumptech/glide/load/resource/drawable/ResourceDrawableDecoder.java",EXTRACT_OPERATION,"library/src/main/java/com/bumptech/glide/load/resource/drawable/ResourceDrawableDecoder.java"
glide,8f1ea5c07dff7ade8c49c324bcb5a7f40d0b4891,"library/src/main/java/com/bumptech/glide/load/engine/EngineJob.java",EXTRACT_OPERATION,"library/src/main/java/com/bumptech/glide/load/engine/EngineJob.java"
glide,8f1ea5c07dff7ade8c49c324bcb5a7f40d0b4891,"library/src/main/java/com/bumptech/glide/load/engine/EngineJob.java",EXTRACT_OPERATION,"library/src/main/java/com/bumptech/glide/load/engine/EngineJob.java"
glide,8f1ea5c07dff7ade8c49c324bcb5a7f40d0b4891,"library/src/main/java/com/bumptech/glide/load/engine/EngineJob.java",EXTRACT_OPERATION,"library/src/main/java/com/bumptech/glide/load/engine/EngineJob.java"
glide,8f1ea5c07dff7ade8c49c324bcb5a7f40d0b4891,"library/src/main/java/com/bumptech/glide/load/engine/EngineJob.java",EXTRACT_OPERATION,"library/src/main/java/com/bumptech/glide/load/engine/EngineJob.java"
glide,8f1ea5c07dff7ade8c49c324bcb5a7f40d0b4891,"library/src/main/java/com/bumptech/glide/load/engine/EngineJob.java",EXTRACT_OPERATION,"library/src/main/java/com/bumptech/glide/load/engine/EngineJob.java"
glide,8f1ea5c07dff7ade8c49c324bcb5a7f40d0b4891,"library/src/main/java/com/bumptech/glide/load/engine/EngineJob.java",EXTRACT_OPERATION,"library/src/main/java/com/bumptech/glide/load/engine/EngineJob.java"
glide,8f1ea5c07dff7ade8c49c324bcb5a7f40d0b4891,"library/src/main/java/com/bumptech/glide/load/engine/Engine.java",MOVE_OPERATION,"library/src/main/java/com/bumptech/glide/util/Executors.java"
glide,87881988c19cac066599cff5ee2ec6d2645093d6,"library/src/main/java/com/bumptech/glide/RequestBuilder.java",EXTRACT_OPERATION,"library/src/main/java/com/bumptech/glide/RequestBuilder.java"
glide,87881988c19cac066599cff5ee2ec6d2645093d6,"annotation/compiler/test/src/test/resources/LegacyGlideExtensionOptionsTest/MemoizeStaticMethod/GlideRequest.java",PULL_UP_OPERATION,"library/src/main/java/com/bumptech/glide/RequestBuilder.java"
glide,ed20643fb94d4e17f4cdb3699a6d83621408dd34,"library/src/main/java/com/bumptech/glide/RequestBuilder.java; library/src/main/java/com/bumptech/glide/request/RequestOptions.java",EXTRACT_SUPERCLASS,"library/src/main/java/com/bumptech/glide/RequestBuilder.java; library/src/main/java/com/bumptech/glide/request/RequestOptions.java; library/src/main/java/com/bumptech/glide/request/BaseRequestOptions.java"
glide,ed20643fb94d4e17f4cdb3699a6d83621408dd34,"annotation/compiler/src/main/java/com/bumptech/glide/annotation/compiler/RequestOptionsGenerator.java",EXTRACT_CLASS,"annotation/compiler/src/main/java/com/bumptech/glide/annotation/compiler/RequestOptionsGenerator.java; annotation/compiler/src/main/java/com/bumptech/glide/annotation/compiler/RequestOptionsExtensionGenerator.java"
glide,ed20643fb94d4e17f4cdb3699a6d83621408dd34,"library/src/main/java/com/bumptech/glide/request/RequestOptions.java",PULL_UP_OPERATION,"library/src/main/java/com/bumptech/glide/request/BaseRequestOptions.java"
glide,ed20643fb94d4e17f4cdb3699a6d83621408dd34,"library/src/main/java/com/bumptech/glide/request/RequestOptions.java",PULL_UP_OPERATION,"library/src/main/java/com/bumptech/glide/request/BaseRequestOptions.java"
glide,ed20643fb94d4e17f4cdb3699a6d83621408dd34,"library/src/main/java/com/bumptech/glide/request/RequestOptions.java",PULL_UP_OPERATION,"library/src/main/java/com/bumptech/glide/request/BaseRequestOptions.java"
glide,ed20643fb94d4e17f4cdb3699a6d83621408dd34,"library/src/main/java/com/bumptech/glide/request/RequestOptions.java",PULL_UP_OPERATION,"library/src/main/java/com/bumptech/glide/request/BaseRequestOptions.java"
glide,ed20643fb94d4e17f4cdb3699a6d83621408dd34,"library/src/main/java/com/bumptech/glide/request/RequestOptions.java",PULL_UP_OPERATION,"library/src/main/java/com/bumptech/glide/request/BaseRequestOptions.java"
glide,ed20643fb94d4e17f4cdb3699a6d83621408dd34,"library/src/main/java/com/bumptech/glide/request/RequestOptions.java",PULL_UP_OPERATION,"library/src/main/java/com/bumptech/glide/request/BaseRequestOptions.java"
glide,ed20643fb94d4e17f4cdb3699a6d83621408dd34,"library/src/main/java/com/bumptech/glide/request/RequestOptions.java",PULL_UP_OPERATION,"library/src/main/java/com/bumptech/glide/request/BaseRequestOptions.java"
glide,ed20643fb94d4e17f4cdb3699a6d83621408dd34,"library/src/main/java/com/bumptech/glide/request/RequestOptions.java",PULL_UP_OPERATION,"library/src/main/java/com/bumptech/glide/request/BaseRequestOptions.java"
glide,ed20643fb94d4e17f4cdb3699a6d83621408dd34,"library/src/main/java/com/bumptech/glide/request/RequestOptions.java",PULL_UP_OPERATION,"library/src/main/java/com/bumptech/glide/request/BaseRequestOptions.java"
glide,ed20643fb94d4e17f4cdb3699a6d83621408dd34,"library/src/main/java/com/bumptech/glide/request/RequestOptions.java",PULL_UP_OPERATION,"library/src/main/java/com/bumptech/glide/request/BaseRequestOptions.java"
glide,ed20643fb94d4e17f4cdb3699a6d83621408dd34,"library/src/main/java/com/bumptech/glide/request/RequestOptions.java",PULL_UP_OPERATION,"library/src/main/java/com/bumptech/glide/request/BaseRequestOptions.java"
glide,ed20643fb94d4e17f4cdb3699a6d83621408dd34,"library/src/main/java/com/bumptech/glide/request/RequestOptions.java",PULL_UP_OPERATION,"library/src/main/java/com/bumptech/glide/request/BaseRequestOptions.java"
glide,ed20643fb94d4e17f4cdb3699a6d83621408dd34,"library/src/main/java/com/bumptech/glide/request/RequestOptions.java",PULL_UP_OPERATION,"library/src/main/java/com/bumptech/glide/request/BaseRequestOptions.java"
glide,ed20643fb94d4e17f4cdb3699a6d83621408dd34,"library/src/main/java/com/bumptech/glide/request/RequestOptions.java",PULL_UP_OPERATION,"library/src/main/java/com/bumptech/glide/request/BaseRequestOptions.java"
glide,ed20643fb94d4e17f4cdb3699a6d83621408dd34,"library/src/main/java/com/bumptech/glide/request/RequestOptions.java",PULL_UP_OPERATION,"library/src/main/java/com/bumptech/glide/request/BaseRequestOptions.java"
glide,ed20643fb94d4e17f4cdb3699a6d83621408dd34,"library/src/main/java/com/bumptech/glide/request/RequestOptions.java",PULL_UP_OPERATION,"library/src/main/java/com/bumptech/glide/request/BaseRequestOptions.java"
glide,ed20643fb94d4e17f4cdb3699a6d83621408dd34,"library/src/main/java/com/bumptech/glide/request/RequestOptions.java",PULL_UP_OPERATION,"library/src/main/java/com/bumptech/glide/request/BaseRequestOptions.java"
glide,ed20643fb94d4e17f4cdb3699a6d83621408dd34,"library/src/main/java/com/bumptech/glide/request/RequestOptions.java",PULL_UP_OPERATION,"library/src/main/java/com/bumptech/glide/request/BaseRequestOptions.java"
glide,ed20643fb94d4e17f4cdb3699a6d83621408dd34,"library/src/main/java/com/bumptech/glide/request/RequestOptions.java",PULL_UP_OPERATION,"library/src/main/java/com/bumptech/glide/request/BaseRequestOptions.java"
glide,ed20643fb94d4e17f4cdb3699a6d83621408dd34,"library/src/main/java/com/bumptech/glide/request/RequestOptions.java",PULL_UP_OPERATION,"library/src/main/java/com/bumptech/glide/request/BaseRequestOptions.java"
glide,ed20643fb94d4e17f4cdb3699a6d83621408dd34,"library/src/main/java/com/bumptech/glide/request/RequestOptions.java",PULL_UP_OPERATION,"library/src/main/java/com/bumptech/glide/request/BaseRequestOptions.java"
glide,ed20643fb94d4e17f4cdb3699a6d83621408dd34,"library/src/main/java/com/bumptech/glide/request/RequestOptions.java",PULL_UP_OPERATION,"library/src/main/java/com/bumptech/glide/request/BaseRequestOptions.java"
glide,ed20643fb94d4e17f4cdb3699a6d83621408dd34,"library/src/main/java/com/bumptech/glide/request/RequestOptions.java",PULL_UP_OPERATION,"library/src/main/java/com/bumptech/glide/request/BaseRequestOptions.java"
glide,ed20643fb94d4e17f4cdb3699a6d83621408dd34,"library/src/main/java/com/bumptech/glide/request/RequestOptions.java",PULL_UP_OPERATION,"library/src/main/java/com/bumptech/glide/request/BaseRequestOptions.java"
glide,ed20643fb94d4e17f4cdb3699a6d83621408dd34,"library/src/main/java/com/bumptech/glide/request/RequestOptions.java",PULL_UP_OPERATION,"library/src/main/java/com/bumptech/glide/request/BaseRequestOptions.java"
glide,ed20643fb94d4e17f4cdb3699a6d83621408dd34,"library/src/main/java/com/bumptech/glide/request/RequestOptions.java",PULL_UP_OPERATION,"library/src/main/java/com/bumptech/glide/request/BaseRequestOptions.java"
glide,ed20643fb94d4e17f4cdb3699a6d83621408dd34,"library/src/main/java/com/bumptech/glide/request/RequestOptions.java",PULL_UP_OPERATION,"library/src/main/java/com/bumptech/glide/request/BaseRequestOptions.java"
glide,ed20643fb94d4e17f4cdb3699a6d83621408dd34,"library/src/main/java/com/bumptech/glide/request/RequestOptions.java",PULL_UP_OPERATION,"library/src/main/java/com/bumptech/glide/request/BaseRequestOptions.java"
glide,ed20643fb94d4e17f4cdb3699a6d83621408dd34,"library/src/main/java/com/bumptech/glide/request/RequestOptions.java",PULL_UP_OPERATION,"library/src/main/java/com/bumptech/glide/request/BaseRequestOptions.java"
glide,ed20643fb94d4e17f4cdb3699a6d83621408dd34,"library/src/main/java/com/bumptech/glide/request/RequestOptions.java",PULL_UP_OPERATION,"library/src/main/java/com/bumptech/glide/request/BaseRequestOptions.java"
glide,ed20643fb94d4e17f4cdb3699a6d83621408dd34,"library/src/main/java/com/bumptech/glide/request/RequestOptions.java",PULL_UP_OPERATION,"library/src/main/java/com/bumptech/glide/request/BaseRequestOptions.java"
glide,ed20643fb94d4e17f4cdb3699a6d83621408dd34,"library/src/main/java/com/bumptech/glide/request/RequestOptions.java",PULL_UP_OPERATION,"library/src/main/java/com/bumptech/glide/request/BaseRequestOptions.java"
glide,ed20643fb94d4e17f4cdb3699a6d83621408dd34,"library/src/main/java/com/bumptech/glide/request/RequestOptions.java",PULL_UP_OPERATION,"library/src/main/java/com/bumptech/glide/request/BaseRequestOptions.java"
glide,ed20643fb94d4e17f4cdb3699a6d83621408dd34,"library/src/main/java/com/bumptech/glide/request/RequestOptions.java",PULL_UP_OPERATION,"library/src/main/java/com/bumptech/glide/request/BaseRequestOptions.java"
glide,ed20643fb94d4e17f4cdb3699a6d83621408dd34,"annotation/compiler/src/main/java/com/bumptech/glide/annotation/compiler/RequestOptionsGenerator.java",MOVE_AND_RENAME_OPERATION,"annotation/compiler/src/main/java/com/bumptech/glide/annotation/compiler/RequestOptionsExtensionGenerator.java"
glide,ed20643fb94d4e17f4cdb3699a6d83621408dd34,"annotation/compiler/src/main/java/com/bumptech/glide/annotation/compiler/RequestOptionsGenerator.java",EXTRACT_OPERATION,"annotation/compiler/src/main/java/com/bumptech/glide/annotation/compiler/RequestOptionsExtensionGenerator.java"
glide,ed20643fb94d4e17f4cdb3699a6d83621408dd34,"annotation/compiler/src/main/java/com/bumptech/glide/annotation/compiler/RequestOptionsGenerator.java",MOVE_OPERATION,"annotation/compiler/src/main/java/com/bumptech/glide/annotation/compiler/RequestOptionsOverrideGenerator.java"
glide,ed20643fb94d4e17f4cdb3699a6d83621408dd34,"annotation/compiler/src/main/java/com/bumptech/glide/annotation/compiler/RequestOptionsGenerator.java",MOVE_OPERATION,"annotation/compiler/src/main/java/com/bumptech/glide/annotation/compiler/RequestOptionsExtensionGenerator.java"
glide,ed20643fb94d4e17f4cdb3699a6d83621408dd34,"annotation/compiler/src/main/java/com/bumptech/glide/annotation/compiler/RequestOptionsGenerator.java",MOVE_OPERATION,"annotation/compiler/src/main/java/com/bumptech/glide/annotation/compiler/RequestOptionsExtensionGenerator.java"
glide,ed20643fb94d4e17f4cdb3699a6d83621408dd34,"annotation/compiler/src/main/java/com/bumptech/glide/annotation/compiler/RequestOptionsGenerator.java",MOVE_OPERATION,"annotation/compiler/src/main/java/com/bumptech/glide/annotation/compiler/RequestOptionsExtensionGenerator.java"
glide,ed20643fb94d4e17f4cdb3699a6d83621408dd34,"library/src/main/java/com/bumptech/glide/request/RequestOptions.java",PULL_UP_OPERATION,"library/src/main/java/com/bumptech/glide/request/BaseRequestOptions.java"
glide,ed20643fb94d4e17f4cdb3699a6d83621408dd34,"library/src/main/java/com/bumptech/glide/request/RequestOptions.java",PULL_UP_OPERATION,"library/src/main/java/com/bumptech/glide/request/BaseRequestOptions.java"
glide,ed20643fb94d4e17f4cdb3699a6d83621408dd34,"library/src/main/java/com/bumptech/glide/request/RequestOptions.java",PULL_UP_OPERATION,"library/src/main/java/com/bumptech/glide/request/BaseRequestOptions.java"
glide,ed20643fb94d4e17f4cdb3699a6d83621408dd34,"library/src/main/java/com/bumptech/glide/request/RequestOptions.java",PULL_UP_OPERATION,"library/src/main/java/com/bumptech/glide/request/BaseRequestOptions.java"
glide,ed20643fb94d4e17f4cdb3699a6d83621408dd34,"library/src/main/java/com/bumptech/glide/request/RequestOptions.java",PULL_UP_OPERATION,"library/src/main/java/com/bumptech/glide/request/BaseRequestOptions.java"
glide,ed20643fb94d4e17f4cdb3699a6d83621408dd34,"library/src/main/java/com/bumptech/glide/request/RequestOptions.java",PULL_UP_OPERATION,"library/src/main/java/com/bumptech/glide/request/BaseRequestOptions.java"
glide,ed20643fb94d4e17f4cdb3699a6d83621408dd34,"library/src/main/java/com/bumptech/glide/request/RequestOptions.java",PULL_UP_OPERATION,"library/src/main/java/com/bumptech/glide/request/BaseRequestOptions.java"
glide,ed20643fb94d4e17f4cdb3699a6d83621408dd34,"library/src/main/java/com/bumptech/glide/request/RequestOptions.java",PULL_UP_OPERATION,"library/src/main/java/com/bumptech/glide/request/BaseRequestOptions.java"
glide,ed20643fb94d4e17f4cdb3699a6d83621408dd34,"library/src/main/java/com/bumptech/glide/request/RequestOptions.java",PULL_UP_OPERATION,"library/src/main/java/com/bumptech/glide/request/BaseRequestOptions.java"
glide,ed20643fb94d4e17f4cdb3699a6d83621408dd34,"library/src/main/java/com/bumptech/glide/request/RequestOptions.java",PULL_UP_OPERATION,"library/src/main/java/com/bumptech/glide/request/BaseRequestOptions.java"
glide,ed20643fb94d4e17f4cdb3699a6d83621408dd34,"library/src/main/java/com/bumptech/glide/request/RequestOptions.java",PULL_UP_OPERATION,"library/src/main/java/com/bumptech/glide/request/BaseRequestOptions.java"
glide,ed20643fb94d4e17f4cdb3699a6d83621408dd34,"library/src/main/java/com/bumptech/glide/request/RequestOptions.java",PULL_UP_OPERATION,"library/src/main/java/com/bumptech/glide/request/BaseRequestOptions.java"
glide,ed20643fb94d4e17f4cdb3699a6d83621408dd34,"library/src/main/java/com/bumptech/glide/request/RequestOptions.java",PULL_UP_OPERATION,"library/src/main/java/com/bumptech/glide/request/BaseRequestOptions.java"
glide,ed20643fb94d4e17f4cdb3699a6d83621408dd34,"library/src/main/java/com/bumptech/glide/request/RequestOptions.java",PULL_UP_OPERATION,"library/src/main/java/com/bumptech/glide/request/BaseRequestOptions.java"
glide,ed20643fb94d4e17f4cdb3699a6d83621408dd34,"library/src/main/java/com/bumptech/glide/request/RequestOptions.java",PULL_UP_OPERATION,"library/src/main/java/com/bumptech/glide/request/BaseRequestOptions.java"
glide,ed20643fb94d4e17f4cdb3699a6d83621408dd34,"library/src/main/java/com/bumptech/glide/request/RequestOptions.java",PULL_UP_OPERATION,"library/src/main/java/com/bumptech/glide/request/BaseRequestOptions.java"
glide,ed20643fb94d4e17f4cdb3699a6d83621408dd34,"library/src/main/java/com/bumptech/glide/request/RequestOptions.java",PULL_UP_OPERATION,"library/src/main/java/com/bumptech/glide/request/BaseRequestOptions.java"
glide,ed20643fb94d4e17f4cdb3699a6d83621408dd34,"library/src/main/java/com/bumptech/glide/request/RequestOptions.java",PULL_UP_OPERATION,"library/src/main/java/com/bumptech/glide/request/BaseRequestOptions.java"
glide,ed20643fb94d4e17f4cdb3699a6d83621408dd34,"library/src/main/java/com/bumptech/glide/request/RequestOptions.java",PULL_UP_OPERATION,"library/src/main/java/com/bumptech/glide/request/BaseRequestOptions.java"
glide,ed20643fb94d4e17f4cdb3699a6d83621408dd34,"library/src/main/java/com/bumptech/glide/request/RequestOptions.java",PULL_UP_OPERATION,"library/src/main/java/com/bumptech/glide/request/BaseRequestOptions.java"
glide,ed20643fb94d4e17f4cdb3699a6d83621408dd34,"library/src/main/java/com/bumptech/glide/request/RequestOptions.java",PULL_UP_OPERATION,"library/src/main/java/com/bumptech/glide/request/BaseRequestOptions.java"
glide,ed20643fb94d4e17f4cdb3699a6d83621408dd34,"library/src/main/java/com/bumptech/glide/request/RequestOptions.java",PULL_UP_OPERATION,"library/src/main/java/com/bumptech/glide/request/BaseRequestOptions.java"
glide,ed20643fb94d4e17f4cdb3699a6d83621408dd34,"library/src/main/java/com/bumptech/glide/request/RequestOptions.java",PULL_UP_OPERATION,"library/src/main/java/com/bumptech/glide/request/BaseRequestOptions.java"
glide,ed20643fb94d4e17f4cdb3699a6d83621408dd34,"library/src/main/java/com/bumptech/glide/request/RequestOptions.java",PULL_UP_OPERATION,"library/src/main/java/com/bumptech/glide/request/BaseRequestOptions.java"
glide,ed20643fb94d4e17f4cdb3699a6d83621408dd34,"library/src/main/java/com/bumptech/glide/request/RequestOptions.java",PULL_UP_OPERATION,"library/src/main/java/com/bumptech/glide/request/BaseRequestOptions.java"
glide,ed20643fb94d4e17f4cdb3699a6d83621408dd34,"library/src/main/java/com/bumptech/glide/request/RequestOptions.java",PULL_UP_OPERATION,"library/src/main/java/com/bumptech/glide/request/BaseRequestOptions.java"
glide,ed20643fb94d4e17f4cdb3699a6d83621408dd34,"library/src/main/java/com/bumptech/glide/request/RequestOptions.java",PULL_UP_OPERATION,"library/src/main/java/com/bumptech/glide/request/BaseRequestOptions.java"
glide,ed20643fb94d4e17f4cdb3699a6d83621408dd34,"library/src/main/java/com/bumptech/glide/request/RequestOptions.java",PULL_UP_OPERATION,"library/src/main/java/com/bumptech/glide/request/BaseRequestOptions.java"
glide,ed20643fb94d4e17f4cdb3699a6d83621408dd34,"library/src/main/java/com/bumptech/glide/request/RequestOptions.java",PULL_UP_OPERATION,"library/src/main/java/com/bumptech/glide/request/BaseRequestOptions.java"
glide,ed20643fb94d4e17f4cdb3699a6d83621408dd34,"library/src/main/java/com/bumptech/glide/request/RequestOptions.java",PULL_UP_OPERATION,"library/src/main/java/com/bumptech/glide/request/BaseRequestOptions.java"
glide,ed20643fb94d4e17f4cdb3699a6d83621408dd34,"library/src/main/java/com/bumptech/glide/request/RequestOptions.java",PULL_UP_OPERATION,"library/src/main/java/com/bumptech/glide/request/BaseRequestOptions.java"
glide,ed20643fb94d4e17f4cdb3699a6d83621408dd34,"library/src/main/java/com/bumptech/glide/request/RequestOptions.java",PULL_UP_OPERATION,"library/src/main/java/com/bumptech/glide/request/BaseRequestOptions.java"
glide,ed20643fb94d4e17f4cdb3699a6d83621408dd34,"library/src/main/java/com/bumptech/glide/request/RequestOptions.java",PULL_UP_OPERATION,"library/src/main/java/com/bumptech/glide/request/BaseRequestOptions.java"
glide,ed20643fb94d4e17f4cdb3699a6d83621408dd34,"library/src/main/java/com/bumptech/glide/request/RequestOptions.java",PULL_UP_OPERATION,"library/src/main/java/com/bumptech/glide/request/BaseRequestOptions.java"
glide,ed20643fb94d4e17f4cdb3699a6d83621408dd34,"library/src/main/java/com/bumptech/glide/request/RequestOptions.java",PULL_UP_OPERATION,"library/src/main/java/com/bumptech/glide/request/BaseRequestOptions.java"
glide,ed20643fb94d4e17f4cdb3699a6d83621408dd34,"library/src/main/java/com/bumptech/glide/request/RequestOptions.java",PULL_UP_OPERATION,"library/src/main/java/com/bumptech/glide/request/BaseRequestOptions.java"
glide,ed20643fb94d4e17f4cdb3699a6d83621408dd34,"library/src/main/java/com/bumptech/glide/request/RequestOptions.java",PULL_UP_OPERATION,"library/src/main/java/com/bumptech/glide/request/BaseRequestOptions.java"
glide,ed20643fb94d4e17f4cdb3699a6d83621408dd34,"library/src/main/java/com/bumptech/glide/request/RequestOptions.java",PULL_UP_OPERATION,"library/src/main/java/com/bumptech/glide/request/BaseRequestOptions.java"
glide,58bcf53681e8944add93c8680578fa7fdd617785,"annotation/compiler/src/main/java/com/bumptech/glide/annotation/compiler/ProcessorUtil.java",EXTRACT_OPERATION,"annotation/compiler/src/main/java/com/bumptech/glide/annotation/compiler/ProcessorUtil.java"
glide,a198ef627d3537d460d2eb5d64d15de1803f0f6c,"instrumentation/src/androidTest/java/com/bumptech/glide/WideGamutTest.java",EXTRACT_OPERATION,"instrumentation/src/androidTest/java/com/bumptech/glide/WideGamutTest.java"
glide,a198ef627d3537d460d2eb5d64d15de1803f0f6c,"instrumentation/src/androidTest/java/com/bumptech/glide/WideGamutTest.java",EXTRACT_OPERATION,"instrumentation/src/androidTest/java/com/bumptech/glide/WideGamutTest.java"
glide,a198ef627d3537d460d2eb5d64d15de1803f0f6c,"instrumentation/src/androidTest/java/com/bumptech/glide/WideGamutTest.java",EXTRACT_OPERATION,"instrumentation/src/androidTest/java/com/bumptech/glide/WideGamutTest.java"
glide,c1036c1cdc3c85827bf566e104a12ca880e26411,"library/src/main/java/com/bumptech/glide/load/engine/bitmap_recycle/LruBitmapPool.java",EXTRACT_OPERATION,"library/src/main/java/com/bumptech/glide/load/engine/bitmap_recycle/LruBitmapPool.java"
glide,c1036c1cdc3c85827bf566e104a12ca880e26411,"library/src/main/java/com/bumptech/glide/load/engine/bitmap_recycle/LruBitmapPool.java",EXTRACT_OPERATION,"library/src/main/java/com/bumptech/glide/load/engine/bitmap_recycle/LruBitmapPool.java"
glide,9fde00628f223e96372aeceadcb3e35a0635cb6d,"annotation/compiler/src/main/java/com/bumptech/glide/annotation/compiler/GlideExtensionValidator.java",EXTRACT_OPERATION,"annotation/compiler/src/main/java/com/bumptech/glide/annotation/compiler/GlideExtensionValidator.java"
glide,f16aef4c6ad583bafe796c7a952a0d10920c4dcd,"library/src/main/java/com/bumptech/glide/load/data/HttpUrlFetcher.java",EXTRACT_OPERATION,"library/src/main/java/com/bumptech/glide/load/data/HttpUrlFetcher.java"
glide,f16aef4c6ad583bafe796c7a952a0d10920c4dcd,"library/src/main/java/com/bumptech/glide/load/data/HttpUrlFetcher.java",EXTRACT_OPERATION,"library/src/main/java/com/bumptech/glide/load/data/HttpUrlFetcher.java"
glide,f16aef4c6ad583bafe796c7a952a0d10920c4dcd,"library/src/main/java/com/bumptech/glide/load/data/mediastore/ThumbnailStreamOpener.java",EXTRACT_OPERATION,"library/src/main/java/com/bumptech/glide/load/data/mediastore/ThumbnailStreamOpener.java"
glide,f16aef4c6ad583bafe796c7a952a0d10920c4dcd,"library/src/main/java/com/bumptech/glide/load/data/mediastore/ThumbnailStreamOpener.java",EXTRACT_OPERATION,"library/src/main/java/com/bumptech/glide/load/data/mediastore/ThumbnailStreamOpener.java"
glide,f16aef4c6ad583bafe796c7a952a0d10920c4dcd,"library/src/main/java/com/bumptech/glide/load/model/LazyHeaders.java",EXTRACT_OPERATION,"library/src/main/java/com/bumptech/glide/load/model/LazyHeaders.java"
glide,f16aef4c6ad583bafe796c7a952a0d10920c4dcd,"library/src/main/java/com/bumptech/glide/signature/ApplicationVersionSignature.java",EXTRACT_OPERATION,"library/src/main/java/com/bumptech/glide/signature/ApplicationVersionSignature.java"
glide,f16aef4c6ad583bafe796c7a952a0d10920c4dcd,"library/src/main/java/com/bumptech/glide/signature/ApplicationVersionSignature.java",EXTRACT_OPERATION,"library/src/main/java/com/bumptech/glide/signature/ApplicationVersionSignature.java"
glide,e02969417a75048af0fcb61c5fbf6ea94bd2c4aa,"library/src/main/java/com/bumptech/glide/request/target/ViewTarget.java",EXTRACT_OPERATION,"library/src/main/java/com/bumptech/glide/request/target/ViewTarget.java"
glide,e02969417a75048af0fcb61c5fbf6ea94bd2c4aa,"library/src/main/java/com/bumptech/glide/request/target/ViewTarget.java",EXTRACT_OPERATION,"library/src/main/java/com/bumptech/glide/request/target/ViewTarget.java"
glide,e02969417a75048af0fcb61c5fbf6ea94bd2c4aa,"library/src/main/java/com/bumptech/glide/load/engine/DecodeJob.java",EXTRACT_AND_MOVE_OPERATION,"library/src/main/java/com/bumptech/glide/load/engine/DecodeJob.java; library/src/main/java/com/bumptech/glide/load/engine/DecodeJob.java"
glide,ded8f77c9f2471e3c3413aa234656df8cf72dd2f,"library/src/main/java/com/bumptech/glide/load/resource/bitmap/VideoDecoder.java",EXTRACT_OPERATION,"library/src/main/java/com/bumptech/glide/load/resource/bitmap/VideoDecoder.java"
glide,6e9866b5a19d06625006a9a8c605db21047df74b,"library/src/main/java/com/bumptech/glide/load/resource/bitmap/VideoBitmapDecoder.java",EXTRACT_SUPERCLASS,"library/src/main/java/com/bumptech/glide/load/resource/bitmap/VideoBitmapDecoder.java; library/src/main/java/com/bumptech/glide/load/resource/bitmap/VideoDecoder.java"
glide,6e9866b5a19d06625006a9a8c605db21047df74b,"library/src/main/java/com/bumptech/glide/load/resource/bitmap/VideoBitmapDecoder.java",PULL_UP_OPERATION,"library/src/main/java/com/bumptech/glide/load/resource/bitmap/VideoDecoder.java"
glide,6e9866b5a19d06625006a9a8c605db21047df74b,"library/src/main/java/com/bumptech/glide/load/resource/bitmap/VideoBitmapDecoder.java",PULL_UP_OPERATION,"library/src/main/java/com/bumptech/glide/load/resource/bitmap/VideoDecoder.java"
glide,6e9866b5a19d06625006a9a8c605db21047df74b,"library/src/main/java/com/bumptech/glide/load/resource/bitmap/VideoBitmapDecoder.java",PULL_UP_OPERATION,"library/src/main/java/com/bumptech/glide/load/resource/bitmap/VideoDecoder.java"
glide,ee83b67780f27960d67a66f10f411397eddad22c,"library/src/main/java/com/bumptech/glide/Glide.java",EXTRACT_OPERATION,"library/src/main/java/com/bumptech/glide/Glide.java"
glide,ee83b67780f27960d67a66f10f411397eddad22c,"library/src/main/java/com/bumptech/glide/Glide.java",EXTRACT_OPERATION,"library/src/main/java/com/bumptech/glide/Glide.java"
glide,ee83b67780f27960d67a66f10f411397eddad22c,"library/src/main/java/com/bumptech/glide/module/ManifestParser.java",EXTRACT_OPERATION,"library/src/main/java/com/bumptech/glide/module/ManifestParser.java"
glide,ee83b67780f27960d67a66f10f411397eddad22c,"library/src/main/java/com/bumptech/glide/module/ManifestParser.java",EXTRACT_OPERATION,"library/src/main/java/com/bumptech/glide/module/ManifestParser.java"
glide,276d4ff4bdce85763c985c90a87ea5e858a1ffe4,"annotation/compiler/src/main/java/com/bumptech/glide/annotation/compiler/GlideGenerator.java",EXTRACT_OPERATION,"annotation/compiler/src/main/java/com/bumptech/glide/annotation/compiler/GlideGenerator.java"
glide,276d4ff4bdce85763c985c90a87ea5e858a1ffe4,"annotation/compiler/src/main/java/com/bumptech/glide/annotation/compiler/RequestOptionsGenerator.java",EXTRACT_OPERATION,"annotation/compiler/src/main/java/com/bumptech/glide/annotation/compiler/RequestOptionsGenerator.java"
glide,276d4ff4bdce85763c985c90a87ea5e858a1ffe4,"annotation/compiler/src/main/java/com/bumptech/glide/annotation/compiler/RequestOptionsGenerator.java",EXTRACT_OPERATION,"annotation/compiler/src/main/java/com/bumptech/glide/annotation/compiler/RequestOptionsGenerator.java"
glide,2c7aa8536d1e9b74c8e11af3182f7f896dfab255,"library/src/test/java/com/bumptech/glide/load/engine/ActiveResourcesTest.java",EXTRACT_OPERATION,"library/src/test/java/com/bumptech/glide/load/engine/ActiveResourcesTest.java"
glide,2c7aa8536d1e9b74c8e11af3182f7f896dfab255,"library/src/test/java/com/bumptech/glide/load/engine/ActiveResourcesTest.java",EXTRACT_OPERATION,"library/src/test/java/com/bumptech/glide/load/engine/ActiveResourcesTest.java"
glide,2c7aa8536d1e9b74c8e11af3182f7f896dfab255,"library/src/test/java/com/bumptech/glide/load/engine/ActiveResourcesTest.java",EXTRACT_OPERATION,"library/src/test/java/com/bumptech/glide/load/engine/ActiveResourcesTest.java"
glide,2c7aa8536d1e9b74c8e11af3182f7f896dfab255,"library/src/test/java/com/bumptech/glide/load/engine/ActiveResourcesTest.java",EXTRACT_OPERATION,"library/src/test/java/com/bumptech/glide/load/engine/ActiveResourcesTest.java"
glide,2c7aa8536d1e9b74c8e11af3182f7f896dfab255,"library/src/test/java/com/bumptech/glide/load/engine/ActiveResourcesTest.java",EXTRACT_OPERATION,"library/src/test/java/com/bumptech/glide/load/engine/ActiveResourcesTest.java"
glide,cff4f2cc3398daa21e00f76e2c51e4b2bd3952c4,"library/src/main/java/com/bumptech/glide/load/resource/bitmap/LazyBitmapDrawableResource.java",EXTRACT_OPERATION,"library/src/main/java/com/bumptech/glide/load/resource/bitmap/LazyBitmapDrawableResource.java"
glide,cff4f2cc3398daa21e00f76e2c51e4b2bd3952c4,"library/src/main/java/com/bumptech/glide/load/resource/bitmap/BitmapDrawableDecoder.java",EXTRACT_AND_MOVE_OPERATION,"library/src/main/java/com/bumptech/glide/load/resource/bitmap/BitmapDrawableDecoder.java; library/src/main/java/com/bumptech/glide/load/resource/bitmap/LazyBitmapDrawableResource.java"
glide,861329226e3dffa0e096c3200fb6b96a1613ba83,"library/src/main/java/com/bumptech/glide/RequestBuilder.java; library/src/main/java/com/bumptech/glide/RequestManager.java",EXTRACT_INTERFACE,"library/src/main/java/com/bumptech/glide/RequestBuilder.java; library/src/main/java/com/bumptech/glide/RequestManager.java; library/src/main/java/com/bumptech/glide/ModelTypes.java"
glide,861329226e3dffa0e096c3200fb6b96a1613ba83,"instrumentation/src/androidTest/java/com/bumptech/glide/Issue2638Test.java",MOVE_AND_RENAME_OPERATION,"instrumentation/src/androidTest/java/com/bumptech/glide/LoadBytesTest.java"
glide,861329226e3dffa0e096c3200fb6b96a1613ba83,"instrumentation/src/androidTest/java/com/bumptech/glide/Issue2638Test.java",MOVE_OPERATION,"instrumentation/src/androidTest/java/com/bumptech/glide/LoadBytesTest.java"
glide,861329226e3dffa0e096c3200fb6b96a1613ba83,"instrumentation/src/androidTest/java/com/bumptech/glide/Issue2638Test.java",EXTRACT_OPERATION,"instrumentation/src/androidTest/java/com/bumptech/glide/LoadBytesTest.java"
glide,861329226e3dffa0e096c3200fb6b96a1613ba83,"instrumentation/src/androidTest/java/com/bumptech/glide/Issue2638Test.java",MOVE_OPERATION,"instrumentation/src/androidTest/java/com/bumptech/glide/LoadBytesTest.java"
glide,108a0621d1fa970aa83e28c8700c04c2dbc1a8cf,"library/src/test/java/com/bumptech/glide/load/engine/EngineTest.java",EXTRACT_AND_MOVE_OPERATION,"library/src/test/java/com/bumptech/glide/load/engine/EngineTest.java; library/src/test/java/com/bumptech/glide/load/engine/EngineTest.java"
glide,108a0621d1fa970aa83e28c8700c04c2dbc1a8cf,"library/src/test/java/com/bumptech/glide/load/engine/EngineTest.java",EXTRACT_AND_MOVE_OPERATION,"library/src/test/java/com/bumptech/glide/load/engine/EngineTest.java; library/src/test/java/com/bumptech/glide/load/engine/EngineTest.java"
glide,108a0621d1fa970aa83e28c8700c04c2dbc1a8cf,"library/src/test/java/com/bumptech/glide/load/engine/EngineTest.java",EXTRACT_AND_MOVE_OPERATION,"library/src/test/java/com/bumptech/glide/load/engine/EngineTest.java; library/src/test/java/com/bumptech/glide/load/engine/EngineTest.java"
glide,108a0621d1fa970aa83e28c8700c04c2dbc1a8cf,"library/src/test/java/com/bumptech/glide/load/engine/EngineTest.java",EXTRACT_AND_MOVE_OPERATION,"library/src/test/java/com/bumptech/glide/load/engine/EngineTest.java; library/src/test/java/com/bumptech/glide/load/engine/EngineTest.java"
glide,e89fd495c6ef57d116de11babb4253d2ddd2dcd7,"library/src/test/java/com/bumptech/glide/tests/KeyTester.java",EXTRACT_OPERATION,"library/src/test/java/com/bumptech/glide/tests/KeyTester.java"
glide,b4d778bc66ec9683157e5c5e46f9a999362d4564,"library/src/main/java/com/bumptech/glide/load/engine/bitmap_recycle/LruArrayPool.java",EXTRACT_OPERATION,"library/src/main/java/com/bumptech/glide/load/engine/bitmap_recycle/LruArrayPool.java"
glide,b4d778bc66ec9683157e5c5e46f9a999362d4564,"library/src/main/java/com/bumptech/glide/load/engine/bitmap_recycle/LruArrayPool.java",EXTRACT_OPERATION,"library/src/main/java/com/bumptech/glide/load/engine/bitmap_recycle/LruArrayPool.java"
glide,7c0cd6379c23d5a9cdf8893ad993edce3feda064,"third_party/gif_decoder/src/main/java/com/bumptech/glide/gifdecoder/StandardGifDecoder.java",EXTRACT_OPERATION,"third_party/gif_decoder/src/main/java/com/bumptech/glide/gifdecoder/StandardGifDecoder.java"
glide,7c0cd6379c23d5a9cdf8893ad993edce3feda064,"third_party/gif_decoder/src/main/java/com/bumptech/glide/gifdecoder/StandardGifDecoder.java",EXTRACT_OPERATION,"third_party/gif_decoder/src/main/java/com/bumptech/glide/gifdecoder/StandardGifDecoder.java"
glide,6837543ca446660d74812ad26dd7a096e4fa66ac,"library/src/main/java/com/bumptech/glide/GlideBuilder.java",EXTRACT_OPERATION,"library/src/main/java/com/bumptech/glide/GlideBuilder.java"
glide,6837543ca446660d74812ad26dd7a096e4fa66ac,"library/src/main/java/com/bumptech/glide/load/engine/executor/GlideExecutor.java",EXTRACT_OPERATION,"library/src/main/java/com/bumptech/glide/load/engine/executor/GlideExecutor.java"
glide,6cee6d2c155f9dda7857df6d9c060713f4e5b2ca,"library/src/main/java/com/bumptech/glide/load/engine/executor/GlideExecutor.java",EXTRACT_CLASS,"library/src/main/java/com/bumptech/glide/load/engine/executor/GlideExecutor.java; library/src/main/java/com/bumptech/glide/load/engine/executor/RuntimeCompat.java"
glide,6cee6d2c155f9dda7857df6d9c060713f4e5b2ca,"library/src/main/java/com/bumptech/glide/load/engine/executor/GlideExecutor.java",MOVE_AND_RENAME_OPERATION,"library/src/test/java/com/bumptech/glide/load/engine/executor/MockGlideExecutor.java"
glide,9c82c42e6314311efb3bea12ee8984b3bc5caa48,"instrumentation/src/androidTest/java/com/bumptech/glide/test/ConcurrencyHelper.java",EXTRACT_OPERATION,"instrumentation/src/androidTest/java/com/bumptech/glide/test/ConcurrencyHelper.java"
glide,9c82c42e6314311efb3bea12ee8984b3bc5caa48,"instrumentation/src/androidTest/java/com/bumptech/glide/CachingTest.java",MOVE_OPERATION,"instrumentation/src/androidTest/java/com/bumptech/glide/test/Matchers.java"
glide,811983799a1815f06cdac91165d8a4aad88facc8,"library/src/main/java/com/bumptech/glide/manager/RequestTracker.java",EXTRACT_OPERATION,"library/src/main/java/com/bumptech/glide/manager/RequestTracker.java"
glide,14decbd5cd4d8b4c020690c1e1ceb044542627d6,"instrumentation/src/androidTest/java/com/bumptech/glide/CachingTest.java",EXTRACT_CLASS,"instrumentation/src/androidTest/java/com/bumptech/glide/CachingTest.java; instrumentation/src/androidTest/java/com/bumptech/glide/test/ConcurrencyHelper.java"
glide,02096625b38f5c5fd6c820752a2fc4f0ae2b07ea,"library/src/main/java/com/bumptech/glide/load/engine/Engine.java",MOVE_OPERATION,"library/src/main/java/com/bumptech/glide/load/engine/ActiveResources.java"
glide,78cc2f73660e9405246b72f7d0728e795f22cd7e,"library/src/test/java/com/bumptech/glide/GlideTest.java",MOVE_OPERATION,"library/src/test/java/com/bumptech/glide/GlideTest.java"
glide,122b43cee890ae0aef6b35fee3f07dc6b81262e3,"library/src/main/java/com/bumptech/glide/Glide.java",EXTRACT_OPERATION,"library/src/main/java/com/bumptech/glide/Glide.java"
glide,7fccb32a139edcc3e316fedde57b36e6f65ba435,"annotation/compiler/src/main/java/com/bumptech/glide/annotation/compiler/GlideExtensionValidator.java",EXTRACT_OPERATION,"annotation/compiler/src/main/java/com/bumptech/glide/annotation/compiler/GlideExtensionValidator.java"
glide,7fccb32a139edcc3e316fedde57b36e6f65ba435,"annotation/compiler/src/main/java/com/bumptech/glide/annotation/compiler/RequestManagerGenerator.java",EXTRACT_OPERATION,"annotation/compiler/src/main/java/com/bumptech/glide/annotation/compiler/RequestManagerGenerator.java"
glide,e78f2ee1153f5b810242ff9a31fad398357623b7,"annotation/compiler/src/main/java/com/bumptech/glide/annotation/compiler/GlideExtensionValidator.java",EXTRACT_OPERATION,"annotation/compiler/src/main/java/com/bumptech/glide/annotation/compiler/GlideExtensionValidator.java"
glide,e78f2ee1153f5b810242ff9a31fad398357623b7,"annotation/compiler/src/main/java/com/bumptech/glide/annotation/compiler/GlideExtensionValidator.java",EXTRACT_OPERATION,"annotation/compiler/src/main/java/com/bumptech/glide/annotation/compiler/GlideExtensionValidator.java"
glide,e78f2ee1153f5b810242ff9a31fad398357623b7,"annotation/compiler/src/main/java/com/bumptech/glide/annotation/compiler/GlideExtensionValidator.java",EXTRACT_OPERATION,"annotation/compiler/src/main/java/com/bumptech/glide/annotation/compiler/GlideExtensionValidator.java"
glide,e78f2ee1153f5b810242ff9a31fad398357623b7,"annotation/compiler/src/main/java/com/bumptech/glide/annotation/compiler/GlideExtensionValidator.java",EXTRACT_OPERATION,"annotation/compiler/src/main/java/com/bumptech/glide/annotation/compiler/GlideExtensionValidator.java"
glide,e78f2ee1153f5b810242ff9a31fad398357623b7,"annotation/compiler/src/main/java/com/bumptech/glide/annotation/compiler/RequestOptionsGenerator.java",EXTRACT_OPERATION,"annotation/compiler/src/main/java/com/bumptech/glide/annotation/compiler/RequestOptionsGenerator.java"
glide,e78f2ee1153f5b810242ff9a31fad398357623b7,"annotation/compiler/src/main/java/com/bumptech/glide/annotation/compiler/RequestOptionsGenerator.java",MOVE_OPERATION,"annotation/compiler/src/main/java/com/bumptech/glide/annotation/compiler/GlideExtensionValidator.java"
glide,e78f2ee1153f5b810242ff9a31fad398357623b7,"annotation/compiler/src/main/java/com/bumptech/glide/annotation/compiler/RequestOptionsGenerator.java",MOVE_OPERATION,"annotation/compiler/src/main/java/com/bumptech/glide/annotation/compiler/GlideExtensionValidator.java"
glide,e78f2ee1153f5b810242ff9a31fad398357623b7,"annotation/compiler/src/main/java/com/bumptech/glide/annotation/compiler/RequestOptionsGenerator.java",MOVE_OPERATION,"annotation/compiler/src/main/java/com/bumptech/glide/annotation/compiler/ProcessorUtil.java"
glide,d57b90b77e7528e72f2ebae173fe8d98562a5fe6,"instrumentation/src/androidTest/java/com/bumptech/glide/NonBitmapDrawableResourcesTest.java",MOVE_AND_RENAME_OPERATION,"instrumentation/src/androidTest/java/com/bumptech/glide/test/TearDownGlide.java"
glide,d447e582397cc7cf3f95a9871eb18d81a917544f,"library/src/main/java/com/bumptech/glide/request/RequestOptions.java",EXTRACT_OPERATION,"library/src/main/java/com/bumptech/glide/request/RequestOptions.java"
glide,d447e582397cc7cf3f95a9871eb18d81a917544f,"library/src/main/java/com/bumptech/glide/request/RequestOptions.java",EXTRACT_OPERATION,"library/src/main/java/com/bumptech/glide/request/RequestOptions.java"
glide,d447e582397cc7cf3f95a9871eb18d81a917544f,"library/src/main/java/com/bumptech/glide/request/RequestOptions.java",EXTRACT_OPERATION,"library/src/main/java/com/bumptech/glide/request/RequestOptions.java"
glide,d447e582397cc7cf3f95a9871eb18d81a917544f,"library/src/main/java/com/bumptech/glide/request/RequestOptions.java",EXTRACT_OPERATION,"library/src/main/java/com/bumptech/glide/request/RequestOptions.java"
glide,d447e582397cc7cf3f95a9871eb18d81a917544f,"library/src/main/java/com/bumptech/glide/request/RequestOptions.java",EXTRACT_OPERATION,"library/src/main/java/com/bumptech/glide/request/RequestOptions.java"
glide,7663c214e44964529173ca48e0faf3e588f5a386,"library/src/main/java/com/bumptech/glide/load/resource/drawable/ResourceDrawableDecoder.java",MOVE_AND_RENAME_OPERATION,"library/src/main/java/com/bumptech/glide/load/resource/drawable/DrawableResourceImpl.java"
glide,90f1cc93916e4b6ff2faaf666b9b0e5cac799fab,"library/src/main/java/com/bumptech/glide/load/resource/drawable/ResourceDrawableDecoder.java",EXTRACT_OPERATION,"library/src/main/java/com/bumptech/glide/load/resource/drawable/ResourceDrawableDecoder.java"
glide,90f1cc93916e4b6ff2faaf666b9b0e5cac799fab,"library/src/main/java/com/bumptech/glide/load/resource/bitmap/ResourceBitmapDecoder.java",MOVE_OPERATION,"library/src/main/java/com/bumptech/glide/load/resource/bitmap/DrawableToBitmapConverter.java"
glide,65048a4a241b2acc03d2e3586d6e1eec37cb9f5a,"library/src/main/java/com/bumptech/glide/RequestBuilder.java",EXTRACT_OPERATION,"library/src/main/java/com/bumptech/glide/RequestBuilder.java"
glide,efa61f0d82519f5f40571fbc69f9bb81568e10b1,"library/src/androidTest/java/com/bumptech/glide/test/TestNonBitmapResources.java",EXTRACT_OPERATION,"library/src/androidTest/java/com/bumptech/glide/test/TestNonBitmapResources.java"
glide,efa61f0d82519f5f40571fbc69f9bb81568e10b1,"library/src/androidTest/java/com/bumptech/glide/test/TestNonBitmapResources.java",EXTRACT_OPERATION,"library/src/androidTest/java/com/bumptech/glide/test/TestNonBitmapResources.java"
glide,efa61f0d82519f5f40571fbc69f9bb81568e10b1,"library/src/androidTest/java/com/bumptech/glide/test/TestNonBitmapResources.java",EXTRACT_OPERATION,"library/src/androidTest/java/com/bumptech/glide/test/TestNonBitmapResources.java"
glide,efa61f0d82519f5f40571fbc69f9bb81568e10b1,"library/src/androidTest/java/com/bumptech/glide/test/TestNonBitmapResources.java",EXTRACT_OPERATION,"library/src/androidTest/java/com/bumptech/glide/test/TestNonBitmapResources.java"
glide,a0628b8e19c11c88da31999d08ab22ac0567cee7,"library/src/main/java/com/bumptech/glide/load/resource/drawable/ResourceDrawableDecoder.java",EXTRACT_OPERATION,"library/src/main/java/com/bumptech/glide/load/resource/drawable/ResourceDrawableDecoder.java"
glide,a0628b8e19c11c88da31999d08ab22ac0567cee7,"library/src/main/java/com/bumptech/glide/load/resource/drawable/ResourceDrawableDecoder.java",EXTRACT_AND_MOVE_OPERATION,"library/src/main/java/com/bumptech/glide/load/resource/drawable/ResourceDrawableDecoder.java; library/src/main/java/com/bumptech/glide/load/resource/drawable/DrawableDecoderCompat.java"
glide,0b3e84bb91a5216541a89aa98e0ef6fa6db4e4c6,"library/src/test/java/com/bumptech/glide/request/SingleRequestTest.java",MOVE_AND_RENAME_OPERATION,"library/src/test/java/com/bumptech/glide/request/SingleRequestTest.java"
glide,0b3e84bb91a5216541a89aa98e0ef6fa6db4e4c6,"library/src/test/java/com/bumptech/glide/request/SingleRequestTest.java",MOVE_AND_RENAME_OPERATION,"library/src/test/java/com/bumptech/glide/request/SingleRequestTest.java"
glide,0b5d1bc127d5188fa2744848c4c4815166501dcc,"library/src/main/java/com/bumptech/glide/load/resource/bitmap/TransformationUtils.java",EXTRACT_OPERATION,"library/src/main/java/com/bumptech/glide/load/resource/bitmap/TransformationUtils.java"
glide,2d5bf5304b81562ce012267c3c7ee573e286f305,"library/src/main/java/com/bumptech/glide/request/target/ViewTarget.java",EXTRACT_OPERATION,"library/src/main/java/com/bumptech/glide/request/target/ViewTarget.java"
glide,da90633b91e817603bb25589b6589654926caea7,"library/src/main/java/com/bumptech/glide/Registry.java",EXTRACT_OPERATION,"library/src/main/java/com/bumptech/glide/Registry.java"
glide,da90633b91e817603bb25589b6589654926caea7,"library/src/main/java/com/bumptech/glide/Registry.java",EXTRACT_OPERATION,"library/src/main/java/com/bumptech/glide/Registry.java"
glide,d56e08cc020269360452c7caabc35565723986f8,"library/src/main/java/com/bumptech/glide/RequestBuilder.java",EXTRACT_OPERATION,"library/src/main/java/com/bumptech/glide/RequestBuilder.java"
glide,a0c5af1af736a06bdeee78f13de9bd7a072dc3b5,"library/src/main/java/com/bumptech/glide/manager/RequestManagerRetriever.java",EXTRACT_OPERATION,"library/src/main/java/com/bumptech/glide/manager/RequestManagerRetriever.java"
glide,b1b024ebced1e6aef74062cfd04f67d1ca4aa8f5,"library/src/main/java/com/bumptech/glide/load/resource/bitmap/Downsampler.java",EXTRACT_OPERATION,"library/src/main/java/com/bumptech/glide/load/resource/bitmap/Downsampler.java"
glide,b1b024ebced1e6aef74062cfd04f67d1ca4aa8f5,"library/src/main/java/com/bumptech/glide/load/resource/bitmap/Downsampler.java",EXTRACT_OPERATION,"library/src/main/java/com/bumptech/glide/load/resource/bitmap/Downsampler.java"
glide,b1b024ebced1e6aef74062cfd04f67d1ca4aa8f5,"library/src/main/java/com/bumptech/glide/load/resource/bitmap/Downsampler.java",EXTRACT_OPERATION,"library/src/main/java/com/bumptech/glide/load/resource/bitmap/Downsampler.java"
glide,a4af922db56c928a56bcb8bfc7651e32fe10fd10,"integration/okhttp3/src/main/java/com/bumptech/glide/integration/okhttp3/OkHttpStreamFetcher.java",EXTRACT_OPERATION,"integration/okhttp3/src/main/java/com/bumptech/glide/integration/okhttp3/OkHttpStreamFetcher.java"
glide,a4af922db56c928a56bcb8bfc7651e32fe10fd10,"integration/okhttp3/src/main/java/com/bumptech/glide/integration/okhttp3/OkHttpStreamFetcher.java",EXTRACT_OPERATION,"integration/okhttp3/src/main/java/com/bumptech/glide/integration/okhttp3/OkHttpStreamFetcher.java"
glide,8a149b939a5f85918aafe9a32e9d1bb7d545b0a6,"library/src/main/java/com/bumptech/glide/Registry.java",EXTRACT_OPERATION,"library/src/main/java/com/bumptech/glide/Registry.java"
glide,8a149b939a5f85918aafe9a32e9d1bb7d545b0a6,"library/src/main/java/com/bumptech/glide/Registry.java",EXTRACT_OPERATION,"library/src/main/java/com/bumptech/glide/Registry.java"
glide,48754e616b85e2324117188c90307bb5fa708b70,"library/src/main/java/com/bumptech/glide/load/engine/bitmap_recycle/LruBitmapPool.java",EXTRACT_OPERATION,"library/src/main/java/com/bumptech/glide/load/engine/bitmap_recycle/LruBitmapPool.java"
glide,63f842a3dc37208f3fd7aa01840f1e3beb40ca9f,"library/src/main/java/com/bumptech/glide/Glide.java",EXTRACT_OPERATION,"library/src/main/java/com/bumptech/glide/Glide.java"
glide,bd9e265e86137502038a582d5d884961df45b14d,"library/src/main/java/com/bumptech/glide/request/SingleRequest.java",EXTRACT_OPERATION,"library/src/main/java/com/bumptech/glide/request/SingleRequest.java"
glide,bf312c9db41df4d869bf19c32b74006317db8677,"library/src/main/java/com/bumptech/glide/request/BaseRequestOptions.java",MOVE_OPERATION,"library/src/main/java/com/bumptech/glide/request/RequestOptions.java"
glide,bf312c9db41df4d869bf19c32b74006317db8677,"library/src/main/java/com/bumptech/glide/request/BaseRequestOptions.java",MOVE_OPERATION,"library/src/main/java/com/bumptech/glide/request/RequestOptions.java"
glide,bf312c9db41df4d869bf19c32b74006317db8677,"library/src/main/java/com/bumptech/glide/request/BaseRequestOptions.java",MOVE_OPERATION,"library/src/main/java/com/bumptech/glide/request/RequestOptions.java"
glide,bf312c9db41df4d869bf19c32b74006317db8677,"library/src/main/java/com/bumptech/glide/request/BaseRequestOptions.java",MOVE_OPERATION,"library/src/main/java/com/bumptech/glide/request/RequestOptions.java"
glide,bf312c9db41df4d869bf19c32b74006317db8677,"library/src/main/java/com/bumptech/glide/request/BaseRequestOptions.java",MOVE_OPERATION,"library/src/main/java/com/bumptech/glide/request/RequestOptions.java"
glide,bf312c9db41df4d869bf19c32b74006317db8677,"library/src/main/java/com/bumptech/glide/request/BaseRequestOptions.java",MOVE_OPERATION,"library/src/main/java/com/bumptech/glide/request/RequestOptions.java"
glide,bf312c9db41df4d869bf19c32b74006317db8677,"library/src/main/java/com/bumptech/glide/request/BaseRequestOptions.java",MOVE_OPERATION,"library/src/main/java/com/bumptech/glide/request/RequestOptions.java"
glide,bf312c9db41df4d869bf19c32b74006317db8677,"library/src/main/java/com/bumptech/glide/request/BaseRequestOptions.java",MOVE_OPERATION,"library/src/main/java/com/bumptech/glide/request/RequestOptions.java"
glide,bf312c9db41df4d869bf19c32b74006317db8677,"library/src/main/java/com/bumptech/glide/request/BaseRequestOptions.java",MOVE_OPERATION,"library/src/main/java/com/bumptech/glide/request/RequestOptions.java"
glide,bf312c9db41df4d869bf19c32b74006317db8677,"library/src/main/java/com/bumptech/glide/request/BaseRequestOptions.java",MOVE_OPERATION,"library/src/main/java/com/bumptech/glide/request/RequestOptions.java"
glide,bf312c9db41df4d869bf19c32b74006317db8677,"library/src/main/java/com/bumptech/glide/request/BaseRequestOptions.java",MOVE_OPERATION,"library/src/main/java/com/bumptech/glide/request/RequestOptions.java"
glide,bf312c9db41df4d869bf19c32b74006317db8677,"library/src/main/java/com/bumptech/glide/request/BaseRequestOptions.java",MOVE_OPERATION,"library/src/main/java/com/bumptech/glide/request/RequestOptions.java"
glide,bf312c9db41df4d869bf19c32b74006317db8677,"library/src/main/java/com/bumptech/glide/request/BaseRequestOptions.java",MOVE_OPERATION,"library/src/main/java/com/bumptech/glide/request/RequestOptions.java"
glide,bf312c9db41df4d869bf19c32b74006317db8677,"library/src/main/java/com/bumptech/glide/request/BaseRequestOptions.java",MOVE_OPERATION,"library/src/main/java/com/bumptech/glide/request/RequestOptions.java"
glide,bf312c9db41df4d869bf19c32b74006317db8677,"library/src/main/java/com/bumptech/glide/request/BaseRequestOptions.java",MOVE_OPERATION,"library/src/main/java/com/bumptech/glide/request/RequestOptions.java"
glide,bf312c9db41df4d869bf19c32b74006317db8677,"library/src/main/java/com/bumptech/glide/request/BaseRequestOptions.java",MOVE_OPERATION,"library/src/main/java/com/bumptech/glide/request/RequestOptions.java"
glide,bf312c9db41df4d869bf19c32b74006317db8677,"library/src/main/java/com/bumptech/glide/request/BaseRequestOptions.java",MOVE_OPERATION,"library/src/main/java/com/bumptech/glide/request/RequestOptions.java"
glide,bf312c9db41df4d869bf19c32b74006317db8677,"library/src/main/java/com/bumptech/glide/request/BaseRequestOptions.java",MOVE_OPERATION,"library/src/main/java/com/bumptech/glide/request/RequestOptions.java"
glide,bf312c9db41df4d869bf19c32b74006317db8677,"library/src/main/java/com/bumptech/glide/request/BaseRequestOptions.java",MOVE_OPERATION,"library/src/main/java/com/bumptech/glide/request/RequestOptions.java"
glide,bf312c9db41df4d869bf19c32b74006317db8677,"library/src/main/java/com/bumptech/glide/request/BaseRequestOptions.java",MOVE_OPERATION,"library/src/main/java/com/bumptech/glide/request/RequestOptions.java"
glide,bf312c9db41df4d869bf19c32b74006317db8677,"library/src/main/java/com/bumptech/glide/request/BaseRequestOptions.java",MOVE_OPERATION,"library/src/main/java/com/bumptech/glide/request/RequestOptions.java"
glide,bf312c9db41df4d869bf19c32b74006317db8677,"library/src/main/java/com/bumptech/glide/request/BaseRequestOptions.java",MOVE_OPERATION,"library/src/main/java/com/bumptech/glide/request/RequestOptions.java"
glide,bf312c9db41df4d869bf19c32b74006317db8677,"library/src/main/java/com/bumptech/glide/request/BaseRequestOptions.java",MOVE_OPERATION,"library/src/main/java/com/bumptech/glide/request/RequestOptions.java"
glide,bf312c9db41df4d869bf19c32b74006317db8677,"library/src/main/java/com/bumptech/glide/request/BaseRequestOptions.java",MOVE_OPERATION,"library/src/main/java/com/bumptech/glide/request/RequestOptions.java"
glide,bf312c9db41df4d869bf19c32b74006317db8677,"library/src/main/java/com/bumptech/glide/request/BaseRequestOptions.java",MOVE_OPERATION,"library/src/main/java/com/bumptech/glide/request/RequestOptions.java"
glide,bf312c9db41df4d869bf19c32b74006317db8677,"library/src/main/java/com/bumptech/glide/request/BaseRequestOptions.java",MOVE_OPERATION,"library/src/main/java/com/bumptech/glide/request/RequestOptions.java"
glide,bf312c9db41df4d869bf19c32b74006317db8677,"library/src/main/java/com/bumptech/glide/request/BaseRequestOptions.java",MOVE_OPERATION,"library/src/main/java/com/bumptech/glide/request/RequestOptions.java"
glide,bf312c9db41df4d869bf19c32b74006317db8677,"library/src/main/java/com/bumptech/glide/request/BaseRequestOptions.java",MOVE_OPERATION,"library/src/main/java/com/bumptech/glide/request/RequestOptions.java"
glide,bf312c9db41df4d869bf19c32b74006317db8677,"library/src/main/java/com/bumptech/glide/request/BaseRequestOptions.java",MOVE_OPERATION,"library/src/main/java/com/bumptech/glide/request/RequestOptions.java"
glide,bf312c9db41df4d869bf19c32b74006317db8677,"library/src/main/java/com/bumptech/glide/request/BaseRequestOptions.java",MOVE_OPERATION,"library/src/main/java/com/bumptech/glide/request/RequestOptions.java"
glide,bf312c9db41df4d869bf19c32b74006317db8677,"library/src/main/java/com/bumptech/glide/request/BaseRequestOptions.java",MOVE_OPERATION,"library/src/main/java/com/bumptech/glide/request/RequestOptions.java"
glide,bf312c9db41df4d869bf19c32b74006317db8677,"library/src/main/java/com/bumptech/glide/request/BaseRequestOptions.java",MOVE_OPERATION,"library/src/main/java/com/bumptech/glide/request/RequestOptions.java"
glide,bf312c9db41df4d869bf19c32b74006317db8677,"library/src/main/java/com/bumptech/glide/request/BaseRequestOptions.java",MOVE_OPERATION,"library/src/main/java/com/bumptech/glide/request/RequestOptions.java"
glide,bf312c9db41df4d869bf19c32b74006317db8677,"library/src/main/java/com/bumptech/glide/request/BaseRequestOptions.java",MOVE_OPERATION,"library/src/main/java/com/bumptech/glide/request/RequestOptions.java"
glide,bf312c9db41df4d869bf19c32b74006317db8677,"library/src/main/java/com/bumptech/glide/request/BaseRequestOptions.java",MOVE_OPERATION,"library/src/main/java/com/bumptech/glide/request/RequestOptions.java"
glide,bf312c9db41df4d869bf19c32b74006317db8677,"library/src/main/java/com/bumptech/glide/request/BaseRequestOptions.java",MOVE_OPERATION,"library/src/main/java/com/bumptech/glide/request/RequestOptions.java"
glide,bf312c9db41df4d869bf19c32b74006317db8677,"library/src/main/java/com/bumptech/glide/request/BaseRequestOptions.java",MOVE_OPERATION,"library/src/main/java/com/bumptech/glide/request/RequestOptions.java"
glide,bf312c9db41df4d869bf19c32b74006317db8677,"library/src/main/java/com/bumptech/glide/request/BaseRequestOptions.java",MOVE_OPERATION,"library/src/main/java/com/bumptech/glide/request/RequestOptions.java"
glide,bf312c9db41df4d869bf19c32b74006317db8677,"library/src/main/java/com/bumptech/glide/request/BaseRequestOptions.java",MOVE_OPERATION,"library/src/main/java/com/bumptech/glide/request/RequestOptions.java"
glide,bf312c9db41df4d869bf19c32b74006317db8677,"library/src/main/java/com/bumptech/glide/request/BaseRequestOptions.java",MOVE_OPERATION,"library/src/main/java/com/bumptech/glide/request/RequestOptions.java"
glide,bf312c9db41df4d869bf19c32b74006317db8677,"library/src/main/java/com/bumptech/glide/request/BaseRequestOptions.java",MOVE_OPERATION,"library/src/main/java/com/bumptech/glide/request/RequestOptions.java"
glide,bf312c9db41df4d869bf19c32b74006317db8677,"library/src/main/java/com/bumptech/glide/request/BaseRequestOptions.java",MOVE_OPERATION,"library/src/main/java/com/bumptech/glide/request/RequestOptions.java"
glide,bf312c9db41df4d869bf19c32b74006317db8677,"library/src/main/java/com/bumptech/glide/request/BaseRequestOptions.java",MOVE_OPERATION,"library/src/main/java/com/bumptech/glide/request/RequestOptions.java"
glide,bf312c9db41df4d869bf19c32b74006317db8677,"library/src/main/java/com/bumptech/glide/request/BaseRequestOptions.java",MOVE_OPERATION,"library/src/main/java/com/bumptech/glide/request/RequestOptions.java"
glide,bf312c9db41df4d869bf19c32b74006317db8677,"library/src/main/java/com/bumptech/glide/request/BaseRequestOptions.java",MOVE_OPERATION,"library/src/main/java/com/bumptech/glide/request/RequestOptions.java"
glide,bf312c9db41df4d869bf19c32b74006317db8677,"library/src/main/java/com/bumptech/glide/request/BaseRequestOptions.java",MOVE_OPERATION,"library/src/main/java/com/bumptech/glide/request/RequestOptions.java"
glide,bf312c9db41df4d869bf19c32b74006317db8677,"library/src/main/java/com/bumptech/glide/request/BaseRequestOptions.java",MOVE_OPERATION,"library/src/main/java/com/bumptech/glide/request/RequestOptions.java"
glide,bf312c9db41df4d869bf19c32b74006317db8677,"library/src/main/java/com/bumptech/glide/request/BaseRequestOptions.java",MOVE_OPERATION,"library/src/main/java/com/bumptech/glide/request/RequestOptions.java"
glide,bf312c9db41df4d869bf19c32b74006317db8677,"library/src/main/java/com/bumptech/glide/request/BaseRequestOptions.java",MOVE_OPERATION,"library/src/main/java/com/bumptech/glide/request/RequestOptions.java"
glide,bf312c9db41df4d869bf19c32b74006317db8677,"library/src/main/java/com/bumptech/glide/request/BaseRequestOptions.java",MOVE_OPERATION,"library/src/main/java/com/bumptech/glide/request/RequestOptions.java"
glide,bf312c9db41df4d869bf19c32b74006317db8677,"library/src/main/java/com/bumptech/glide/request/BaseRequestOptions.java",MOVE_OPERATION,"library/src/main/java/com/bumptech/glide/request/RequestOptions.java"
glide,bf312c9db41df4d869bf19c32b74006317db8677,"library/src/main/java/com/bumptech/glide/request/BaseRequestOptions.java",MOVE_OPERATION,"library/src/main/java/com/bumptech/glide/request/RequestOptions.java"
glide,bf312c9db41df4d869bf19c32b74006317db8677,"library/src/main/java/com/bumptech/glide/request/BaseRequestOptions.java",MOVE_OPERATION,"library/src/main/java/com/bumptech/glide/request/RequestOptions.java"
glide,bf312c9db41df4d869bf19c32b74006317db8677,"library/src/main/java/com/bumptech/glide/request/BaseRequestOptions.java",MOVE_OPERATION,"library/src/main/java/com/bumptech/glide/request/RequestOptions.java"
glide,bf312c9db41df4d869bf19c32b74006317db8677,"library/src/main/java/com/bumptech/glide/request/BaseRequestOptions.java",MOVE_OPERATION,"library/src/main/java/com/bumptech/glide/request/RequestOptions.java"
glide,bf312c9db41df4d869bf19c32b74006317db8677,"library/src/main/java/com/bumptech/glide/request/BaseRequestOptions.java",MOVE_OPERATION,"library/src/main/java/com/bumptech/glide/request/RequestOptions.java"
glide,bf312c9db41df4d869bf19c32b74006317db8677,"library/src/main/java/com/bumptech/glide/request/BaseRequestOptions.java",MOVE_OPERATION,"library/src/main/java/com/bumptech/glide/request/RequestOptions.java"
glide,bf312c9db41df4d869bf19c32b74006317db8677,"library/src/main/java/com/bumptech/glide/request/BaseRequestOptions.java",MOVE_OPERATION,"library/src/main/java/com/bumptech/glide/request/RequestOptions.java"
glide,66f377006aa741c211f71ee3ebf8ca97fcf87aa7,"library/src/main/java/com/bumptech/glide/request/BaseRequestOptions.java",EXTRACT_OPERATION,"library/src/main/java/com/bumptech/glide/request/BaseRequestOptions.java"
glide,980ac625618f5e979aab925f928cade00a5de325,"library/src/main/java/com/bumptech/glide/request/target/ViewTarget.java",EXTRACT_OPERATION,"library/src/main/java/com/bumptech/glide/request/target/ViewTarget.java"
glide,980ac625618f5e979aab925f928cade00a5de325,"library/src/main/java/com/bumptech/glide/request/target/ViewTarget.java",EXTRACT_OPERATION,"library/src/main/java/com/bumptech/glide/request/target/ViewTarget.java"
glide,980ac625618f5e979aab925f928cade00a5de325,"library/src/main/java/com/bumptech/glide/request/target/ViewTarget.java",EXTRACT_OPERATION,"library/src/main/java/com/bumptech/glide/request/target/ViewTarget.java"
glide,980ac625618f5e979aab925f928cade00a5de325,"library/src/main/java/com/bumptech/glide/request/target/ViewTarget.java",EXTRACT_OPERATION,"library/src/main/java/com/bumptech/glide/request/target/ViewTarget.java"
glide,8761aa5adbcc68768d91600a6987b7eee6b71811,"library/src/main/java/com/bumptech/glide/request/BaseRequestOptions.java",EXTRACT_OPERATION,"library/src/main/java/com/bumptech/glide/request/BaseRequestOptions.java"
glide,8761aa5adbcc68768d91600a6987b7eee6b71811,"library/src/main/java/com/bumptech/glide/request/BaseRequestOptions.java",EXTRACT_OPERATION,"library/src/main/java/com/bumptech/glide/request/BaseRequestOptions.java"
glide,8761aa5adbcc68768d91600a6987b7eee6b71811,"library/src/main/java/com/bumptech/glide/request/BaseRequestOptions.java",EXTRACT_OPERATION,"library/src/main/java/com/bumptech/glide/request/BaseRequestOptions.java"
glide,8761aa5adbcc68768d91600a6987b7eee6b71811,"library/src/main/java/com/bumptech/glide/request/BaseRequestOptions.java",EXTRACT_OPERATION,"library/src/main/java/com/bumptech/glide/request/BaseRequestOptions.java"
glide,8761aa5adbcc68768d91600a6987b7eee6b71811,"library/src/main/java/com/bumptech/glide/request/BaseRequestOptions.java",EXTRACT_OPERATION,"library/src/main/java/com/bumptech/glide/request/BaseRequestOptions.java"
glide,8761aa5adbcc68768d91600a6987b7eee6b71811,"library/src/main/java/com/bumptech/glide/request/BaseRequestOptions.java",EXTRACT_OPERATION,"library/src/main/java/com/bumptech/glide/request/BaseRequestOptions.java"
glide,8761aa5adbcc68768d91600a6987b7eee6b71811,"library/src/main/java/com/bumptech/glide/request/BaseRequestOptions.java",EXTRACT_OPERATION,"library/src/main/java/com/bumptech/glide/request/BaseRequestOptions.java"
glide,8761aa5adbcc68768d91600a6987b7eee6b71811,"library/src/main/java/com/bumptech/glide/request/BaseRequestOptions.java",EXTRACT_OPERATION,"library/src/main/java/com/bumptech/glide/request/BaseRequestOptions.java"
glide,8761aa5adbcc68768d91600a6987b7eee6b71811,"library/src/main/java/com/bumptech/glide/request/BaseRequestOptions.java",EXTRACT_OPERATION,"library/src/main/java/com/bumptech/glide/request/BaseRequestOptions.java"
glide,8761aa5adbcc68768d91600a6987b7eee6b71811,"library/src/main/java/com/bumptech/glide/request/BaseRequestOptions.java",EXTRACT_OPERATION,"library/src/main/java/com/bumptech/glide/request/BaseRequestOptions.java"
glide,8761aa5adbcc68768d91600a6987b7eee6b71811,"library/src/main/java/com/bumptech/glide/request/RequestOptions.java",EXTRACT_OPERATION,"library/src/main/java/com/bumptech/glide/request/RequestOptions.java"
glide,8761aa5adbcc68768d91600a6987b7eee6b71811,"library/src/main/java/com/bumptech/glide/request/RequestOptions.java",EXTRACT_OPERATION,"library/src/main/java/com/bumptech/glide/request/RequestOptions.java"
glide,8761aa5adbcc68768d91600a6987b7eee6b71811,"library/src/main/java/com/bumptech/glide/request/RequestOptions.java",EXTRACT_OPERATION,"library/src/main/java/com/bumptech/glide/request/RequestOptions.java"
glide,8761aa5adbcc68768d91600a6987b7eee6b71811,"library/src/main/java/com/bumptech/glide/request/RequestOptions.java",EXTRACT_OPERATION,"library/src/main/java/com/bumptech/glide/request/RequestOptions.java"
glide,8761aa5adbcc68768d91600a6987b7eee6b71811,"library/src/main/java/com/bumptech/glide/request/RequestOptions.java",EXTRACT_OPERATION,"library/src/main/java/com/bumptech/glide/request/RequestOptions.java"
glide,91a8a8b8ff324e711b6a8a6c38e16d33ee697d24,"annotation/compiler/src/main/java/com/bumptech/glide/annotation/compiler/ProcessorUtil.java",EXTRACT_OPERATION,"annotation/compiler/src/main/java/com/bumptech/glide/annotation/compiler/ProcessorUtil.java"
glide,91a8a8b8ff324e711b6a8a6c38e16d33ee697d24,"annotation/compiler/src/main/java/com/bumptech/glide/annotation/compiler/ProcessorUtil.java",EXTRACT_OPERATION,"annotation/compiler/src/main/java/com/bumptech/glide/annotation/compiler/ProcessorUtil.java"
glide,91a8a8b8ff324e711b6a8a6c38e16d33ee697d24,"annotation/compiler/src/main/java/com/bumptech/glide/annotation/compiler/RequestManagerGenerator.java",EXTRACT_OPERATION,"annotation/compiler/src/main/java/com/bumptech/glide/annotation/compiler/RequestManagerGenerator.java"
glide,91a8a8b8ff324e711b6a8a6c38e16d33ee697d24,"library/src/main/java/com/bumptech/glide/RequestBuilder.java",EXTRACT_OPERATION,"library/src/main/java/com/bumptech/glide/RequestBuilder.java"
glide,99d98780069e1ec7950ca9170390d489b6492cad,"library/src/main/java/com/bumptech/glide/RequestManager.java",EXTRACT_OPERATION,"library/src/main/java/com/bumptech/glide/RequestManager.java"
glide,99d98780069e1ec7950ca9170390d489b6492cad,"library/src/main/java/com/bumptech/glide/RequestManager.java",EXTRACT_OPERATION,"library/src/main/java/com/bumptech/glide/RequestManager.java"
glide,99d98780069e1ec7950ca9170390d489b6492cad,"annotation/compiler/src/main/java/com/bumptech/glide/annotation/compiler/RequestOptionsGenerator.java",MOVE_OPERATION,"annotation/compiler/src/main/java/com/bumptech/glide/annotation/compiler/ProcessorUtil.java"
glide,99d98780069e1ec7950ca9170390d489b6492cad,"annotation/compiler/src/main/java/com/bumptech/glide/annotation/compiler/RequestOptionsGenerator.java",MOVE_OPERATION,"annotation/compiler/src/main/java/com/bumptech/glide/annotation/compiler/ProcessorUtil.java"
glide,99d98780069e1ec7950ca9170390d489b6492cad,"annotation/compiler/src/main/java/com/bumptech/glide/annotation/compiler/RequestOptionsGenerator.java",MOVE_OPERATION,"annotation/compiler/src/main/java/com/bumptech/glide/annotation/compiler/ProcessorUtil.java"
glide,99d98780069e1ec7950ca9170390d489b6492cad,"annotation/compiler/src/main/java/com/bumptech/glide/annotation/compiler/RequestOptionsGenerator.java",MOVE_AND_RENAME_OPERATION,"annotation/compiler/src/main/java/com/bumptech/glide/annotation/compiler/ProcessorUtil.java"
glide,99d98780069e1ec7950ca9170390d489b6492cad,"annotation/compiler/src/main/java/com/bumptech/glide/annotation/compiler/RequestOptionsGenerator.java",EXTRACT_AND_MOVE_OPERATION,"annotation/compiler/src/main/java/com/bumptech/glide/annotation/compiler/RequestOptionsGenerator.java; annotation/compiler/src/main/java/com/bumptech/glide/annotation/compiler/ProcessorUtil.java"
glide,99d98780069e1ec7950ca9170390d489b6492cad,"annotation/compiler/src/main/java/com/bumptech/glide/annotation/compiler/RootModuleGenerator.java",EXTRACT_AND_MOVE_OPERATION,"annotation/compiler/src/main/java/com/bumptech/glide/annotation/compiler/RootModuleGenerator.java; annotation/compiler/src/main/java/com/bumptech/glide/annotation/compiler/ProcessorUtil.java"
glide,4ab4b39c7d13ab6b71f738f630b8061f7ed90a48,"annotation/compiler/src/main/java/com/bumptech/glide/annotation/compiler/ChildModuleProcessor.java",MOVE_OPERATION,"annotation/compiler/src/main/java/com/bumptech/glide/annotation/compiler/ProcessorUtil.java"
glide,4ab4b39c7d13ab6b71f738f630b8061f7ed90a48,"annotation/compiler/src/main/java/com/bumptech/glide/annotation/compiler/GlideIndexerGenerator.java",MOVE_OPERATION,"annotation/compiler/src/main/java/com/bumptech/glide/annotation/compiler/IndexerGenerator.java"
glide,00039cebdacccf0d832099e319583895e44de599,"annotation/compiler/src/main/java/com/bumptech/glide/annotation/compiler/ModuleAnnotationProcessor.java",SPLIT_CLASS,"annotation/compiler/src/main/java/com/bumptech/glide/annotation/compiler/GlideAnnotationProcessor.java; annotation/compiler/src/main/java/com/bumptech/glide/annotation/compiler/ProcessorUtil.java"
glide,04b829d27c16f87dbcaa55469be445e697e514fa,"library/src/main/java/com/bumptech/glide/Glide.java",EXTRACT_OPERATION,"library/src/main/java/com/bumptech/glide/Glide.java"
glide,04b829d27c16f87dbcaa55469be445e697e514fa,"library/src/main/java/com/bumptech/glide/module/GlideModule.java",EXTRACT_INTERFACE,"library/src/main/java/com/bumptech/glide/module/GlideModule.java; library/src/main/java/com/bumptech/glide/module/AppliesOptions.java"
glide,04b829d27c16f87dbcaa55469be445e697e514fa,"library/src/main/java/com/bumptech/glide/module/GlideModule.java",EXTRACT_INTERFACE,"library/src/main/java/com/bumptech/glide/module/GlideModule.java; library/src/main/java/com/bumptech/glide/module/RegistersComponents.java"
glide,04b829d27c16f87dbcaa55469be445e697e514fa,"samples/flickr/src/main/java/com/bumptech/glide/samples/flickr/FlickrGlideModule.java; samples/giphy/src/main/java/com/bumptech/glide/samples/giphy/GiphyGlideModule.java; samples/svg/src/main/java/com/bumptech/glide/samples/svg/SvgModule.java",EXTRACT_SUPERCLASS,"samples/flickr/src/main/java/com/bumptech/glide/samples/flickr/FlickrGlideModule.java; samples/giphy/src/main/java/com/bumptech/glide/samples/giphy/GiphyGlideModule.java; samples/svg/src/main/java/com/bumptech/glide/samples/svg/SvgModule.java; library/src/main/java/com/bumptech/glide/module/RootGlideModule.java"
glide,04b829d27c16f87dbcaa55469be445e697e514fa,"samples/flickr/src/main/java/com/bumptech/glide/samples/flickr/FlickrGlideModule.java",PULL_UP_OPERATION,"library/src/main/java/com/bumptech/glide/module/RootGlideModule.java"
glide,04b829d27c16f87dbcaa55469be445e697e514fa,"samples/giphy/src/main/java/com/bumptech/glide/samples/giphy/GiphyGlideModule.java",PULL_UP_OPERATION,"library/src/main/java/com/bumptech/glide/module/RootGlideModule.java"
glide,04b829d27c16f87dbcaa55469be445e697e514fa,"samples/svg/src/main/java/com/bumptech/glide/samples/svg/SvgModule.java",PULL_UP_OPERATION,"library/src/main/java/com/bumptech/glide/module/RootGlideModule.java"
glide,04b829d27c16f87dbcaa55469be445e697e514fa,"library/src/main/java/com/bumptech/glide/module/GlideModule.java",PULL_UP_OPERATION,"library/src/main/java/com/bumptech/glide/module/AppliesOptions.java"
glide,04b829d27c16f87dbcaa55469be445e697e514fa,"library/src/main/java/com/bumptech/glide/module/GlideModule.java",PULL_UP_OPERATION,"library/src/main/java/com/bumptech/glide/module/RegistersComponents.java"
glide,1524360e9012c2fd3900892ea0542ad0723f90e0,"library/src/main/java/com/bumptech/glide/Glide.java",EXTRACT_OPERATION,"library/src/main/java/com/bumptech/glide/Glide.java"
glide,aab4fa3b0c3d9cc7677619dc504ef58bb4ea25fd,"library/src/test/java/com/bumptech/glide/load/model/MultiModelLoaderFactoryTest.java",EXTRACT_OPERATION,"library/src/test/java/com/bumptech/glide/load/model/MultiModelLoaderFactoryTest.java"
glide,aab4fa3b0c3d9cc7677619dc504ef58bb4ea25fd,"library/src/test/java/com/bumptech/glide/load/model/MultiModelLoaderFactoryTest.java",EXTRACT_OPERATION,"library/src/test/java/com/bumptech/glide/load/model/MultiModelLoaderFactoryTest.java"
glide,aab4fa3b0c3d9cc7677619dc504ef58bb4ea25fd,"library/src/test/java/com/bumptech/glide/load/model/MultiModelLoaderFactoryTest.java",EXTRACT_OPERATION,"library/src/test/java/com/bumptech/glide/load/model/MultiModelLoaderFactoryTest.java"
glide,aab4fa3b0c3d9cc7677619dc504ef58bb4ea25fd,"library/src/test/java/com/bumptech/glide/load/model/MultiModelLoaderFactoryTest.java",EXTRACT_OPERATION,"library/src/test/java/com/bumptech/glide/load/model/MultiModelLoaderFactoryTest.java"
glide,aab4fa3b0c3d9cc7677619dc504ef58bb4ea25fd,"library/src/test/java/com/bumptech/glide/load/resource/gif/GifFrameLoaderTest.java",EXTRACT_OPERATION,"library/src/test/java/com/bumptech/glide/load/resource/gif/GifFrameLoaderTest.java"
glide,aab4fa3b0c3d9cc7677619dc504ef58bb4ea25fd,"library/src/test/java/com/bumptech/glide/load/resource/gif/GifFrameLoaderTest.java",EXTRACT_OPERATION,"library/src/test/java/com/bumptech/glide/load/resource/gif/GifFrameLoaderTest.java"
glide,aab4fa3b0c3d9cc7677619dc504ef58bb4ea25fd,"library/src/test/java/com/bumptech/glide/load/resource/gif/GifFrameLoaderTest.java",EXTRACT_OPERATION,"library/src/test/java/com/bumptech/glide/load/resource/gif/GifFrameLoaderTest.java"
glide,aab4fa3b0c3d9cc7677619dc504ef58bb4ea25fd,"library/src/test/java/com/bumptech/glide/load/resource/gif/GifFrameLoaderTest.java",EXTRACT_OPERATION,"library/src/test/java/com/bumptech/glide/load/resource/gif/GifFrameLoaderTest.java"
glide,aab4fa3b0c3d9cc7677619dc504ef58bb4ea25fd,"library/src/test/java/com/bumptech/glide/load/resource/gif/GifFrameLoaderTest.java",EXTRACT_OPERATION,"library/src/test/java/com/bumptech/glide/load/resource/gif/GifFrameLoaderTest.java"
glide,aab4fa3b0c3d9cc7677619dc504ef58bb4ea25fd,"library/src/test/java/com/bumptech/glide/load/resource/gif/GifFrameLoaderTest.java",EXTRACT_OPERATION,"library/src/test/java/com/bumptech/glide/load/resource/gif/GifFrameLoaderTest.java"
glide,aab4fa3b0c3d9cc7677619dc504ef58bb4ea25fd,"library/src/test/java/com/bumptech/glide/load/resource/gif/GifFrameLoaderTest.java",EXTRACT_OPERATION,"library/src/test/java/com/bumptech/glide/load/resource/gif/GifFrameLoaderTest.java"
glide,aab4fa3b0c3d9cc7677619dc504ef58bb4ea25fd,"library/src/test/java/com/bumptech/glide/load/MultiTransformationTest.java",EXTRACT_AND_MOVE_OPERATION,"library/src/test/java/com/bumptech/glide/load/MultiTransformationTest.java; library/src/test/java/com/bumptech/glide/tests/Util.java"
glide,aab4fa3b0c3d9cc7677619dc504ef58bb4ea25fd,"library/src/test/java/com/bumptech/glide/load/engine/EngineResourceTest.java",EXTRACT_AND_MOVE_OPERATION,"library/src/test/java/com/bumptech/glide/load/engine/EngineResourceTest.java; library/src/test/java/com/bumptech/glide/tests/Util.java"
glide,aab4fa3b0c3d9cc7677619dc504ef58bb4ea25fd,"library/src/test/java/com/bumptech/glide/load/engine/EngineTest.java",EXTRACT_AND_MOVE_OPERATION,"library/src/test/java/com/bumptech/glide/load/engine/EngineTest.java; library/src/test/java/com/bumptech/glide/tests/Util.java"
glide,aab4fa3b0c3d9cc7677619dc504ef58bb4ea25fd,"library/src/test/java/com/bumptech/glide/load/engine/EngineTest.java",EXTRACT_AND_MOVE_OPERATION,"library/src/test/java/com/bumptech/glide/load/engine/EngineTest.java; library/src/test/java/com/bumptech/glide/tests/Util.java"
glide,aab4fa3b0c3d9cc7677619dc504ef58bb4ea25fd,"library/src/test/java/com/bumptech/glide/load/engine/ResourceRecyclerTest.java",EXTRACT_AND_MOVE_OPERATION,"library/src/test/java/com/bumptech/glide/load/engine/ResourceRecyclerTest.java; library/src/test/java/com/bumptech/glide/tests/Util.java"
glide,aab4fa3b0c3d9cc7677619dc504ef58bb4ea25fd,"library/src/test/java/com/bumptech/glide/load/engine/ResourceRecyclerTest.java",EXTRACT_AND_MOVE_OPERATION,"library/src/test/java/com/bumptech/glide/load/engine/ResourceRecyclerTest.java; library/src/test/java/com/bumptech/glide/tests/Util.java"
glide,aab4fa3b0c3d9cc7677619dc504ef58bb4ea25fd,"library/src/test/java/com/bumptech/glide/load/engine/cache/LruResourceCacheTest.java",EXTRACT_AND_MOVE_OPERATION,"library/src/test/java/com/bumptech/glide/load/engine/cache/LruResourceCacheTest.java; library/src/test/java/com/bumptech/glide/tests/Util.java"
glide,aab4fa3b0c3d9cc7677619dc504ef58bb4ea25fd,"library/src/test/java/com/bumptech/glide/load/engine/cache/LruResourceCacheTest.java",EXTRACT_AND_MOVE_OPERATION,"library/src/test/java/com/bumptech/glide/load/engine/cache/LruResourceCacheTest.java; library/src/test/java/com/bumptech/glide/tests/Util.java"
glide,aab4fa3b0c3d9cc7677619dc504ef58bb4ea25fd,"library/src/test/java/com/bumptech/glide/load/resource/UnitTransformationTest.java",EXTRACT_AND_MOVE_OPERATION,"library/src/test/java/com/bumptech/glide/load/resource/UnitTransformationTest.java; library/src/test/java/com/bumptech/glide/tests/Util.java"
glide,aab4fa3b0c3d9cc7677619dc504ef58bb4ea25fd,"library/src/test/java/com/bumptech/glide/load/resource/bitmap/BitmapDrawableTransformationTest.java",EXTRACT_AND_MOVE_OPERATION,"library/src/test/java/com/bumptech/glide/load/resource/bitmap/BitmapDrawableTransformationTest.java; library/src/test/java/com/bumptech/glide/tests/Util.java"
glide,aab4fa3b0c3d9cc7677619dc504ef58bb4ea25fd,"library/src/test/java/com/bumptech/glide/load/resource/bitmap/BitmapDrawableTransformationTest.java",EXTRACT_AND_MOVE_OPERATION,"library/src/test/java/com/bumptech/glide/load/resource/bitmap/BitmapDrawableTransformationTest.java; library/src/test/java/com/bumptech/glide/tests/Util.java"
glide,aab4fa3b0c3d9cc7677619dc504ef58bb4ea25fd,"library/src/test/java/com/bumptech/glide/load/resource/bitmap/BitmapTransformationTest.java",EXTRACT_AND_MOVE_OPERATION,"library/src/test/java/com/bumptech/glide/load/resource/bitmap/BitmapTransformationTest.java; library/src/test/java/com/bumptech/glide/tests/Util.java"
glide,aab4fa3b0c3d9cc7677619dc504ef58bb4ea25fd,"library/src/test/java/com/bumptech/glide/load/resource/gif/GifDrawableTransformationTest.java",EXTRACT_AND_MOVE_OPERATION,"library/src/test/java/com/bumptech/glide/load/resource/gif/GifDrawableTransformationTest.java; library/src/test/java/com/bumptech/glide/tests/Util.java"
glide,aab4fa3b0c3d9cc7677619dc504ef58bb4ea25fd,"library/src/test/java/com/bumptech/glide/load/resource/transcode/BitmapDrawableTranscoderTest.java",EXTRACT_AND_MOVE_OPERATION,"library/src/test/java/com/bumptech/glide/load/resource/transcode/BitmapDrawableTranscoderTest.java; library/src/test/java/com/bumptech/glide/tests/Util.java"
glide,aab4fa3b0c3d9cc7677619dc504ef58bb4ea25fd,"library/src/test/java/com/bumptech/glide/load/resource/transcode/GifDrawableBytesTranscoderTest.java",EXTRACT_AND_MOVE_OPERATION,"library/src/test/java/com/bumptech/glide/load/resource/transcode/GifDrawableBytesTranscoderTest.java; library/src/test/java/com/bumptech/glide/tests/Util.java"
glide,aab4fa3b0c3d9cc7677619dc504ef58bb4ea25fd,"library/src/test/java/com/bumptech/glide/load/resource/transcode/UnitTranscoderTest.java",EXTRACT_AND_MOVE_OPERATION,"library/src/test/java/com/bumptech/glide/load/resource/transcode/UnitTranscoderTest.java; library/src/test/java/com/bumptech/glide/tests/Util.java"
glide,51ae91a9165be50185372ea79cdc8aa21a9f5b54,"library/src/main/java/com/bumptech/glide/load/data/StreamLocalUriFetcher.java",EXTRACT_OPERATION,"library/src/main/java/com/bumptech/glide/load/data/StreamLocalUriFetcher.java"
glide,bf70b83039349e29059c537e742548ce6c1510ad,"library/src/main/java/com/bumptech/glide/request/target/ImageViewTarget.java",EXTRACT_OPERATION,"library/src/main/java/com/bumptech/glide/request/target/ImageViewTarget.java"
glide,bf70b83039349e29059c537e742548ce6c1510ad,"library/src/main/java/com/bumptech/glide/request/target/ImageViewTarget.java",EXTRACT_OPERATION,"library/src/main/java/com/bumptech/glide/request/target/ImageViewTarget.java"
glide,bf70b83039349e29059c537e742548ce6c1510ad,"library/src/main/java/com/bumptech/glide/request/target/ImageViewTarget.java",EXTRACT_OPERATION,"library/src/main/java/com/bumptech/glide/request/target/ImageViewTarget.java"
glide,bf70b83039349e29059c537e742548ce6c1510ad,"library/src/main/java/com/bumptech/glide/request/target/ImageViewTarget.java",EXTRACT_OPERATION,"library/src/main/java/com/bumptech/glide/request/target/ImageViewTarget.java"
glide,bf70b83039349e29059c537e742548ce6c1510ad,"library/src/main/java/com/bumptech/glide/request/target/ImageViewTarget.java",EXTRACT_OPERATION,"library/src/main/java/com/bumptech/glide/request/target/ImageViewTarget.java"
glide,4aa684fa9a303bb614536a565fa1b7506253ae88,"library/src/main/java/com/bumptech/glide/load/resource/drawable/DrawableTransitionOptions.java",EXTRACT_OPERATION,"library/src/main/java/com/bumptech/glide/load/resource/drawable/DrawableTransitionOptions.java"
glide,4aa684fa9a303bb614536a565fa1b7506253ae88,"library/src/main/java/com/bumptech/glide/load/resource/drawable/DrawableTransitionOptions.java",EXTRACT_OPERATION,"library/src/main/java/com/bumptech/glide/load/resource/drawable/DrawableTransitionOptions.java"
glide,4aa684fa9a303bb614536a565fa1b7506253ae88,"library/src/main/java/com/bumptech/glide/load/resource/drawable/DrawableTransitionOptions.java",EXTRACT_OPERATION,"library/src/main/java/com/bumptech/glide/load/resource/drawable/DrawableTransitionOptions.java"
glide,4aa684fa9a303bb614536a565fa1b7506253ae88,"library/src/main/java/com/bumptech/glide/request/transition/DrawableCrossFadeFactory.java",EXTRACT_OPERATION,"library/src/main/java/com/bumptech/glide/request/transition/DrawableCrossFadeFactory.java"
glide,4aa684fa9a303bb614536a565fa1b7506253ae88,"library/src/main/java/com/bumptech/glide/request/transition/DrawableCrossFadeFactory.java",EXTRACT_OPERATION,"library/src/main/java/com/bumptech/glide/request/transition/DrawableCrossFadeFactory.java"
glide,4aa684fa9a303bb614536a565fa1b7506253ae88,"library/src/main/java/com/bumptech/glide/request/transition/DrawableCrossFadeFactory.java",EXTRACT_CLASS,"library/src/main/java/com/bumptech/glide/request/transition/DrawableCrossFadeFactory.java; library/src/main/java/com/bumptech/glide/request/transition/DrawableCrossFadeFactory.java"
glide,4aa684fa9a303bb614536a565fa1b7506253ae88,"library/src/main/java/com/bumptech/glide/request/transition/DrawableCrossFadeFactory.java",MOVE_AND_RENAME_OPERATION,"library/src/main/java/com/bumptech/glide/request/transition/DrawableCrossFadeFactory.java"
glide,be8f9863addae9f6c8850106852b46adcd63eab9,"library/src/test/java/com/bumptech/glide/load/resource/bitmap/DownsamplerTest.java",EXTRACT_OPERATION,"library/src/test/java/com/bumptech/glide/load/resource/bitmap/DownsamplerTest.java"
glide,4f633ec53f0950d7b4c2de28b441f54955142299,"library/src/main/java/com/bumptech/glide/load/data/StreamLocalUriFetcher.java",EXTRACT_OPERATION,"library/src/main/java/com/bumptech/glide/load/data/StreamLocalUriFetcher.java"
glide,32f25e61f2e3deaf82a09ddb5abc0dcebacf4ff8,"library/src/main/java/com/bumptech/glide/load/resource/bitmap/TransformationUtils.java",EXTRACT_OPERATION,"library/src/main/java/com/bumptech/glide/load/resource/bitmap/TransformationUtils.java"
glide,32f25e61f2e3deaf82a09ddb5abc0dcebacf4ff8,"library/src/main/java/com/bumptech/glide/load/resource/bitmap/TransformationUtils.java",EXTRACT_OPERATION,"library/src/main/java/com/bumptech/glide/load/resource/bitmap/TransformationUtils.java"
glide,32f25e61f2e3deaf82a09ddb5abc0dcebacf4ff8,"library/src/main/java/com/bumptech/glide/load/resource/bitmap/TransformationUtils.java",EXTRACT_OPERATION,"library/src/main/java/com/bumptech/glide/load/resource/bitmap/TransformationUtils.java"
glide,59f3d9cbbd73675f155e5cf9e7ccf99a3dce450f,"library/src/main/java/com/bumptech/glide/load/resource/bitmap/TransformationUtils.java",EXTRACT_OPERATION,"library/src/main/java/com/bumptech/glide/load/resource/bitmap/TransformationUtils.java"
glide,59f3d9cbbd73675f155e5cf9e7ccf99a3dce450f,"library/src/main/java/com/bumptech/glide/load/resource/bitmap/TransformationUtils.java",EXTRACT_OPERATION,"library/src/main/java/com/bumptech/glide/load/resource/bitmap/TransformationUtils.java"
glide,59f3d9cbbd73675f155e5cf9e7ccf99a3dce450f,"library/src/main/java/com/bumptech/glide/load/resource/bitmap/TransformationUtils.java",EXTRACT_OPERATION,"library/src/main/java/com/bumptech/glide/load/resource/bitmap/TransformationUtils.java"
glide,22c5c8fe925673a4ae2de128cd30ad7911fa2f53,"library/src/main/java/com/bumptech/glide/request/SingleRequest.java",EXTRACT_OPERATION,"library/src/main/java/com/bumptech/glide/request/SingleRequest.java"
glide,cd5b86f6a6bffa5ab249ad70f19cddc7b4274b53,"library/src/main/java/com/bumptech/glide/load/resource/bitmap/TransformationUtils.java",EXTRACT_OPERATION,"library/src/main/java/com/bumptech/glide/load/resource/bitmap/TransformationUtils.java"
glide,85506abeaa9b10ba4c81848772785b60242ba5d7,"library/src/main/java/com/bumptech/glide/load/engine/bitmap_recycle/LruArrayPool.java",EXTRACT_OPERATION,"library/src/main/java/com/bumptech/glide/load/engine/bitmap_recycle/LruArrayPool.java"
glide,5373064dfdb10b753ad8cb693e178e4ff3b50d82,"third_party/gif_decoder/src/main/java/com/bumptech/glide/gifdecoder/GifHeaderParser.java",EXTRACT_OPERATION,"third_party/gif_decoder/src/main/java/com/bumptech/glide/gifdecoder/GifHeaderParser.java"
glide,b83aa6a5c226df9038e86f1dc156e3c1558fb0e5,"library/src/main/java/com/bumptech/glide/load/engine/bitmap_recycle/LruByteArrayPool.java",EXTRACT_CLASS,"library/src/main/java/com/bumptech/glide/load/engine/bitmap_recycle/LruByteArrayPool.java; library/src/main/java/com/bumptech/glide/load/engine/bitmap_recycle/LruArrayPool.java"
glide,b83aa6a5c226df9038e86f1dc156e3c1558fb0e5,"library/src/main/java/com/bumptech/glide/load/engine/bitmap_recycle/LruByteArrayPool.java",MOVE_OPERATION,"library/src/main/java/com/bumptech/glide/load/engine/bitmap_recycle/LruArrayPool.java"
glide,b83aa6a5c226df9038e86f1dc156e3c1558fb0e5,"library/src/main/java/com/bumptech/glide/load/engine/bitmap_recycle/LruByteArrayPool.java",MOVE_OPERATION,"library/src/main/java/com/bumptech/glide/load/engine/bitmap_recycle/LruArrayPool.java"
glide,b83aa6a5c226df9038e86f1dc156e3c1558fb0e5,"library/src/main/java/com/bumptech/glide/load/engine/bitmap_recycle/LruByteArrayPool.java",MOVE_OPERATION,"library/src/main/java/com/bumptech/glide/load/engine/bitmap_recycle/LruArrayPool.java"
glide,b83aa6a5c226df9038e86f1dc156e3c1558fb0e5,"library/src/main/java/com/bumptech/glide/load/engine/bitmap_recycle/LruByteArrayPool.java",MOVE_OPERATION,"library/src/main/java/com/bumptech/glide/load/engine/bitmap_recycle/LruArrayPool.java"
glide,b83aa6a5c226df9038e86f1dc156e3c1558fb0e5,"library/src/main/java/com/bumptech/glide/load/engine/bitmap_recycle/LruByteArrayPool.java",MOVE_OPERATION,"library/src/main/java/com/bumptech/glide/load/engine/bitmap_recycle/LruArrayPool.java"
glide,b83aa6a5c226df9038e86f1dc156e3c1558fb0e5,"library/src/main/java/com/bumptech/glide/load/engine/bitmap_recycle/LruByteArrayPool.java",MOVE_OPERATION,"library/src/main/java/com/bumptech/glide/load/engine/bitmap_recycle/LruArrayPool.java"
glide,b83aa6a5c226df9038e86f1dc156e3c1558fb0e5,"library/src/main/java/com/bumptech/glide/load/engine/bitmap_recycle/LruByteArrayPool.java",MOVE_OPERATION,"library/src/main/java/com/bumptech/glide/load/engine/bitmap_recycle/LruArrayPool.java"
glide,b83aa6a5c226df9038e86f1dc156e3c1558fb0e5,"library/src/main/java/com/bumptech/glide/load/engine/bitmap_recycle/ByteArrayPool.java",MOVE_OPERATION,"library/src/main/java/com/bumptech/glide/load/engine/bitmap_recycle/ArrayPool.java"
glide,b83aa6a5c226df9038e86f1dc156e3c1558fb0e5,"library/src/main/java/com/bumptech/glide/load/engine/bitmap_recycle/ByteArrayPool.java",MOVE_OPERATION,"library/src/main/java/com/bumptech/glide/load/engine/bitmap_recycle/ArrayPool.java"
glide,b83aa6a5c226df9038e86f1dc156e3c1558fb0e5,"library/src/main/java/com/bumptech/glide/load/engine/bitmap_recycle/LruByteArrayPool.java",MOVE_AND_RENAME_OPERATION,"library/src/main/java/com/bumptech/glide/load/engine/bitmap_recycle/LruArrayPool.java"
glide,998c413d73fccf92ec19b971a105d6c0f02a4b5c,"library/src/main/java/com/bumptech/glide/load/engine/bitmap_recycle/ArrayPool.java",MOVE_OPERATION,"library/src/main/java/com/bumptech/glide/load/engine/bitmap_recycle/ByteArrayPool.java"
glide,998c413d73fccf92ec19b971a105d6c0f02a4b5c,"library/src/main/java/com/bumptech/glide/load/engine/bitmap_recycle/ArrayPool.java",MOVE_OPERATION,"library/src/main/java/com/bumptech/glide/load/engine/bitmap_recycle/ByteArrayPool.java"
glide,998c413d73fccf92ec19b971a105d6c0f02a4b5c,"library/src/main/java/com/bumptech/glide/load/engine/bitmap_recycle/LruArrayPool.java",MOVE_OPERATION,"library/src/main/java/com/bumptech/glide/load/engine/bitmap_recycle/LruByteArrayPool.java"
glide,998c413d73fccf92ec19b971a105d6c0f02a4b5c,"library/src/main/java/com/bumptech/glide/load/engine/bitmap_recycle/LruArrayPool.java",MOVE_OPERATION,"library/src/main/java/com/bumptech/glide/load/engine/bitmap_recycle/LruByteArrayPool.java"
glide,998c413d73fccf92ec19b971a105d6c0f02a4b5c,"library/src/main/java/com/bumptech/glide/load/engine/bitmap_recycle/LruArrayPool.java",MOVE_OPERATION,"library/src/main/java/com/bumptech/glide/load/engine/bitmap_recycle/LruByteArrayPool.java"
glide,998c413d73fccf92ec19b971a105d6c0f02a4b5c,"library/src/main/java/com/bumptech/glide/load/engine/bitmap_recycle/LruArrayPool.java",MOVE_OPERATION,"library/src/main/java/com/bumptech/glide/load/engine/bitmap_recycle/LruByteArrayPool.java"
glide,998c413d73fccf92ec19b971a105d6c0f02a4b5c,"library/src/main/java/com/bumptech/glide/load/engine/bitmap_recycle/LruArrayPool.java",MOVE_OPERATION,"library/src/main/java/com/bumptech/glide/load/engine/bitmap_recycle/LruByteArrayPool.java"
glide,998c413d73fccf92ec19b971a105d6c0f02a4b5c,"library/src/main/java/com/bumptech/glide/load/engine/bitmap_recycle/LruArrayPool.java",MOVE_OPERATION,"library/src/main/java/com/bumptech/glide/load/engine/bitmap_recycle/LruByteArrayPool.java"
glide,998c413d73fccf92ec19b971a105d6c0f02a4b5c,"library/src/main/java/com/bumptech/glide/load/engine/bitmap_recycle/LruArrayPool.java",MOVE_AND_RENAME_OPERATION,"library/src/main/java/com/bumptech/glide/load/engine/bitmap_recycle/LruByteArrayPool.java"
glide,daa7e67ea0e2aab02d40b75905c13262c46ec051,"library/src/main/java/com/bumptech/glide/load/engine/bitmap_recycle/LruByteArrayPool.java",EXTRACT_CLASS,"library/src/main/java/com/bumptech/glide/load/engine/bitmap_recycle/LruByteArrayPool.java; library/src/main/java/com/bumptech/glide/load/engine/bitmap_recycle/LruArrayPool.java"
glide,daa7e67ea0e2aab02d40b75905c13262c46ec051,"library/src/main/java/com/bumptech/glide/load/engine/bitmap_recycle/LruByteArrayPool.java",MOVE_OPERATION,"library/src/main/java/com/bumptech/glide/load/engine/bitmap_recycle/LruArrayPool.java"
glide,daa7e67ea0e2aab02d40b75905c13262c46ec051,"library/src/main/java/com/bumptech/glide/load/engine/bitmap_recycle/LruByteArrayPool.java",MOVE_OPERATION,"library/src/main/java/com/bumptech/glide/load/engine/bitmap_recycle/LruArrayPool.java"
glide,daa7e67ea0e2aab02d40b75905c13262c46ec051,"library/src/main/java/com/bumptech/glide/load/engine/bitmap_recycle/LruByteArrayPool.java",MOVE_OPERATION,"library/src/main/java/com/bumptech/glide/load/engine/bitmap_recycle/LruArrayPool.java"
glide,daa7e67ea0e2aab02d40b75905c13262c46ec051,"library/src/main/java/com/bumptech/glide/load/engine/bitmap_recycle/LruByteArrayPool.java",MOVE_OPERATION,"library/src/main/java/com/bumptech/glide/load/engine/bitmap_recycle/LruArrayPool.java"
glide,daa7e67ea0e2aab02d40b75905c13262c46ec051,"library/src/main/java/com/bumptech/glide/load/engine/bitmap_recycle/LruByteArrayPool.java",MOVE_OPERATION,"library/src/main/java/com/bumptech/glide/load/engine/bitmap_recycle/LruArrayPool.java"
glide,daa7e67ea0e2aab02d40b75905c13262c46ec051,"library/src/main/java/com/bumptech/glide/load/engine/bitmap_recycle/LruByteArrayPool.java",MOVE_OPERATION,"library/src/main/java/com/bumptech/glide/load/engine/bitmap_recycle/LruArrayPool.java"
glide,daa7e67ea0e2aab02d40b75905c13262c46ec051,"library/src/main/java/com/bumptech/glide/load/engine/bitmap_recycle/LruByteArrayPool.java",MOVE_OPERATION,"library/src/main/java/com/bumptech/glide/load/engine/bitmap_recycle/LruArrayPool.java"
glide,daa7e67ea0e2aab02d40b75905c13262c46ec051,"library/src/main/java/com/bumptech/glide/load/engine/bitmap_recycle/ByteArrayPool.java",MOVE_OPERATION,"library/src/main/java/com/bumptech/glide/load/engine/bitmap_recycle/ArrayPool.java"
glide,daa7e67ea0e2aab02d40b75905c13262c46ec051,"library/src/main/java/com/bumptech/glide/load/engine/bitmap_recycle/ByteArrayPool.java",MOVE_OPERATION,"library/src/main/java/com/bumptech/glide/load/engine/bitmap_recycle/ArrayPool.java"
glide,daa7e67ea0e2aab02d40b75905c13262c46ec051,"library/src/main/java/com/bumptech/glide/load/engine/bitmap_recycle/LruByteArrayPool.java",MOVE_AND_RENAME_OPERATION,"library/src/main/java/com/bumptech/glide/load/engine/bitmap_recycle/LruArrayPool.java"
glide,c001fa8996da6bac9ea75c89c617f1a728d57cdc,"third_party/gif_encoder/src/main/java/com/bumptech/glide/gifencoder/AnimatedGifEncoder.java",EXTRACT_OPERATION,"third_party/gif_encoder/src/main/java/com/bumptech/glide/gifencoder/AnimatedGifEncoder.java"
glide,15df1f6c7eaf6c356955eb594bb5c543c0066b9e,"library/src/main/java/com/bumptech/glide/RequestBuilder.java",EXTRACT_OPERATION,"library/src/main/java/com/bumptech/glide/RequestBuilder.java"
glide,15df1f6c7eaf6c356955eb594bb5c543c0066b9e,"library/src/test/java/com/bumptech/glide/GlideTest.java",EXTRACT_AND_MOVE_OPERATION,"library/src/test/java/com/bumptech/glide/GlideTest.java; library/src/main/java/com/bumptech/glide/RequestManager.java"
glide,15df1f6c7eaf6c356955eb594bb5c543c0066b9e,"library/src/test/java/com/bumptech/glide/GlideTest.java",EXTRACT_AND_MOVE_OPERATION,"library/src/test/java/com/bumptech/glide/GlideTest.java; library/src/main/java/com/bumptech/glide/RequestManager.java"
glide,15df1f6c7eaf6c356955eb594bb5c543c0066b9e,"library/src/test/java/com/bumptech/glide/GlideTest.java",EXTRACT_AND_MOVE_OPERATION,"library/src/test/java/com/bumptech/glide/GlideTest.java; library/src/main/java/com/bumptech/glide/RequestManager.java"
glide,15df1f6c7eaf6c356955eb594bb5c543c0066b9e,"library/src/test/java/com/bumptech/glide/GlideTest.java",EXTRACT_AND_MOVE_OPERATION,"library/src/test/java/com/bumptech/glide/GlideTest.java; library/src/main/java/com/bumptech/glide/RequestManager.java"
glide,15df1f6c7eaf6c356955eb594bb5c543c0066b9e,"library/src/test/java/com/bumptech/glide/GlideTest.java",EXTRACT_AND_MOVE_OPERATION,"library/src/test/java/com/bumptech/glide/GlideTest.java; library/src/main/java/com/bumptech/glide/RequestManager.java"
glide,15df1f6c7eaf6c356955eb594bb5c543c0066b9e,"library/src/test/java/com/bumptech/glide/GlideTest.java",EXTRACT_AND_MOVE_OPERATION,"library/src/test/java/com/bumptech/glide/GlideTest.java; library/src/main/java/com/bumptech/glide/RequestManager.java"
glide,15df1f6c7eaf6c356955eb594bb5c543c0066b9e,"library/src/test/java/com/bumptech/glide/GlideTest.java",EXTRACT_AND_MOVE_OPERATION,"library/src/test/java/com/bumptech/glide/GlideTest.java; library/src/main/java/com/bumptech/glide/RequestManager.java"
glide,15df1f6c7eaf6c356955eb594bb5c543c0066b9e,"library/src/test/java/com/bumptech/glide/GlideTest.java",EXTRACT_AND_MOVE_OPERATION,"library/src/test/java/com/bumptech/glide/GlideTest.java; library/src/main/java/com/bumptech/glide/RequestManager.java"
glide,15df1f6c7eaf6c356955eb594bb5c543c0066b9e,"library/src/test/java/com/bumptech/glide/GlideTest.java",EXTRACT_AND_MOVE_OPERATION,"library/src/test/java/com/bumptech/glide/GlideTest.java; library/src/main/java/com/bumptech/glide/RequestManager.java"
glide,15df1f6c7eaf6c356955eb594bb5c543c0066b9e,"library/src/test/java/com/bumptech/glide/GlideTest.java",EXTRACT_AND_MOVE_OPERATION,"library/src/test/java/com/bumptech/glide/GlideTest.java; library/src/main/java/com/bumptech/glide/RequestManager.java"
glide,15df1f6c7eaf6c356955eb594bb5c543c0066b9e,"library/src/test/java/com/bumptech/glide/GlideTest.java",EXTRACT_AND_MOVE_OPERATION,"library/src/test/java/com/bumptech/glide/GlideTest.java; library/src/main/java/com/bumptech/glide/RequestManager.java"
glide,15df1f6c7eaf6c356955eb594bb5c543c0066b9e,"library/src/test/java/com/bumptech/glide/GlideTest.java",EXTRACT_AND_MOVE_OPERATION,"library/src/test/java/com/bumptech/glide/GlideTest.java; library/src/main/java/com/bumptech/glide/RequestManager.java"
glide,15df1f6c7eaf6c356955eb594bb5c543c0066b9e,"samples/giphy/src/main/java/com/bumptech/glide/samples/giphy/FullscreenActivity.java",EXTRACT_AND_MOVE_OPERATION,"samples/giphy/src/main/java/com/bumptech/glide/samples/giphy/FullscreenActivity.java; library/src/main/java/com/bumptech/glide/RequestManager.java"
glide,15df1f6c7eaf6c356955eb594bb5c543c0066b9e,"samples/giphy/src/main/java/com/bumptech/glide/samples/giphy/MainActivity.java",EXTRACT_AND_MOVE_OPERATION,"samples/giphy/src/main/java/com/bumptech/glide/samples/giphy/MainActivity.java; library/src/main/java/com/bumptech/glide/RequestManager.java"
glide,b8b3550aee64fc6c03132166c2b10dafe3d63d1b,"library/src/main/java/com/bumptech/glide/load/model/LazyHeaders.java",EXTRACT_OPERATION,"library/src/main/java/com/bumptech/glide/load/model/LazyHeaders.java"
glide,b8b3550aee64fc6c03132166c2b10dafe3d63d1b,"library/src/main/java/com/bumptech/glide/load/model/LazyHeaders.java",EXTRACT_OPERATION,"library/src/main/java/com/bumptech/glide/load/model/LazyHeaders.java"
glide,b8b3550aee64fc6c03132166c2b10dafe3d63d1b,"library/src/main/java/com/bumptech/glide/load/model/LazyHeaders.java",EXTRACT_OPERATION,"library/src/main/java/com/bumptech/glide/load/model/LazyHeaders.java"
glide,487d9c5ea488470fc3796e582467baf1c5078f7a,"library/src/main/java/com/bumptech/glide/load/model/LazyHeaders.java",EXTRACT_OPERATION,"library/src/main/java/com/bumptech/glide/load/model/LazyHeaders.java"
glide,487d9c5ea488470fc3796e582467baf1c5078f7a,"library/src/main/java/com/bumptech/glide/load/model/LazyHeaders.java",EXTRACT_OPERATION,"library/src/main/java/com/bumptech/glide/load/model/LazyHeaders.java"
glide,487d9c5ea488470fc3796e582467baf1c5078f7a,"library/src/main/java/com/bumptech/glide/load/model/LazyHeaders.java",EXTRACT_OPERATION,"library/src/main/java/com/bumptech/glide/load/model/LazyHeaders.java"
glide,57cdba301532357d55668871321b47d23197349a,"library/src/main/java/com/bumptech/glide/load/engine/bitmap_recycle/LruBitmapPool.java",EXTRACT_OPERATION,"library/src/main/java/com/bumptech/glide/load/engine/bitmap_recycle/LruBitmapPool.java"
glide,0d4b27952751de0caab01774048c3e0ec74824ce,"library/src/main/java/com/bumptech/glide/request/target/ViewTarget.java",EXTRACT_OPERATION,"library/src/main/java/com/bumptech/glide/request/target/ViewTarget.java"
glide,e5f2fc25807dfcd41e1d65403820384e037b2d04,"library/src/main/java/com/bumptech/glide/request/target/DrawableImageViewTarget.java",PULL_UP_OPERATION,"library/src/main/java/com/bumptech/glide/request/target/ImageViewTarget.java"
glide,e5f2fc25807dfcd41e1d65403820384e037b2d04,"library/src/main/java/com/bumptech/glide/request/target/DrawableImageViewTarget.java",PULL_UP_OPERATION,"library/src/main/java/com/bumptech/glide/request/target/ImageViewTarget.java"
glide,4dc91569a9e1d4f15780e02433e6bbc145cb7425,"samples/flickr/src/main/java/com/bumptech/glide/samples/flickr/FlickrSearchActivity.java",EXTRACT_OPERATION,"samples/flickr/src/main/java/com/bumptech/glide/samples/flickr/FlickrSearchActivity.java"
glide,4dc91569a9e1d4f15780e02433e6bbc145cb7425,"samples/flickr/src/main/java/com/bumptech/glide/samples/flickr/api/Api.java",MOVE_AND_RENAME_OPERATION,"samples/flickr/src/main/java/com/bumptech/glide/samples/flickr/api/Api.java"
glide,8cd520e9a909448d76a1a6405d4a1b0ad9475dc0,"library/src/main/java/com/bumptech/glide/load/engine/DecodeJob.java",EXTRACT_OPERATION,"library/src/main/java/com/bumptech/glide/load/engine/DecodeJob.java"
glide,5b63543ae0ae11f17ba6c4c2b569b2cb5e0b4c47,"library/src/test/java/com/bumptech/glide/request/SingleRequestTest.java",EXTRACT_OPERATION,"library/src/test/java/com/bumptech/glide/request/SingleRequestTest.java"
glide,1efc7900b0e0f6e745fd843b1a1a2ddf452f5bfa,"library/src/main/java/com/bumptech/glide/load/engine/EngineJob.java",EXTRACT_CLASS,"library/src/main/java/com/bumptech/glide/load/engine/EngineJob.java; library/src/main/java/com/bumptech/glide/load/engine/EngineJob.java"
glide,615eaec24057f54d21c26711b1a679d3b3e7442c,"library/src/main/java/com/bumptech/glide/load/engine/DecodePath.java",EXTRACT_OPERATION,"library/src/main/java/com/bumptech/glide/load/engine/DecodePath.java"
glide,615eaec24057f54d21c26711b1a679d3b3e7442c,"library/src/main/java/com/bumptech/glide/load/engine/LoadPath.java",EXTRACT_OPERATION,"library/src/main/java/com/bumptech/glide/load/engine/LoadPath.java"
glide,615eaec24057f54d21c26711b1a679d3b3e7442c,"library/src/main/java/com/bumptech/glide/load/model/MultiModelLoader.java",EXTRACT_OPERATION,"library/src/main/java/com/bumptech/glide/load/model/MultiModelLoader.java"
glide,dc2cd11a5a65e14bc1c7eb9ff30e87f409ca09e2,"samples/gallery/src/main/java/com/bumptech/glide/samples/gallery/RecyclerAdapter.java",EXTRACT_OPERATION,"samples/gallery/src/main/java/com/bumptech/glide/samples/gallery/RecyclerAdapter.java"
glide,ed770db705744217b2cc31c0e2f3f12d3dffdef8,"library/src/main/java/com/bumptech/glide/manager/RequestManagerFragment.java",EXTRACT_OPERATION,"library/src/main/java/com/bumptech/glide/manager/RequestManagerFragment.java"
glide,ed770db705744217b2cc31c0e2f3f12d3dffdef8,"library/src/main/java/com/bumptech/glide/manager/RequestManagerFragment.java",EXTRACT_OPERATION,"library/src/main/java/com/bumptech/glide/manager/RequestManagerFragment.java"
glide,ed770db705744217b2cc31c0e2f3f12d3dffdef8,"library/src/main/java/com/bumptech/glide/manager/SupportRequestManagerFragment.java",EXTRACT_OPERATION,"library/src/main/java/com/bumptech/glide/manager/SupportRequestManagerFragment.java"
glide,ed770db705744217b2cc31c0e2f3f12d3dffdef8,"library/src/main/java/com/bumptech/glide/manager/SupportRequestManagerFragment.java",EXTRACT_OPERATION,"library/src/main/java/com/bumptech/glide/manager/SupportRequestManagerFragment.java"
glide,33b6412185eb0d6860c2eebbc330d5c31c4429da,"library/src/main/java/com/bumptech/glide/load/engine/DataCacheGenerator.java",EXTRACT_CLASS,"library/src/main/java/com/bumptech/glide/load/engine/DataCacheGenerator.java; library/src/main/java/com/bumptech/glide/load/engine/DecodeHelper.java"
glide,33b6412185eb0d6860c2eebbc330d5c31c4429da,"library/src/main/java/com/bumptech/glide/load/engine/ResourceCacheGenerator.java",EXTRACT_CLASS,"library/src/main/java/com/bumptech/glide/load/engine/ResourceCacheGenerator.java; library/src/main/java/com/bumptech/glide/load/engine/DecodeHelper.java"
glide,33b6412185eb0d6860c2eebbc330d5c31c4429da,"library/src/main/java/com/bumptech/glide/load/engine/SourceGenerator.java",EXTRACT_CLASS,"library/src/main/java/com/bumptech/glide/load/engine/SourceGenerator.java; library/src/main/java/com/bumptech/glide/load/engine/DecodeHelper.java"
glide,002afb3ab4f00fe17f0f3f613178f300f7c7c839,"library/src/main/java/com/bumptech/glide/load/engine/DecodeJob.java",EXTRACT_OPERATION,"library/src/main/java/com/bumptech/glide/load/engine/DecodeJob.java"
glide,002afb3ab4f00fe17f0f3f613178f300f7c7c839,"library/src/main/java/com/bumptech/glide/load/engine/DecodeJob.java",EXTRACT_OPERATION,"library/src/main/java/com/bumptech/glide/load/engine/DecodeJob.java"
glide,002afb3ab4f00fe17f0f3f613178f300f7c7c839,"library/src/main/java/com/bumptech/glide/load/engine/DecodeJob.java",EXTRACT_OPERATION,"library/src/main/java/com/bumptech/glide/load/engine/DecodeJob.java"
glide,002afb3ab4f00fe17f0f3f613178f300f7c7c839,"library/src/main/java/com/bumptech/glide/load/engine/executor/FifoPriorityThreadPoolExecutor.java",MOVE_OPERATION,"library/src/main/java/com/bumptech/glide/load/engine/DecodeJob.java"
glide,002afb3ab4f00fe17f0f3f613178f300f7c7c839,"library/src/androidTest/java/com/bumptech/glide/load/engine/executor/FifoPriorityThreadPoolExecutorTest.java",MOVE_OPERATION,"library/src/androidTest/java/com/bumptech/glide/load/engine/executor/GlideExecutorTest.java"
glide,cf42cbcb26b753a0c517abca037d08c1ad638f6f,"library/src/main/java/com/bumptech/glide/load/resource/bitmap/ImageHeaderParser.java",EXTRACT_OPERATION,"library/src/main/java/com/bumptech/glide/load/resource/bitmap/ImageHeaderParser.java"
glide,cf42cbcb26b753a0c517abca037d08c1ad638f6f,"library/src/main/java/com/bumptech/glide/load/resource/bitmap/ImageHeaderParser.java",EXTRACT_OPERATION,"library/src/main/java/com/bumptech/glide/load/resource/bitmap/ImageHeaderParser.java"
glide,740687bde17cc84603b650c918bee10a2a9c5669,"library/src/main/java/com/bumptech/glide/load/engine/bitmap_recycle/LruByteArrayPool.java",EXTRACT_OPERATION,"library/src/main/java/com/bumptech/glide/load/engine/bitmap_recycle/LruByteArrayPool.java"
glide,f4a5b14fd4d124fb71f6ce362dddb7075825441b,"library/src/main/java/com/bumptech/glide/load/resource/gif/GifFrameLoader.java",MOVE_OPERATION,"library/src/main/java/com/bumptech/glide/load/resource/gif/ByteBufferGifDecoder.java"
glide,8be38e54a67fa29a7bd2c084210e574298144b93,"third_party/gif_decoder/src/main/java/com/bumptech/glide/gifdecoder/GifDecoder.java",EXTRACT_OPERATION,"third_party/gif_decoder/src/main/java/com/bumptech/glide/gifdecoder/GifDecoder.java"
glide,b9a2d3b2a437d9f98e3be72fdc1a929f75cfb156,"library/src/main/java/com/bumptech/glide/request/target/ViewTarget.java",EXTRACT_OPERATION,"library/src/main/java/com/bumptech/glide/request/target/ViewTarget.java"
glide,7e0f87347f1d47605a54c9e2782d8dedd660628c,"library/src/main/java/com/bumptech/glide/manager/RequestTracker.java",EXTRACT_OPERATION,"library/src/main/java/com/bumptech/glide/manager/RequestTracker.java"
glide,bf3d5a9fe15538191a9e0429afb8bbca837b3bca,"library/src/main/java/com/bumptech/glide/load/engine/cache/MemorySizeCalculator.java",EXTRACT_CLASS,"library/src/main/java/com/bumptech/glide/load/engine/cache/MemorySizeCalculator.java; library/src/main/java/com/bumptech/glide/load/engine/cache/MemorySizeCalculator.java"
glide,7858f3ce3bdb368fa836c4c98e26da5f71585979,"library/src/main/java/com/bumptech/glide/Glide.java",MOVE_OPERATION,"library/src/main/java/com/bumptech/glide/RequestManager.java"
glide,7858f3ce3bdb368fa836c4c98e26da5f71585979,"library/src/main/java/com/bumptech/glide/Glide.java",MOVE_OPERATION,"library/src/main/java/com/bumptech/glide/RequestManager.java"
glide,f39e44da6ef8b2d860f9771a9ddf2311c0e3c5b3,"library/src/main/java/com/bumptech/glide/load/model/ModelLoaderRegistry.java",EXTRACT_OPERATION,"library/src/main/java/com/bumptech/glide/load/model/ModelLoaderRegistry.java"
glide,02c42460599feeccbe5df381a6e76c09c6731ff3,"library/src/main/java/com/bumptech/glide/load/data/HttpUrlFetcher.java",EXTRACT_OPERATION,"library/src/main/java/com/bumptech/glide/load/data/HttpUrlFetcher.java"
glide,02c42460599feeccbe5df381a6e76c09c6731ff3,"library/src/main/java/com/bumptech/glide/util/ContentLengthInputStream.java",EXTRACT_OPERATION,"library/src/main/java/com/bumptech/glide/util/ContentLengthInputStream.java"
glide,0367aa98a70bf3d0c507e5b2212f02cc155f43f3,"library/src/main/java/com/bumptech/glide/load/resource/bitmap/Downsampler.java",EXTRACT_OPERATION,"library/src/main/java/com/bumptech/glide/load/resource/bitmap/Downsampler.java"
glide,0419c8c88e3564f700b803e96ae57949e430cbcc,"library/src/main/java/com/bumptech/glide/load/resource/bitmap/Downsampler.java",EXTRACT_OPERATION,"library/src/main/java/com/bumptech/glide/load/resource/bitmap/Downsampler.java"
glide,691e2ac1068188296d3e2a16d107675b3339f473,"library/src/main/java/com/bumptech/glide/load/resource/bitmap/Downsampler.java",EXTRACT_OPERATION,"library/src/main/java/com/bumptech/glide/load/resource/bitmap/Downsampler.java"
glide,1dc72904ed1b0e1f38a6095e1af4437bd5387113,"library/src/main/java/com/bumptech/glide/load/resource/bitmap/Downsampler.java",EXTRACT_OPERATION,"library/src/main/java/com/bumptech/glide/load/resource/bitmap/Downsampler.java"
glide,7edfaff782a09e89d7fba8fa2648b8989199c020,"library/src/main/java/com/bumptech/glide/load/resource/bitmap/Downsampler.java",EXTRACT_OPERATION,"library/src/main/java/com/bumptech/glide/load/resource/bitmap/Downsampler.java"
glide,1bd2d5372f3fc12172bc6dbf1edd84f86931dae3,"library/src/main/java/com/bumptech/glide/load/engine/DecodeJob.java",EXTRACT_OPERATION,"library/src/main/java/com/bumptech/glide/load/engine/DecodeJob.java"
glide,c3ea170cc2f7a322e4b8c214d85c2fa83f4507d5,"library/src/main/java/com/bumptech/glide/load/engine/cache/InternalCacheDiskCacheFactory.java",EXTRACT_SUPERCLASS,"library/src/main/java/com/bumptech/glide/load/engine/cache/InternalCacheDiskCacheFactory.java; library/src/main/java/com/bumptech/glide/load/engine/cache/DiskLruCacheFactory.java"
glide,c3ea170cc2f7a322e4b8c214d85c2fa83f4507d5,"library/src/main/java/com/bumptech/glide/load/engine/cache/InternalCacheDiskCacheFactory.java",PULL_UP_OPERATION,"library/src/main/java/com/bumptech/glide/load/engine/cache/DiskLruCacheFactory.java"
glide,9106427987185ef1fd5c5a57b7ef6bc96daea726,"library/src/main/java/com/bumptech/glide/load/resource/bitmap/TransformationUtils.java",EXTRACT_OPERATION,"library/src/main/java/com/bumptech/glide/load/resource/bitmap/TransformationUtils.java"
glide,9106427987185ef1fd5c5a57b7ef6bc96daea726,"library/src/main/java/com/bumptech/glide/load/resource/bitmap/TransformationUtils.java",EXTRACT_OPERATION,"library/src/main/java/com/bumptech/glide/load/resource/bitmap/TransformationUtils.java"
glide,2db31c49bbfebd79aef0099f88ad62bf5b369a1d,"library/src/main/java/com/bumptech/glide/load/engine/SourceGenerator.java",EXTRACT_OPERATION,"library/src/main/java/com/bumptech/glide/load/engine/SourceGenerator.java"
glide,6529484953f5942229966f3caf4e5fc456251f85,"library/src/main/java/com/bumptech/glide/request/transition/DrawableCrossFadeFactory.java",EXTRACT_OPERATION,"library/src/main/java/com/bumptech/glide/request/transition/DrawableCrossFadeFactory.java"
glide,7012e45811b0cc8a85554942143e6bb50fcb3b95,"library/src/main/java/com/bumptech/glide/load/data/mediastore/ThumbFetcher.java",EXTRACT_OPERATION,"library/src/main/java/com/bumptech/glide/load/data/mediastore/ThumbFetcher.java"
glide,899e41b88afab3f8de39e27e6e72b1ba1d57403c,"library/src/main/java/com/bumptech/glide/request/animation/DrawableCrossFadeFactory.java",EXTRACT_OPERATION,"library/src/main/java/com/bumptech/glide/request/animation/DrawableCrossFadeFactory.java"
glide,ff5039909a3e61675c4a3c1f410aa539ad432b58,"library/src/main/java/com/bumptech/glide/load/data/MediaStoreThumbFetcher.java",EXTRACT_OPERATION,"library/src/main/java/com/bumptech/glide/load/data/MediaStoreThumbFetcher.java"
glide,6213ffb169510aab014854533695f56156ba4735,"integration/gifencoder/src/main/java/com/bumptech/glide/integration/gifencoder/ReEncodingGifResourceEncoder.java",EXTRACT_OPERATION,"integration/gifencoder/src/main/java/com/bumptech/glide/integration/gifencoder/ReEncodingGifResourceEncoder.java"
glide,cf12dc225ed016f337e6c1d7685017395c3a85bf,"library/src/main/java/com/bumptech/glide/load/resource/gif/GifDrawable.java",EXTRACT_AND_MOVE_OPERATION,"library/src/main/java/com/bumptech/glide/load/resource/gif/GifDrawable.java; library/src/main/java/com/bumptech/glide/load/resource/gif/GifFrameLoader.java"
glide,cf12dc225ed016f337e6c1d7685017395c3a85bf,"library/src/androidTest/java/com/bumptech/glide/load/resource/gif/GifDrawableTest.java",EXTRACT_AND_MOVE_OPERATION,"library/src/androidTest/java/com/bumptech/glide/load/resource/gif/GifDrawableTest.java; library/src/main/java/com/bumptech/glide/load/resource/gif/GifFrameLoader.java"
glide,cf12dc225ed016f337e6c1d7685017395c3a85bf,"library/src/androidTest/java/com/bumptech/glide/load/resource/gif/GifDrawableTest.java",EXTRACT_AND_MOVE_OPERATION,"library/src/androidTest/java/com/bumptech/glide/load/resource/gif/GifDrawableTest.java; library/src/main/java/com/bumptech/glide/load/resource/gif/GifFrameLoader.java"
glide,cf12dc225ed016f337e6c1d7685017395c3a85bf,"library/src/androidTest/java/com/bumptech/glide/load/resource/gif/GifDrawableTest.java",EXTRACT_AND_MOVE_OPERATION,"library/src/androidTest/java/com/bumptech/glide/load/resource/gif/GifDrawableTest.java; library/src/main/java/com/bumptech/glide/load/resource/gif/GifFrameLoader.java"
glide,cf12dc225ed016f337e6c1d7685017395c3a85bf,"library/src/androidTest/java/com/bumptech/glide/load/resource/gif/GifDrawableTest.java",EXTRACT_AND_MOVE_OPERATION,"library/src/androidTest/java/com/bumptech/glide/load/resource/gif/GifDrawableTest.java; library/src/main/java/com/bumptech/glide/load/resource/gif/GifFrameLoader.java"
glide,cf12dc225ed016f337e6c1d7685017395c3a85bf,"library/src/androidTest/java/com/bumptech/glide/load/resource/gif/GifDrawableTest.java",EXTRACT_AND_MOVE_OPERATION,"library/src/androidTest/java/com/bumptech/glide/load/resource/gif/GifDrawableTest.java; library/src/main/java/com/bumptech/glide/load/resource/gif/GifFrameLoader.java"
glide,cf12dc225ed016f337e6c1d7685017395c3a85bf,"library/src/androidTest/java/com/bumptech/glide/load/resource/gif/GifFrameLoaderTest.java",EXTRACT_AND_MOVE_OPERATION,"library/src/androidTest/java/com/bumptech/glide/load/resource/gif/GifFrameLoaderTest.java; library/src/main/java/com/bumptech/glide/load/resource/gif/GifFrameLoader.java"
glide,cf12dc225ed016f337e6c1d7685017395c3a85bf,"library/src/androidTest/java/com/bumptech/glide/load/resource/gif/GifFrameLoaderTest.java",EXTRACT_AND_MOVE_OPERATION,"library/src/androidTest/java/com/bumptech/glide/load/resource/gif/GifFrameLoaderTest.java; library/src/main/java/com/bumptech/glide/load/resource/gif/GifFrameLoader.java"
glide,cf12dc225ed016f337e6c1d7685017395c3a85bf,"library/src/androidTest/java/com/bumptech/glide/load/resource/gif/GifFrameLoaderTest.java",EXTRACT_AND_MOVE_OPERATION,"library/src/androidTest/java/com/bumptech/glide/load/resource/gif/GifFrameLoaderTest.java; library/src/main/java/com/bumptech/glide/load/resource/gif/GifFrameLoader.java"
glide,cf12dc225ed016f337e6c1d7685017395c3a85bf,"library/src/androidTest/java/com/bumptech/glide/load/resource/gif/GifFrameLoaderTest.java",EXTRACT_AND_MOVE_OPERATION,"library/src/androidTest/java/com/bumptech/glide/load/resource/gif/GifFrameLoaderTest.java; library/src/main/java/com/bumptech/glide/load/resource/gif/GifFrameLoader.java"
glide,cf12dc225ed016f337e6c1d7685017395c3a85bf,"library/src/androidTest/java/com/bumptech/glide/load/resource/gif/GifFrameLoaderTest.java",EXTRACT_AND_MOVE_OPERATION,"library/src/androidTest/java/com/bumptech/glide/load/resource/gif/GifFrameLoaderTest.java; library/src/main/java/com/bumptech/glide/load/resource/gif/GifFrameLoader.java"
glide,cf12dc225ed016f337e6c1d7685017395c3a85bf,"library/src/androidTest/java/com/bumptech/glide/load/resource/gif/GifFrameLoaderTest.java",EXTRACT_AND_MOVE_OPERATION,"library/src/androidTest/java/com/bumptech/glide/load/resource/gif/GifFrameLoaderTest.java; library/src/main/java/com/bumptech/glide/load/resource/gif/GifFrameLoader.java"
glide,cf12dc225ed016f337e6c1d7685017395c3a85bf,"library/src/main/java/com/bumptech/glide/load/resource/gif/GifDrawable.java",EXTRACT_AND_MOVE_OPERATION,"library/src/main/java/com/bumptech/glide/load/resource/gif/GifDrawable.java; library/src/main/java/com/bumptech/glide/load/resource/gif/GifFrameLoader.java"
glide,cf12dc225ed016f337e6c1d7685017395c3a85bf,"library/src/androidTest/java/com/bumptech/glide/load/resource/gif/GifDrawableTest.java",EXTRACT_AND_MOVE_OPERATION,"library/src/androidTest/java/com/bumptech/glide/load/resource/gif/GifDrawableTest.java; library/src/main/java/com/bumptech/glide/load/resource/gif/GifFrameLoader.java"
glide,cf12dc225ed016f337e6c1d7685017395c3a85bf,"library/src/androidTest/java/com/bumptech/glide/load/resource/gif/GifFrameLoaderTest.java",EXTRACT_AND_MOVE_OPERATION,"library/src/androidTest/java/com/bumptech/glide/load/resource/gif/GifFrameLoaderTest.java; library/src/main/java/com/bumptech/glide/load/resource/gif/GifFrameLoader.java"
glide,cf12dc225ed016f337e6c1d7685017395c3a85bf,"library/src/androidTest/java/com/bumptech/glide/load/resource/gif/GifFrameLoaderTest.java",EXTRACT_AND_MOVE_OPERATION,"library/src/androidTest/java/com/bumptech/glide/load/resource/gif/GifFrameLoaderTest.java; library/src/main/java/com/bumptech/glide/load/resource/gif/GifFrameLoader.java"
glide,cf12dc225ed016f337e6c1d7685017395c3a85bf,"library/src/main/java/com/bumptech/glide/load/resource/gif/GifDrawable.java",EXTRACT_AND_MOVE_OPERATION,"library/src/main/java/com/bumptech/glide/load/resource/gif/GifDrawable.java; library/src/main/java/com/bumptech/glide/load/resource/gif/GifFrameLoader.java"
glide,cf12dc225ed016f337e6c1d7685017395c3a85bf,"library/src/main/java/com/bumptech/glide/load/resource/gif/GifDrawableResource.java",EXTRACT_AND_MOVE_OPERATION,"library/src/main/java/com/bumptech/glide/load/resource/gif/GifDrawableResource.java; library/src/main/java/com/bumptech/glide/load/resource/gif/GifFrameLoader.java"
glide,952e35e036574fffcf437220b89fe3a866a695e7,"library/src/main/java/com/bumptech/glide/load/model/BasicHeaders.java",MOVE_OPERATION,"library/src/main/java/com/bumptech/glide/load/model/LazyHeaders.java"
glide,952e35e036574fffcf437220b89fe3a866a695e7,"library/src/main/java/com/bumptech/glide/load/model/BasicHeaders.java",MOVE_OPERATION,"library/src/main/java/com/bumptech/glide/load/model/LazyHeaders.java"
glide,fb255d3b76d1de80bfcd181b60aadeee663a4a22,"library/src/main/java/com/bumptech/glide/load/data/LoadDataSet.java",MOVE_OPERATION,"library/src/main/java/com/bumptech/glide/load/engine/DataCacheGenerator.java"
glide,4e6fa2229b539dac918f88e9aa5e4c3665de349a,"library/src/main/java/com/bumptech/glide/load/model/BasicHeaders.java",MOVE_OPERATION,"library/src/main/java/com/bumptech/glide/load/model/LazyHeaders.java"
glide,4e6fa2229b539dac918f88e9aa5e4c3665de349a,"library/src/main/java/com/bumptech/glide/load/model/BasicHeaders.java",MOVE_OPERATION,"library/src/main/java/com/bumptech/glide/load/model/LazyHeaders.java"
glide,c9669bf92988b1ec8b954cd24fa53863ed33e77c,"library/src/main/java/com/bumptech/glide/load/resource/bitmap/Downsampler.java",EXTRACT_OPERATION,"library/src/main/java/com/bumptech/glide/load/resource/bitmap/Downsampler.java"
glide,c9669bf92988b1ec8b954cd24fa53863ed33e77c,"library/src/main/java/com/bumptech/glide/load/resource/bitmap/Downsampler.java",EXTRACT_OPERATION,"library/src/main/java/com/bumptech/glide/load/resource/bitmap/Downsampler.java"
glide,6b0df2ab43f337747ae102f813eee95649a32699,"library/src/main/java/com/bumptech/glide/request/target/FixedSizeDrawable.java",EXTRACT_CLASS,"library/src/main/java/com/bumptech/glide/request/target/FixedSizeDrawable.java; library/src/main/java/com/bumptech/glide/request/target/FixedSizeDrawable.java"
glide,59ba832275fc8a202c54c81110c2afcafffafa05,"library/src/main/java/com/bumptech/glide/load/engine/cache/SafeKeyGenerator.java",EXTRACT_OPERATION,"library/src/main/java/com/bumptech/glide/load/engine/cache/SafeKeyGenerator.java"
glide,ae2d3767a774deeee829a84e0b96ea0e5e0be9e6,"library/src/main/java/com/bumptech/glide/manager/RequestManagerRetriever.java",EXTRACT_OPERATION,"library/src/main/java/com/bumptech/glide/manager/RequestManagerRetriever.java"
glide,ae2d3767a774deeee829a84e0b96ea0e5e0be9e6,"library/src/main/java/com/bumptech/glide/manager/RequestManagerRetriever.java",EXTRACT_OPERATION,"library/src/main/java/com/bumptech/glide/manager/RequestManagerRetriever.java"
glide,5210ba8d3390af9f0cc9bde422aa63601f6e4134,"library/src/main/java/com/bumptech/glide/manager/RequestManagerRetriever.java",EXTRACT_OPERATION,"library/src/main/java/com/bumptech/glide/manager/RequestManagerRetriever.java"
glide,5210ba8d3390af9f0cc9bde422aa63601f6e4134,"library/src/main/java/com/bumptech/glide/manager/RequestManagerRetriever.java",EXTRACT_OPERATION,"library/src/main/java/com/bumptech/glide/manager/RequestManagerRetriever.java"
glide,66db4a40986a5569fd378f851fbcae1487296932,"library/src/main/java/com/bumptech/glide/manager/RequestManagerRetriever.java",EXTRACT_OPERATION,"library/src/main/java/com/bumptech/glide/manager/RequestManagerRetriever.java"
glide,66db4a40986a5569fd378f851fbcae1487296932,"library/src/main/java/com/bumptech/glide/manager/RequestManagerRetriever.java",EXTRACT_OPERATION,"library/src/main/java/com/bumptech/glide/manager/RequestManagerRetriever.java"
glide,c3e3341cb1873dd31546fb6ad7189aa067e4c940,"library/src/androidTest/java/com/bumptech/glide/GlideTest.java",EXTRACT_OPERATION,"library/src/androidTest/java/com/bumptech/glide/GlideTest.java"
glide,95c66fecb7b74bd72b69f83ec011c70adb23decd,"library/src/main/java/com/bumptech/glide/load/engine/DecodeJob.java",EXTRACT_OPERATION,"library/src/main/java/com/bumptech/glide/load/engine/DecodeJob.java"
glide,95c66fecb7b74bd72b69f83ec011c70adb23decd,"library/src/main/java/com/bumptech/glide/load/engine/DecodeJob.java",EXTRACT_OPERATION,"library/src/main/java/com/bumptech/glide/load/engine/DecodeJob.java"
glide,95c66fecb7b74bd72b69f83ec011c70adb23decd,"library/src/main/java/com/bumptech/glide/load/engine/SourceGenerator.java",EXTRACT_OPERATION,"library/src/main/java/com/bumptech/glide/load/engine/SourceGenerator.java"
glide,95c66fecb7b74bd72b69f83ec011c70adb23decd,"library/src/main/java/com/bumptech/glide/load/engine/SourceGenerator.java",EXTRACT_OPERATION,"library/src/main/java/com/bumptech/glide/load/engine/SourceGenerator.java"
glide,95c66fecb7b74bd72b69f83ec011c70adb23decd,"library/src/main/java/com/bumptech/glide/load/engine/DataCacheGenerator.java",EXTRACT_AND_MOVE_OPERATION,"library/src/main/java/com/bumptech/glide/load/engine/DataCacheGenerator.java; library/src/main/java/com/bumptech/glide/load/engine/SourceGenerator.java"
glide,95c66fecb7b74bd72b69f83ec011c70adb23decd,"library/src/main/java/com/bumptech/glide/load/engine/ResourceCacheGenerator.java",EXTRACT_AND_MOVE_OPERATION,"library/src/main/java/com/bumptech/glide/load/engine/ResourceCacheGenerator.java; library/src/main/java/com/bumptech/glide/load/engine/SourceGenerator.java"
glide,7497bf0662236014481b02bfa2eb611b0bc8868c,"integration/volley/src/androidTest/java/com/bumptech/glide/integration/volley/VolleyStreamFetcherServerTest.java",EXTRACT_OPERATION,"integration/volley/src/androidTest/java/com/bumptech/glide/integration/volley/VolleyStreamFetcherServerTest.java"
glide,7497bf0662236014481b02bfa2eb611b0bc8868c,"library/src/androidTest/java/com/bumptech/glide/load/data/HttpUrlFetcherServerTest.java",EXTRACT_OPERATION,"library/src/androidTest/java/com/bumptech/glide/load/data/HttpUrlFetcherServerTest.java"
glide,7497bf0662236014481b02bfa2eb611b0bc8868c,"library/src/main/java/com/bumptech/glide/load/model/GlideUrl.java",EXTRACT_OPERATION,"library/src/main/java/com/bumptech/glide/load/model/GlideUrl.java"
glide,4da90066d34a20d8b569038ecde39dc74353ffcb,"library/src/main/java/com/bumptech/glide/load/engine/RequestContext.java",EXTRACT_OPERATION,"library/src/main/java/com/bumptech/glide/load/engine/RequestContext.java"
glide,4da90066d34a20d8b569038ecde39dc74353ffcb,"library/src/main/java/com/bumptech/glide/load/model/MultiModelLoader.java",EXTRACT_OPERATION,"library/src/main/java/com/bumptech/glide/load/model/MultiModelLoader.java"
glide,4da90066d34a20d8b569038ecde39dc74353ffcb,"library/src/main/java/com/bumptech/glide/load/model/MultiModelLoader.java",EXTRACT_OPERATION,"library/src/main/java/com/bumptech/glide/load/model/MultiModelLoader.java"
glide,4da90066d34a20d8b569038ecde39dc74353ffcb,"library/src/main/java/com/bumptech/glide/load/model/ResourceLoader.java",EXTRACT_OPERATION,"library/src/main/java/com/bumptech/glide/load/model/ResourceLoader.java"
glide,4da90066d34a20d8b569038ecde39dc74353ffcb,"library/src/main/java/com/bumptech/glide/load/engine/SourceGenerator.java",EXTRACT_CLASS,"library/src/main/java/com/bumptech/glide/load/engine/SourceGenerator.java; library/src/main/java/com/bumptech/glide/load/model/ModelLoader.java"
glide,93a7613b16864eaa7a1ce8596cbac8ff45c4f933,"integration/volley/src/androidTest/java/com/bumptech/glide/integration/volley/VolleyStreamFetcherServerTest.java",EXTRACT_OPERATION,"integration/volley/src/androidTest/java/com/bumptech/glide/integration/volley/VolleyStreamFetcherServerTest.java"
glide,93a7613b16864eaa7a1ce8596cbac8ff45c4f933,"library/src/androidTest/java/com/bumptech/glide/load/data/HttpUrlFetcherServerTest.java",EXTRACT_OPERATION,"library/src/androidTest/java/com/bumptech/glide/load/data/HttpUrlFetcherServerTest.java"
glide,a60bc5125aa577f4b1506d7baa62a215b2fcf416,"integration/okhttp/src/main/java/com/bumptech/glide/integration/okhttp/OkHttpStreamFetcher.java",EXTRACT_AND_MOVE_OPERATION,"integration/okhttp/src/main/java/com/bumptech/glide/integration/okhttp/OkHttpStreamFetcher.java; library/src/main/java/com/bumptech/glide/load/model/GlideUrl.java"
glide,a60bc5125aa577f4b1506d7baa62a215b2fcf416,"integration/volley/src/main/java/com/bumptech/glide/integration/volley/VolleyStreamFetcher.java",EXTRACT_AND_MOVE_OPERATION,"integration/volley/src/main/java/com/bumptech/glide/integration/volley/VolleyStreamFetcher.java; library/src/main/java/com/bumptech/glide/load/model/GlideUrl.java"
glide,4a8c58f5f6276ec344c151c782da30a49775970c,"library/src/main/java/com/bumptech/glide/request/target/SquaringDrawable.java",EXTRACT_CLASS,"library/src/main/java/com/bumptech/glide/request/target/SquaringDrawable.java; library/src/main/java/com/bumptech/glide/request/target/SquaringDrawable.java"
glide,30f1ce7f866e1e6d6d46418faff5a2030c91e47e,"library/src/main/java/com/bumptech/glide/load/engine/DecodeJob.java",EXTRACT_OPERATION,"library/src/main/java/com/bumptech/glide/load/engine/DecodeJob.java"
glide,30f1ce7f866e1e6d6d46418faff5a2030c91e47e,"library/src/main/java/com/bumptech/glide/load/engine/DecodeJob.java",EXTRACT_OPERATION,"library/src/main/java/com/bumptech/glide/load/engine/DecodeJob.java"
glide,30f1ce7f866e1e6d6d46418faff5a2030c91e47e,"library/src/main/java/com/bumptech/glide/load/engine/DecodeJob.java",EXTRACT_OPERATION,"library/src/main/java/com/bumptech/glide/load/engine/DecodeJob.java"
glide,30f1ce7f866e1e6d6d46418faff5a2030c91e47e,"library/src/main/java/com/bumptech/glide/load/engine/DecodeJob.java",EXTRACT_OPERATION,"library/src/main/java/com/bumptech/glide/load/engine/DecodeJob.java"
glide,30f1ce7f866e1e6d6d46418faff5a2030c91e47e,"library/src/main/java/com/bumptech/glide/load/engine/DecodeJob.java",MOVE_AND_RENAME_OPERATION,"library/src/main/java/com/bumptech/glide/load/engine/ResourceCacheGenerator.java"
glide,34474ac18b45ec5baba1e1e9e29a330ee921845b,"library/src/main/java/com/bumptech/glide/load/model/Headers.java",EXTRACT_OPERATION,"library/src/main/java/com/bumptech/glide/load/model/Headers.java"
glide,34474ac18b45ec5baba1e1e9e29a330ee921845b,"library/src/main/java/com/bumptech/glide/load/model/GlideUrl.java",EXTRACT_AND_MOVE_OPERATION,"library/src/main/java/com/bumptech/glide/load/model/GlideUrl.java; library/src/main/java/com/bumptech/glide/load/model/Headers.java"
glide,34dad9f5b9e8428ee3ac4a2d561def92dce8f2a7,"library/src/main/java/com/bumptech/glide/load/model/GlideUrl.java",EXTRACT_OPERATION,"library/src/main/java/com/bumptech/glide/load/model/GlideUrl.java"
glide,6218957b07368f1a35838371a16100ede16e4a36,"library/src/main/java/com/bumptech/glide/request/SingleRequest.java",MOVE_OPERATION,"library/src/main/java/com/bumptech/glide/load/engine/RequestContext.java"
glide,6218957b07368f1a35838371a16100ede16e4a36,"library/src/main/java/com/bumptech/glide/request/SingleRequest.java",MOVE_OPERATION,"library/src/main/java/com/bumptech/glide/load/engine/RequestContext.java"
glide,3a88d42bf46ae5c3a33fe63d285727f37185ae42,"library/src/main/java/com/bumptech/glide/load/engine/DecodeJob.java",EXTRACT_INTERFACE,"library/src/main/java/com/bumptech/glide/load/engine/DecodeJob.java; library/src/main/java/com/bumptech/glide/load/data/DataFetcher.java"
glide,3a88d42bf46ae5c3a33fe63d285727f37185ae42,"library/src/main/java/com/bumptech/glide/load/engine/EngineJob.java",EXTRACT_INTERFACE,"library/src/main/java/com/bumptech/glide/load/engine/EngineJob.java; library/src/main/java/com/bumptech/glide/load/engine/DecodeJob.java"
glide,3a88d42bf46ae5c3a33fe63d285727f37185ae42,"library/src/main/java/com/bumptech/glide/load/engine/EngineRunnable.java",MOVE_OPERATION,"library/src/main/java/com/bumptech/glide/load/engine/DecodeJob.java"
glide,0405fcc0782b308e06e0f6a44dc7ca7054f59a47,"library/src/main/java/com/bumptech/glide/load/resource/bitmap/Downsampler.java",EXTRACT_OPERATION,"library/src/main/java/com/bumptech/glide/load/resource/bitmap/Downsampler.java"
glide,5b49fa9cd43adc4a0455a75c9346db8ef00827e6,"integration/gifencoder/src/main/java/com/bumptech/glide/integration/gifencoder/ReEncodingGifResourceEncoder.java",EXTRACT_OPERATION,"integration/gifencoder/src/main/java/com/bumptech/glide/integration/gifencoder/ReEncodingGifResourceEncoder.java"
glide,5b49fa9cd43adc4a0455a75c9346db8ef00827e6,"library/src/androidTest/java/com/bumptech/glide/load/resource/bitmap/ImageHeaderParserTest.java",EXTRACT_OPERATION,"library/src/androidTest/java/com/bumptech/glide/load/resource/bitmap/ImageHeaderParserTest.java"
glide,5b49fa9cd43adc4a0455a75c9346db8ef00827e6,"library/src/androidTest/java/com/bumptech/glide/load/resource/bitmap/ImageHeaderParserTest.java",EXTRACT_OPERATION,"library/src/androidTest/java/com/bumptech/glide/load/resource/bitmap/ImageHeaderParserTest.java"
glide,5b49fa9cd43adc4a0455a75c9346db8ef00827e6,"library/src/androidTest/java/com/bumptech/glide/load/resource/bitmap/ImageHeaderParserTest.java",EXTRACT_OPERATION,"library/src/androidTest/java/com/bumptech/glide/load/resource/bitmap/ImageHeaderParserTest.java"
glide,5b49fa9cd43adc4a0455a75c9346db8ef00827e6,"library/src/androidTest/java/com/bumptech/glide/load/resource/bitmap/ImageHeaderParserTest.java",EXTRACT_OPERATION,"library/src/androidTest/java/com/bumptech/glide/load/resource/bitmap/ImageHeaderParserTest.java"
glide,5b49fa9cd43adc4a0455a75c9346db8ef00827e6,"library/src/androidTest/java/com/bumptech/glide/load/resource/bitmap/ImageHeaderParserTest.java",EXTRACT_OPERATION,"library/src/androidTest/java/com/bumptech/glide/load/resource/bitmap/ImageHeaderParserTest.java"
glide,5b49fa9cd43adc4a0455a75c9346db8ef00827e6,"library/src/androidTest/java/com/bumptech/glide/load/resource/bitmap/ImageHeaderParserTest.java",EXTRACT_OPERATION,"library/src/androidTest/java/com/bumptech/glide/load/resource/bitmap/ImageHeaderParserTest.java"
glide,5b49fa9cd43adc4a0455a75c9346db8ef00827e6,"library/src/androidTest/java/com/bumptech/glide/load/resource/bitmap/ImageHeaderParserTest.java",EXTRACT_OPERATION,"library/src/androidTest/java/com/bumptech/glide/load/resource/bitmap/ImageHeaderParserTest.java"
glide,5b49fa9cd43adc4a0455a75c9346db8ef00827e6,"third_party/gif_decoder/src/main/java/com/bumptech/glide/gifdecoder/GifDecoder.java",EXTRACT_OPERATION,"third_party/gif_decoder/src/main/java/com/bumptech/glide/gifdecoder/GifDecoder.java"
glide,5b49fa9cd43adc4a0455a75c9346db8ef00827e6,"third_party/gif_decoder/src/main/java/com/bumptech/glide/gifdecoder/GifHeaderParser.java",EXTRACT_OPERATION,"third_party/gif_decoder/src/main/java/com/bumptech/glide/gifdecoder/GifHeaderParser.java"
glide,5b49fa9cd43adc4a0455a75c9346db8ef00827e6,"library/src/main/java/com/bumptech/glide/load/resource/bitmap/ImageHeaderParser.java",EXTRACT_INTERFACE,"library/src/main/java/com/bumptech/glide/load/resource/bitmap/ImageHeaderParser.java; library/src/main/java/com/bumptech/glide/load/resource/bitmap/ImageHeaderParser.java"
glide,5b49fa9cd43adc4a0455a75c9346db8ef00827e6,"library/src/main/java/com/bumptech/glide/load/data/ByteArrayFetcher.java",MOVE_OPERATION,"library/src/main/java/com/bumptech/glide/load/model/ByteArrayLoader.java"
glide,5b49fa9cd43adc4a0455a75c9346db8ef00827e6,"library/src/main/java/com/bumptech/glide/load/model/stream/ByteArrayLoader.java",MOVE_OPERATION,"library/src/main/java/com/bumptech/glide/load/model/ByteArrayLoader.java"
glide,5b49fa9cd43adc4a0455a75c9346db8ef00827e6,"library/src/main/java/com/bumptech/glide/load/resource/gif/GifResourceDecoder.java",MOVE_OPERATION,"library/src/main/java/com/bumptech/glide/load/resource/gif/StreamGifDecoder.java"
glide,be59d3cf0b504e6655a37b5046077c7b3df4e144,"library/src/main/java/com/bumptech/glide/load/model/FileLoader.java; library/src/main/java/com/bumptech/glide/load/model/FileLoader.java",EXTRACT_SUPERCLASS,"library/src/main/java/com/bumptech/glide/load/model/FileLoader.java; library/src/main/java/com/bumptech/glide/load/model/FileLoader.java; library/src/main/java/com/bumptech/glide/load/model/FileLoader.java"
glide,be59d3cf0b504e6655a37b5046077c7b3df4e144,"library/src/main/java/com/bumptech/glide/load/model/FileLoader.java",PULL_UP_OPERATION,"library/src/main/java/com/bumptech/glide/load/model/FileLoader.java"
glide,be59d3cf0b504e6655a37b5046077c7b3df4e144,"library/src/main/java/com/bumptech/glide/load/model/FileLoader.java",PULL_UP_OPERATION,"library/src/main/java/com/bumptech/glide/load/model/FileLoader.java"
glide,be59d3cf0b504e6655a37b5046077c7b3df4e144,"library/src/main/java/com/bumptech/glide/load/model/FileLoader.java",PULL_UP_OPERATION,"library/src/main/java/com/bumptech/glide/load/model/FileLoader.java"
glide,be59d3cf0b504e6655a37b5046077c7b3df4e144,"library/src/main/java/com/bumptech/glide/load/model/FileLoader.java",PULL_UP_OPERATION,"library/src/main/java/com/bumptech/glide/load/model/FileLoader.java"
glide,136067c821871587585915c7e189d16c324eae3b,"library/src/main/java/com/bumptech/glide/util/MultiClassKey.java",EXTRACT_OPERATION,"library/src/main/java/com/bumptech/glide/util/MultiClassKey.java"
glide,136067c821871587585915c7e189d16c324eae3b,"library/src/main/java/com/bumptech/glide/GlideContext.java",MOVE_OPERATION,"library/src/main/java/com/bumptech/glide/Registry.java"
glide,136067c821871587585915c7e189d16c324eae3b,"library/src/main/java/com/bumptech/glide/GlideContext.java",MOVE_OPERATION,"library/src/main/java/com/bumptech/glide/Registry.java"
glide,136067c821871587585915c7e189d16c324eae3b,"library/src/main/java/com/bumptech/glide/GlideContext.java",MOVE_OPERATION,"library/src/main/java/com/bumptech/glide/Registry.java"
glide,136067c821871587585915c7e189d16c324eae3b,"library/src/main/java/com/bumptech/glide/GlideContext.java",MOVE_OPERATION,"library/src/main/java/com/bumptech/glide/Registry.java"
glide,136067c821871587585915c7e189d16c324eae3b,"library/src/main/java/com/bumptech/glide/GlideContext.java",MOVE_OPERATION,"library/src/main/java/com/bumptech/glide/Registry.java"
glide,136067c821871587585915c7e189d16c324eae3b,"library/src/main/java/com/bumptech/glide/GlideContext.java",MOVE_OPERATION,"library/src/main/java/com/bumptech/glide/Registry.java"
glide,03e0a494104f43a2672f9229960574148c48bef2,"library/src/main/java/com/bumptech/glide/load/resource/bitmap/Downsampler.java",EXTRACT_OPERATION,"library/src/main/java/com/bumptech/glide/load/resource/bitmap/Downsampler.java"
glide,03e0a494104f43a2672f9229960574148c48bef2,"library/src/main/java/com/bumptech/glide/load/resource/bitmap/Downsampler.java",EXTRACT_OPERATION,"library/src/main/java/com/bumptech/glide/load/resource/bitmap/Downsampler.java"
glide,03e0a494104f43a2672f9229960574148c48bef2,"library/src/main/java/com/bumptech/glide/load/resource/bitmap/Downsampler.java",EXTRACT_OPERATION,"library/src/main/java/com/bumptech/glide/load/resource/bitmap/Downsampler.java"
glide,0e91adf65591fd5dc58b2834c50dd453b0114818,"library/src/main/java/com/bumptech/glide/load/engine/DecodeJob.java",EXTRACT_OPERATION,"library/src/main/java/com/bumptech/glide/load/engine/DecodeJob.java"
glide,0e91adf65591fd5dc58b2834c50dd453b0114818,"library/src/main/java/com/bumptech/glide/load/engine/DecodeJob.java",EXTRACT_OPERATION,"library/src/main/java/com/bumptech/glide/load/engine/DecodeJob.java"
glide,0e91adf65591fd5dc58b2834c50dd453b0114818,"library/src/main/java/com/bumptech/glide/request/BaseRequestOptions.java",EXTRACT_OPERATION,"library/src/main/java/com/bumptech/glide/request/BaseRequestOptions.java"
glide,3dd62207d4175b447963122a7e4eb8988a37da34,"library/src/main/java/com/bumptech/glide/load/engine/DecodeJob.java",EXTRACT_OPERATION,"library/src/main/java/com/bumptech/glide/load/engine/DecodeJob.java"
glide,3dd62207d4175b447963122a7e4eb8988a37da34,"library/src/main/java/com/bumptech/glide/request/RequestOptions.java",EXTRACT_SUPERCLASS,"library/src/main/java/com/bumptech/glide/request/RequestOptions.java; library/src/main/java/com/bumptech/glide/request/BaseRequestOptions.java"
glide,3dd62207d4175b447963122a7e4eb8988a37da34,"library/src/main/java/com/bumptech/glide/request/RequestOptions.java",PULL_UP_OPERATION,"library/src/main/java/com/bumptech/glide/request/BaseRequestOptions.java"
glide,3dd62207d4175b447963122a7e4eb8988a37da34,"library/src/main/java/com/bumptech/glide/request/RequestOptions.java",PULL_UP_OPERATION,"library/src/main/java/com/bumptech/glide/request/BaseRequestOptions.java"
glide,3dd62207d4175b447963122a7e4eb8988a37da34,"library/src/main/java/com/bumptech/glide/request/RequestOptions.java",PULL_UP_OPERATION,"library/src/main/java/com/bumptech/glide/request/BaseRequestOptions.java"
glide,3dd62207d4175b447963122a7e4eb8988a37da34,"library/src/main/java/com/bumptech/glide/request/RequestOptions.java",PULL_UP_OPERATION,"library/src/main/java/com/bumptech/glide/request/BaseRequestOptions.java"
glide,3dd62207d4175b447963122a7e4eb8988a37da34,"library/src/main/java/com/bumptech/glide/request/RequestOptions.java",PULL_UP_OPERATION,"library/src/main/java/com/bumptech/glide/request/BaseRequestOptions.java"
glide,3dd62207d4175b447963122a7e4eb8988a37da34,"library/src/main/java/com/bumptech/glide/request/RequestOptions.java",PULL_UP_OPERATION,"library/src/main/java/com/bumptech/glide/request/BaseRequestOptions.java"
glide,3dd62207d4175b447963122a7e4eb8988a37da34,"library/src/main/java/com/bumptech/glide/request/RequestOptions.java",PULL_UP_OPERATION,"library/src/main/java/com/bumptech/glide/request/BaseRequestOptions.java"
glide,3dd62207d4175b447963122a7e4eb8988a37da34,"library/src/main/java/com/bumptech/glide/request/RequestOptions.java",PULL_UP_OPERATION,"library/src/main/java/com/bumptech/glide/request/BaseRequestOptions.java"
glide,3dd62207d4175b447963122a7e4eb8988a37da34,"library/src/main/java/com/bumptech/glide/request/RequestOptions.java",PULL_UP_OPERATION,"library/src/main/java/com/bumptech/glide/request/BaseRequestOptions.java"
glide,3dd62207d4175b447963122a7e4eb8988a37da34,"library/src/main/java/com/bumptech/glide/request/RequestOptions.java",PULL_UP_OPERATION,"library/src/main/java/com/bumptech/glide/request/BaseRequestOptions.java"
glide,3dd62207d4175b447963122a7e4eb8988a37da34,"library/src/main/java/com/bumptech/glide/request/RequestOptions.java",PULL_UP_OPERATION,"library/src/main/java/com/bumptech/glide/request/BaseRequestOptions.java"
glide,3dd62207d4175b447963122a7e4eb8988a37da34,"library/src/main/java/com/bumptech/glide/request/RequestOptions.java",PULL_UP_OPERATION,"library/src/main/java/com/bumptech/glide/request/BaseRequestOptions.java"
glide,3dd62207d4175b447963122a7e4eb8988a37da34,"library/src/main/java/com/bumptech/glide/request/RequestOptions.java",PULL_UP_OPERATION,"library/src/main/java/com/bumptech/glide/request/BaseRequestOptions.java"
glide,3dd62207d4175b447963122a7e4eb8988a37da34,"library/src/main/java/com/bumptech/glide/request/RequestOptions.java",PULL_UP_OPERATION,"library/src/main/java/com/bumptech/glide/request/BaseRequestOptions.java"
glide,3dd62207d4175b447963122a7e4eb8988a37da34,"library/src/main/java/com/bumptech/glide/request/RequestOptions.java",PULL_UP_OPERATION,"library/src/main/java/com/bumptech/glide/request/BaseRequestOptions.java"
glide,3dd62207d4175b447963122a7e4eb8988a37da34,"library/src/main/java/com/bumptech/glide/load/engine/BaseDecodeOptions.java",MOVE_OPERATION,"library/src/main/java/com/bumptech/glide/request/BaseRequestOptions.java"
glide,3dd62207d4175b447963122a7e4eb8988a37da34,"library/src/main/java/com/bumptech/glide/load/engine/BaseDecodeOptions.java",MOVE_OPERATION,"library/src/main/java/com/bumptech/glide/request/BaseRequestOptions.java"
glide,3dd62207d4175b447963122a7e4eb8988a37da34,"library/src/main/java/com/bumptech/glide/load/engine/BaseDecodeOptions.java",MOVE_OPERATION,"library/src/main/java/com/bumptech/glide/request/BaseRequestOptions.java"
glide,3dd62207d4175b447963122a7e4eb8988a37da34,"library/src/main/java/com/bumptech/glide/load/engine/BaseDecodeOptions.java",MOVE_AND_RENAME_OPERATION,"library/src/main/java/com/bumptech/glide/request/BaseRequestOptions.java"
glide,3dd62207d4175b447963122a7e4eb8988a37da34,"library/src/main/java/com/bumptech/glide/load/engine/BaseDecodeOptions.java",MOVE_AND_RENAME_OPERATION,"library/src/main/java/com/bumptech/glide/request/BaseRequestOptions.java"
glide,3dd62207d4175b447963122a7e4eb8988a37da34,"library/src/main/java/com/bumptech/glide/load/engine/BaseDecodeOptions.java",MOVE_OPERATION,"library/src/main/java/com/bumptech/glide/request/BaseRequestOptions.java"
glide,3dd62207d4175b447963122a7e4eb8988a37da34,"library/src/main/java/com/bumptech/glide/load/engine/BaseDecodeOptions.java",MOVE_OPERATION,"library/src/main/java/com/bumptech/glide/request/BaseRequestOptions.java"
glide,3dd62207d4175b447963122a7e4eb8988a37da34,"library/src/main/java/com/bumptech/glide/load/engine/BaseDecodeOptions.java",MOVE_OPERATION,"library/src/main/java/com/bumptech/glide/request/BaseRequestOptions.java"
glide,3dd62207d4175b447963122a7e4eb8988a37da34,"library/src/main/java/com/bumptech/glide/load/engine/BaseDecodeOptions.java",MOVE_OPERATION,"library/src/main/java/com/bumptech/glide/request/BaseRequestOptions.java"
glide,3dd62207d4175b447963122a7e4eb8988a37da34,"library/src/main/java/com/bumptech/glide/load/engine/BaseDecodeOptions.java",MOVE_OPERATION,"library/src/main/java/com/bumptech/glide/request/BaseRequestOptions.java"
glide,3dd62207d4175b447963122a7e4eb8988a37da34,"library/src/main/java/com/bumptech/glide/load/engine/BaseDecodeOptions.java",MOVE_OPERATION,"library/src/main/java/com/bumptech/glide/request/BaseRequestOptions.java"
glide,3dd62207d4175b447963122a7e4eb8988a37da34,"library/src/main/java/com/bumptech/glide/load/engine/BaseDecodeOptions.java",MOVE_OPERATION,"library/src/main/java/com/bumptech/glide/request/BaseRequestOptions.java"
glide,3dd62207d4175b447963122a7e4eb8988a37da34,"library/src/main/java/com/bumptech/glide/load/engine/BaseDecodeOptions.java",MOVE_OPERATION,"library/src/main/java/com/bumptech/glide/request/BaseRequestOptions.java"
glide,3dd62207d4175b447963122a7e4eb8988a37da34,"library/src/main/java/com/bumptech/glide/load/engine/BaseDecodeOptions.java",MOVE_OPERATION,"library/src/main/java/com/bumptech/glide/request/BaseRequestOptions.java"
glide,3dd62207d4175b447963122a7e4eb8988a37da34,"library/src/main/java/com/bumptech/glide/request/RequestOptions.java",PULL_UP_OPERATION,"library/src/main/java/com/bumptech/glide/request/BaseRequestOptions.java"
glide,3dd62207d4175b447963122a7e4eb8988a37da34,"library/src/main/java/com/bumptech/glide/request/RequestOptions.java",PULL_UP_OPERATION,"library/src/main/java/com/bumptech/glide/request/BaseRequestOptions.java"
glide,3dd62207d4175b447963122a7e4eb8988a37da34,"library/src/main/java/com/bumptech/glide/request/RequestOptions.java",PULL_UP_OPERATION,"library/src/main/java/com/bumptech/glide/request/BaseRequestOptions.java"
glide,3dd62207d4175b447963122a7e4eb8988a37da34,"library/src/main/java/com/bumptech/glide/request/RequestOptions.java",PULL_UP_OPERATION,"library/src/main/java/com/bumptech/glide/request/BaseRequestOptions.java"
glide,3dd62207d4175b447963122a7e4eb8988a37da34,"library/src/main/java/com/bumptech/glide/request/RequestOptions.java",PULL_UP_OPERATION,"library/src/main/java/com/bumptech/glide/request/BaseRequestOptions.java"
glide,3dd62207d4175b447963122a7e4eb8988a37da34,"library/src/main/java/com/bumptech/glide/request/RequestOptions.java",PULL_UP_OPERATION,"library/src/main/java/com/bumptech/glide/request/BaseRequestOptions.java"
glide,3dd62207d4175b447963122a7e4eb8988a37da34,"library/src/main/java/com/bumptech/glide/request/RequestOptions.java",PULL_UP_OPERATION,"library/src/main/java/com/bumptech/glide/request/BaseRequestOptions.java"
glide,3dd62207d4175b447963122a7e4eb8988a37da34,"library/src/main/java/com/bumptech/glide/request/RequestOptions.java",PULL_UP_OPERATION,"library/src/main/java/com/bumptech/glide/request/BaseRequestOptions.java"
glide,3dd62207d4175b447963122a7e4eb8988a37da34,"library/src/main/java/com/bumptech/glide/request/RequestOptions.java",PULL_UP_OPERATION,"library/src/main/java/com/bumptech/glide/request/BaseRequestOptions.java"
glide,3dd62207d4175b447963122a7e4eb8988a37da34,"library/src/main/java/com/bumptech/glide/request/RequestOptions.java",PULL_UP_OPERATION,"library/src/main/java/com/bumptech/glide/request/BaseRequestOptions.java"
glide,3dd62207d4175b447963122a7e4eb8988a37da34,"library/src/main/java/com/bumptech/glide/request/RequestOptions.java",PULL_UP_OPERATION,"library/src/main/java/com/bumptech/glide/request/BaseRequestOptions.java"
glide,3dd62207d4175b447963122a7e4eb8988a37da34,"library/src/main/java/com/bumptech/glide/request/RequestOptions.java",PULL_UP_OPERATION,"library/src/main/java/com/bumptech/glide/request/BaseRequestOptions.java"
glide,ca2907f414e1e8254d0469af6becae4e79b94cfe,"library/src/main/java/com/bumptech/glide/load/engine/bitmap_recycle/LruBitmapPool.java",EXTRACT_OPERATION,"library/src/main/java/com/bumptech/glide/load/engine/bitmap_recycle/LruBitmapPool.java"
glide,4833eaa0da2e718596b5c3387c9593d73162cf06,"library/src/main/java/com/bumptech/glide/request/animation/ViewAnimation.java",MOVE_AND_RENAME_OPERATION,"library/src/main/java/com/bumptech/glide/request/transition/ViewTransition.java"
glide,8f4fad0c846e09aed488d0ea6dafeca5451edb05,"library/src/main/java/com/bumptech/glide/Glide.java",EXTRACT_CLASS,"library/src/main/java/com/bumptech/glide/Glide.java; library/src/main/java/com/bumptech/glide/Registry.java"
glide,8f4fad0c846e09aed488d0ea6dafeca5451edb05,"library/src/main/java/com/bumptech/glide/request/GlideContext.java",EXTRACT_CLASS,"library/src/main/java/com/bumptech/glide/GlideContext.java; library/src/main/java/com/bumptech/glide/Registry.java"
glide,8f4fad0c846e09aed488d0ea6dafeca5451edb05,"library/src/main/java/com/bumptech/glide/Glide.java",MOVE_OPERATION,"library/src/main/java/com/bumptech/glide/Registry.java"
glide,8f4fad0c846e09aed488d0ea6dafeca5451edb05,"library/src/main/java/com/bumptech/glide/Glide.java",MOVE_OPERATION,"library/src/main/java/com/bumptech/glide/Registry.java"
glide,8f4fad0c846e09aed488d0ea6dafeca5451edb05,"library/src/main/java/com/bumptech/glide/Glide.java",MOVE_OPERATION,"library/src/main/java/com/bumptech/glide/Registry.java"
glide,1abd60feee7f6321fe790a85e24e5376652ffc8b,"library/src/main/java/com/bumptech/glide/load/engine/RequestContext.java",EXTRACT_AND_MOVE_OPERATION,"library/src/main/java/com/bumptech/glide/load/engine/RequestContext.java; library/src/main/java/com/bumptech/glide/load/engine/BaseDecodeOptions.java"
glide,71a8244de9c50557f3494ce25b870f8d0a86dfe1,"library/src/main/java/com/bumptech/glide/TransformationOptions.java",MOVE_OPERATION,"library/src/main/java/com/bumptech/glide/load/engine/BaseDecodeOptions.java"
glide,71a8244de9c50557f3494ce25b870f8d0a86dfe1,"library/src/main/java/com/bumptech/glide/TransformationOptions.java",MOVE_AND_RENAME_OPERATION,"library/src/main/java/com/bumptech/glide/load/engine/BaseDecodeOptions.java"
glide,71a8244de9c50557f3494ce25b870f8d0a86dfe1,"library/src/main/java/com/bumptech/glide/TransformationOptions.java",MOVE_OPERATION,"library/src/main/java/com/bumptech/glide/load/engine/BaseDecodeOptions.java"
glide,4eb3545b8e4615418391437a60f8d07057d11c10,"library/src/main/java/com/bumptech/glide/load/engine/DecodeJob.java",EXTRACT_OPERATION,"library/src/main/java/com/bumptech/glide/load/engine/DecodeJob.java"
glide,4eb3545b8e4615418391437a60f8d07057d11c10,"library/src/main/java/com/bumptech/glide/load/engine/DecodeJob.java",EXTRACT_OPERATION,"library/src/main/java/com/bumptech/glide/load/engine/DecodeJob.java"
glide,1e28d46d81032a9c93ac1ba97095729445b29e20,"library/src/main/java/com/bumptech/glide/load/resource/gif/GifFrameModelLoader.java",MOVE_OPERATION,"library/src/main/java/com/bumptech/glide/load/model/UnitModelLoader.java"
glide,247c651f983db54a8b14888fdeaf8131695b8585,"library/src/main/java/com/bumptech/glide/load/model/UrlLoader.java",MOVE_OPERATION,"library/src/main/java/com/bumptech/glide/load/model/stream/UrlLoader.java"
glide,247c651f983db54a8b14888fdeaf8131695b8585,"library/src/main/java/com/bumptech/glide/load/model/UrlLoader.java",MOVE_OPERATION,"library/src/main/java/com/bumptech/glide/load/model/stream/UrlLoader.java"
glide,247c651f983db54a8b14888fdeaf8131695b8585,"library/src/main/java/com/bumptech/glide/load/model/UrlLoader.java",MOVE_OPERATION,"library/src/main/java/com/bumptech/glide/load/model/stream/UrlLoader.java"
glide,f8f387f2ee7e8d4d82986ec0f0b6e0989c47aa6f,"library/src/androidTest/java/com/bumptech/glide/load/model/stream/UriLoaderTest.java",EXTRACT_CLASS,"library/src/androidTest/java/com/bumptech/glide/load/model/UriLoaderTest.java; library/src/androidTest/java/com/bumptech/glide/load/model/stream/HttpUriLoaderTest.java"
glide,f8f387f2ee7e8d4d82986ec0f0b6e0989c47aa6f,"library/src/androidTest/java/com/bumptech/glide/load/model/stream/UriLoaderTest.java",MOVE_OPERATION,"library/src/androidTest/java/com/bumptech/glide/load/model/stream/HttpUriLoaderTest.java"
glide,f8f387f2ee7e8d4d82986ec0f0b6e0989c47aa6f,"library/src/androidTest/java/com/bumptech/glide/load/model/stream/UriLoaderTest.java",MOVE_OPERATION,"library/src/androidTest/java/com/bumptech/glide/load/model/stream/HttpUriLoaderTest.java"
glide,f8f387f2ee7e8d4d82986ec0f0b6e0989c47aa6f,"library/src/androidTest/java/com/bumptech/glide/load/model/stream/UriLoaderTest.java",MOVE_OPERATION,"library/src/androidTest/java/com/bumptech/glide/load/model/stream/HttpUriLoaderTest.java"
glide,f8f387f2ee7e8d4d82986ec0f0b6e0989c47aa6f,"library/src/main/java/com/bumptech/glide/load/model/AssetUriParser.java",MOVE_AND_RENAME_OPERATION,"library/src/main/java/com/bumptech/glide/load/model/AssetUriLoader.java"
glide,f8f387f2ee7e8d4d82986ec0f0b6e0989c47aa6f,"library/src/main/java/com/bumptech/glide/load/model/file_descriptor/FileDescriptorUriLoader.java",MOVE_AND_RENAME_OPERATION,"library/src/main/java/com/bumptech/glide/load/model/UriLoader.java"
glide,f8f387f2ee7e8d4d82986ec0f0b6e0989c47aa6f,"library/src/main/java/com/bumptech/glide/load/model/stream/StreamUriLoader.java",MOVE_AND_RENAME_OPERATION,"library/src/main/java/com/bumptech/glide/load/model/UriLoader.java"
glide,f8f387f2ee7e8d4d82986ec0f0b6e0989c47aa6f,"library/src/main/java/com/bumptech/glide/load/data/MediaStoreThumbFetcher.java",MOVE_OPERATION,"library/src/main/java/com/bumptech/glide/load/data/mediastore/MediaStoreUtil.java"
glide,f8f387f2ee7e8d4d82986ec0f0b6e0989c47aa6f,"library/src/main/java/com/bumptech/glide/load/model/stream/MediaStoreStreamLoader.java",EXTRACT_AND_MOVE_OPERATION,"library/src/main/java/com/bumptech/glide/load/model/stream/MediaStoreImageThumbLoader.java; library/src/main/java/com/bumptech/glide/load/data/mediastore/ThumbFetcher.java"
glide,6a6467b927194e6fc5de18d8374ab592d75fdcf0,"library/src/main/java/com/bumptech/glide/load/model/ModelLoaderRegistry.java",EXTRACT_OPERATION,"library/src/main/java/com/bumptech/glide/load/model/ModelLoaderRegistry.java"
glide,6a6467b927194e6fc5de18d8374ab592d75fdcf0,"library/src/androidTest/java/com/bumptech/glide/load/model/GenericLoaderFactoryTest.java",MOVE_OPERATION,"library/src/androidTest/java/com/bumptech/glide/load/model/MultiModelLoaderFactoryTest.java"
glide,de097a648061dd27bc0446c786a6b1c0bdf1a2e2,"library/src/main/java/com/bumptech/glide/request/GlideContext.java; library/src/main/java/com/bumptech/glide/request/GlideContext.java; library/src/main/java/com/bumptech/glide/request/GlideContext.java",EXTRACT_SUPERCLASS,"library/src/main/java/com/bumptech/glide/request/GlideContext.java; library/src/main/java/com/bumptech/glide/request/GlideContext.java; library/src/main/java/com/bumptech/glide/request/GlideContext.java; library/src/main/java/com/bumptech/glide/request/GlideContext.java"
glide,ef027a4d4a85a3438a4d13d85d94b4bae94af8df,"library/src/main/java/com/bumptech/glide/load/engine/DecodeJob.java",EXTRACT_CLASS,"library/src/main/java/com/bumptech/glide/load/engine/DecodeJob.java; library/src/main/java/com/bumptech/glide/load/engine/RequestContext.java"
glide,ef027a4d4a85a3438a4d13d85d94b4bae94af8df,"library/src/main/java/com/bumptech/glide/request/SingleRequest.java",EXTRACT_CLASS,"library/src/main/java/com/bumptech/glide/request/SingleRequest.java; library/src/main/java/com/bumptech/glide/load/engine/RequestContext.java"
glide,ef027a4d4a85a3438a4d13d85d94b4bae94af8df,"library/src/main/java/com/bumptech/glide/Glide.java",MOVE_OPERATION,"library/src/main/java/com/bumptech/glide/request/GlideContext.java"
glide,ef027a4d4a85a3438a4d13d85d94b4bae94af8df,"library/src/main/java/com/bumptech/glide/Glide.java",MOVE_OPERATION,"library/src/main/java/com/bumptech/glide/request/GlideContext.java"
glide,ef027a4d4a85a3438a4d13d85d94b4bae94af8df,"library/src/main/java/com/bumptech/glide/RequestManager.java",EXTRACT_AND_MOVE_OPERATION,"library/src/main/java/com/bumptech/glide/RequestManager.java; library/src/main/java/com/bumptech/glide/Glide.java"
glide,ef027a4d4a85a3438a4d13d85d94b4bae94af8df,"library/src/main/java/com/bumptech/glide/RequestManager.java",EXTRACT_AND_MOVE_OPERATION,"library/src/main/java/com/bumptech/glide/RequestManager.java; library/src/main/java/com/bumptech/glide/Glide.java"
glide,760bb12182742e7cb8dae45f2aa8e27af7e8b383,"library/src/main/java/com/bumptech/glide/DrawableRequestBuilder.java",EXTRACT_CLASS,"library/src/main/java/com/bumptech/glide/RequestBuilder.java; library/src/main/java/com/bumptech/glide/AnimationOptions.java"
glide,760bb12182742e7cb8dae45f2aa8e27af7e8b383,"library/src/main/java/com/bumptech/glide/DrawableRequestBuilder.java",EXTRACT_CLASS,"library/src/main/java/com/bumptech/glide/RequestBuilder.java; library/src/main/java/com/bumptech/glide/TransformationOptions.java"
glide,760bb12182742e7cb8dae45f2aa8e27af7e8b383,"library/src/main/java/com/bumptech/glide/DrawableRequestBuilder.java",EXTRACT_CLASS,"library/src/main/java/com/bumptech/glide/RequestBuilder.java; library/src/main/java/com/bumptech/glide/load/resource/bitmap/BitmapTransformationOptions.java"
glide,760bb12182742e7cb8dae45f2aa8e27af7e8b383,"library/src/main/java/com/bumptech/glide/DrawableRequestBuilder.java",EXTRACT_CLASS,"library/src/main/java/com/bumptech/glide/RequestBuilder.java; library/src/main/java/com/bumptech/glide/load/resource/drawable/DrawableAnimationOptions.java"
glide,760bb12182742e7cb8dae45f2aa8e27af7e8b383,"library/src/main/java/com/bumptech/glide/DrawableRequestBuilder.java",EXTRACT_CLASS,"library/src/main/java/com/bumptech/glide/RequestBuilder.java; library/src/main/java/com/bumptech/glide/load/resource/drawable/DrawableTransformationOptions.java"
glide,760bb12182742e7cb8dae45f2aa8e27af7e8b383,"library/src/main/java/com/bumptech/glide/DrawableRequestBuilder.java",EXTRACT_CLASS,"library/src/main/java/com/bumptech/glide/RequestBuilder.java; library/src/main/java/com/bumptech/glide/load/resource/gif/GifAnimationOptions.java"
glide,760bb12182742e7cb8dae45f2aa8e27af7e8b383,"library/src/main/java/com/bumptech/glide/DrawableRequestBuilder.java",EXTRACT_CLASS,"library/src/main/java/com/bumptech/glide/RequestBuilder.java; library/src/main/java/com/bumptech/glide/load/resource/gif/GifTransformationOptions.java"
glide,760bb12182742e7cb8dae45f2aa8e27af7e8b383,"library/src/main/java/com/bumptech/glide/DrawableRequestBuilder.java",EXTRACT_CLASS,"library/src/main/java/com/bumptech/glide/RequestBuilder.java; library/src/main/java/com/bumptech/glide/request/RequestOptions.java"
glide,760bb12182742e7cb8dae45f2aa8e27af7e8b383,"library/src/main/java/com/bumptech/glide/request/GenericRequest.java",EXTRACT_CLASS,"library/src/main/java/com/bumptech/glide/request/SingleRequest.java; library/src/main/java/com/bumptech/glide/request/RequestOptions.java"
glide,760bb12182742e7cb8dae45f2aa8e27af7e8b383,"library/src/main/java/com/bumptech/glide/DrawableRequestBuilder.java",MOVE_OPERATION,"library/src/main/java/com/bumptech/glide/TransformationOptions.java"
glide,760bb12182742e7cb8dae45f2aa8e27af7e8b383,"library/src/main/java/com/bumptech/glide/DrawableRequestBuilder.java",MOVE_OPERATION,"library/src/main/java/com/bumptech/glide/TransformationOptions.java"
glide,760bb12182742e7cb8dae45f2aa8e27af7e8b383,"library/src/main/java/com/bumptech/glide/DrawableTypeRequest.java",MOVE_OPERATION,"library/src/main/java/com/bumptech/glide/RequestBuilder.java"
glide,760bb12182742e7cb8dae45f2aa8e27af7e8b383,"library/src/main/java/com/bumptech/glide/DrawableTypeRequest.java",MOVE_OPERATION,"library/src/main/java/com/bumptech/glide/RequestBuilder.java"
glide,760bb12182742e7cb8dae45f2aa8e27af7e8b383,"library/src/main/java/com/bumptech/glide/BitmapRequestBuilder.java",MOVE_OPERATION,"library/src/main/java/com/bumptech/glide/load/resource/bitmap/BitmapTransformationOptions.java"
glide,760bb12182742e7cb8dae45f2aa8e27af7e8b383,"library/src/main/java/com/bumptech/glide/GifRequestBuilder.java",MOVE_OPERATION,"library/src/main/java/com/bumptech/glide/load/resource/bitmap/BitmapTransformationOptions.java"
glide,760bb12182742e7cb8dae45f2aa8e27af7e8b383,"library/src/main/java/com/bumptech/glide/BitmapRequestBuilder.java",MOVE_OPERATION,"library/src/main/java/com/bumptech/glide/load/resource/bitmap/BitmapTransformationOptions.java"
glide,760bb12182742e7cb8dae45f2aa8e27af7e8b383,"library/src/main/java/com/bumptech/glide/GifRequestBuilder.java",MOVE_OPERATION,"library/src/main/java/com/bumptech/glide/load/resource/bitmap/BitmapTransformationOptions.java"
glide,760bb12182742e7cb8dae45f2aa8e27af7e8b383,"library/src/main/java/com/bumptech/glide/GifRequestBuilder.java",MOVE_OPERATION,"library/src/main/java/com/bumptech/glide/load/resource/drawable/DrawableAnimationOptions.java"
glide,760bb12182742e7cb8dae45f2aa8e27af7e8b383,"library/src/main/java/com/bumptech/glide/DrawableRequestBuilder.java",MOVE_OPERATION,"library/src/main/java/com/bumptech/glide/load/resource/drawable/DrawableAnimationOptions.java"
glide,760bb12182742e7cb8dae45f2aa8e27af7e8b383,"library/src/main/java/com/bumptech/glide/GifRequestBuilder.java",MOVE_OPERATION,"library/src/main/java/com/bumptech/glide/load/resource/drawable/DrawableAnimationOptions.java"
glide,760bb12182742e7cb8dae45f2aa8e27af7e8b383,"library/src/main/java/com/bumptech/glide/DrawableRequestBuilder.java",MOVE_OPERATION,"library/src/main/java/com/bumptech/glide/load/resource/drawable/DrawableAnimationOptions.java"
glide,760bb12182742e7cb8dae45f2aa8e27af7e8b383,"samples/flickr/src/main/java/com/bumptech/glide/samples/flickr/FlickrPhotoGrid.java",EXTRACT_AND_MOVE_OPERATION,"samples/flickr/src/main/java/com/bumptech/glide/samples/flickr/FlickrPhotoGrid.java; library/src/main/java/com/bumptech/glide/RequestBuilder.java"
glide,e1f3574d96ac59ff59559b8a07fd0fcbf3dbaa77,"library/src/main/java/com/bumptech/glide/load/engine/DecodeJob.java",EXTRACT_OPERATION,"library/src/main/java/com/bumptech/glide/load/engine/DecodeJob.java"
glide,6e616283002ae1f6d688ced4a954d878de54acaf,"library/src/main/java/com/bumptech/glide/load/resource/bitmap/StreamBitmapDecoder.java",EXTRACT_AND_MOVE_OPERATION,"library/src/main/java/com/bumptech/glide/load/resource/bitmap/StreamBitmapDecoder.java; library/src/main/java/com/bumptech/glide/load/resource/bitmap/Downsampler.java"
glide,3422c5754079df8e7a9871f82281b4dde2a78c5e,"library/src/androidTest/java/com/bumptech/glide/load/engine/bitmap_recycle/LruBitmapPoolTest.java",EXTRACT_OPERATION,"library/src/androidTest/java/com/bumptech/glide/load/engine/bitmap_recycle/LruBitmapPoolTest.java"
glide,b7be7be439d32ef73a5e9dcbeed6cf3d042aca8c,"library/src/main/java/com/bumptech/glide/GlideBuilder.java",EXTRACT_OPERATION,"library/src/main/java/com/bumptech/glide/GlideBuilder.java"
glide,b7be7be439d32ef73a5e9dcbeed6cf3d042aca8c,"library/src/main/java/com/bumptech/glide/load/engine/Engine.java",EXTRACT_CLASS,"library/src/main/java/com/bumptech/glide/load/engine/Engine.java; library/src/main/java/com/bumptech/glide/load/engine/Engine.java"
glide,24fc713306c650683581531d18c08e3c20bb8373,"library/src/main/java/com/bumptech/glide/load/resource/bitmap/TransformationUtils.java",EXTRACT_OPERATION,"library/src/main/java/com/bumptech/glide/load/resource/bitmap/TransformationUtils.java"
glide,24fc713306c650683581531d18c08e3c20bb8373,"library/src/main/java/com/bumptech/glide/load/resource/bitmap/TransformationUtils.java",EXTRACT_OPERATION,"library/src/main/java/com/bumptech/glide/load/resource/bitmap/TransformationUtils.java"
glide,827fc08222eb61595ab0d5fdebeea0033e9e8382,"library/src/androidTest/java/com/bumptech/glide/load/resource/bitmap/BitmapTransformationTest.java",EXTRACT_OPERATION,"library/src/androidTest/java/com/bumptech/glide/load/resource/bitmap/BitmapTransformationTest.java"
glide,827fc08222eb61595ab0d5fdebeea0033e9e8382,"library/src/androidTest/java/com/bumptech/glide/load/resource/bitmap/BitmapTransformationTest.java",EXTRACT_OPERATION,"library/src/androidTest/java/com/bumptech/glide/load/resource/bitmap/BitmapTransformationTest.java"
glide,827fc08222eb61595ab0d5fdebeea0033e9e8382,"library/src/androidTest/java/com/bumptech/glide/load/resource/bitmap/BitmapTransformationTest.java",EXTRACT_OPERATION,"library/src/androidTest/java/com/bumptech/glide/load/resource/bitmap/BitmapTransformationTest.java"
glide,827fc08222eb61595ab0d5fdebeea0033e9e8382,"library/src/androidTest/java/com/bumptech/glide/load/resource/bitmap/BitmapTransformationTest.java",EXTRACT_OPERATION,"library/src/androidTest/java/com/bumptech/glide/load/resource/bitmap/BitmapTransformationTest.java"
glide,827fc08222eb61595ab0d5fdebeea0033e9e8382,"library/src/main/java/com/bumptech/glide/request/target/ViewTarget.java",EXTRACT_OPERATION,"library/src/main/java/com/bumptech/glide/request/target/ViewTarget.java"
glide,827fc08222eb61595ab0d5fdebeea0033e9e8382,"library/src/main/java/com/bumptech/glide/request/target/ViewTarget.java",EXTRACT_OPERATION,"library/src/main/java/com/bumptech/glide/request/target/ViewTarget.java"
glide,827fc08222eb61595ab0d5fdebeea0033e9e8382,"library/src/main/java/com/bumptech/glide/request/target/ViewTarget.java",EXTRACT_OPERATION,"library/src/main/java/com/bumptech/glide/request/target/ViewTarget.java"
glide,827fc08222eb61595ab0d5fdebeea0033e9e8382,"library/src/main/java/com/bumptech/glide/request/target/ViewTarget.java",EXTRACT_OPERATION,"library/src/main/java/com/bumptech/glide/request/target/ViewTarget.java"
glide,5ebcfbd3517c52a07567f97ec4d4bdff577b382d,"library/src/main/java/com/bumptech/glide/ListPreloader.java",EXTRACT_OPERATION,"library/src/main/java/com/bumptech/glide/ListPreloader.java"
glide,636df9907e4866cc9895d46c3fa1aa594b30813e,"samples/flickr/src/main/java/com/bumptech/glide/samples/flickr/FlickrPhotoGrid.java",MOVE_AND_RENAME_OPERATION,"samples/flickr/src/main/java/com/bumptech/glide/samples/flickr/FlickrPhotoGrid.java"
glide,636df9907e4866cc9895d46c3fa1aa594b30813e,"samples/flickr/src/main/java/com/bumptech/glide/samples/flickr/FlickrPhotoList.java",MOVE_AND_RENAME_OPERATION,"samples/flickr/src/main/java/com/bumptech/glide/samples/flickr/FlickrPhotoGrid.java"
glide,636df9907e4866cc9895d46c3fa1aa594b30813e,"samples/flickr/src/main/java/com/bumptech/glide/samples/flickr/FlickrPhotoGrid.java",MOVE_AND_RENAME_OPERATION,"samples/flickr/src/main/java/com/bumptech/glide/samples/flickr/FlickrPhotoGrid.java"
glide,636df9907e4866cc9895d46c3fa1aa594b30813e,"samples/flickr/src/main/java/com/bumptech/glide/samples/flickr/FlickrPhotoList.java",MOVE_AND_RENAME_OPERATION,"samples/flickr/src/main/java/com/bumptech/glide/samples/flickr/FlickrPhotoList.java"
glide,636df9907e4866cc9895d46c3fa1aa594b30813e,"samples/flickr/src/main/java/com/bumptech/glide/samples/flickr/FlickrPhotoList.java",MOVE_AND_RENAME_OPERATION,"samples/flickr/src/main/java/com/bumptech/glide/samples/flickr/FlickrPhotoList.java"
glide,636df9907e4866cc9895d46c3fa1aa594b30813e,"samples/giphy/src/main/java/com/bumptech/glide/samples/giphy/MainActivity.java",MOVE_AND_RENAME_OPERATION,"samples/giphy/src/main/java/com/bumptech/glide/samples/giphy/MainActivity.java"
glide,636df9907e4866cc9895d46c3fa1aa594b30813e,"samples/giphy/src/main/java/com/bumptech/glide/samples/giphy/MainActivity.java",MOVE_AND_RENAME_OPERATION,"samples/giphy/src/main/java/com/bumptech/glide/samples/giphy/MainActivity.java"
glide,f462212f5879d00de90945034e182ef06a78ecaf,"library/src/main/java/com/bumptech/glide/load/resource/gif/GifFrameManager.java",EXTRACT_OPERATION,"library/src/main/java/com/bumptech/glide/load/resource/gif/GifFrameLoader.java"
glide,f462212f5879d00de90945034e182ef06a78ecaf,"library/src/main/java/com/bumptech/glide/load/resource/gif/GifFrameManager.java",EXTRACT_OPERATION,"library/src/main/java/com/bumptech/glide/load/resource/gif/GifFrameLoader.java"
glide,2742674973d888ee017fe977ea0684ba2b1ca4b0,"library/src/main/java/com/bumptech/glide/load/engine/Engine.java",EXTRACT_OPERATION,"library/src/main/java/com/bumptech/glide/load/engine/Engine.java"
glide,2742674973d888ee017fe977ea0684ba2b1ca4b0,"library/src/main/java/com/bumptech/glide/load/engine/Engine.java",EXTRACT_OPERATION,"library/src/main/java/com/bumptech/glide/load/engine/Engine.java"
glide,17180f4ce97118d61e609fef1ebbcbaebdb1d19e,"third_party/gif_decoder/src/androidTest/java/com/bumptech/glide/gifdecoder/test/TestUtil.java",MOVE_AND_RENAME_OPERATION,"testutil/src/main/java/com/bumptech/glide/testutil/TestUtil.java"
glide,17180f4ce97118d61e609fef1ebbcbaebdb1d19e,"integration/volley/src/androidTest/java/com/bumptech/glide/integration/volley/VolleyStreamFetcherServerTest.java",MOVE_AND_RENAME_OPERATION,"testutil/src/main/java/com/bumptech/glide/testutil/TestUtil.java"
glide,17180f4ce97118d61e609fef1ebbcbaebdb1d19e,"library/src/androidTest/java/com/bumptech/glide/load/data/HttpUrlFetcherServerTest.java",MOVE_AND_RENAME_OPERATION,"testutil/src/main/java/com/bumptech/glide/testutil/TestUtil.java"
glide,f4d511ebf70c55d9224b57e6ff390373c0e2b12e,"library/src/main/java/com/bumptech/glide/load/resource/bitmap/TransformationUtils.java",EXTRACT_OPERATION,"library/src/main/java/com/bumptech/glide/load/resource/bitmap/TransformationUtils.java"
glide,dd737542dc2f6d58cfb1367929c8d3ebc1eeebf4,"library/src/main/java/com/bumptech/glide/load/engine/prefill/BitmapPreFillIdleHandler.java",EXTRACT_OPERATION,"library/src/main/java/com/bumptech/glide/load/engine/prefill/BitmapPreFillRunner.java"
glide,dd737542dc2f6d58cfb1367929c8d3ebc1eeebf4,"library/src/main/java/com/bumptech/glide/load/engine/prefill/BitmapPreFillIdleHandler.java",EXTRACT_OPERATION,"library/src/main/java/com/bumptech/glide/load/engine/prefill/BitmapPreFillRunner.java"
glide,dd737542dc2f6d58cfb1367929c8d3ebc1eeebf4,"library/src/main/java/com/bumptech/glide/load/engine/prefill/BitmapPreFillIdleHandler.java",EXTRACT_OPERATION,"library/src/main/java/com/bumptech/glide/load/engine/prefill/BitmapPreFillRunner.java"
glide,88868380fb22a5dae89d8664f2daa8c99522bc74,"library/src/main/java/com/bumptech/glide/load/resource/bitmap/Downsampler.java",EXTRACT_OPERATION,"library/src/main/java/com/bumptech/glide/load/resource/bitmap/Downsampler.java"
glide,4ee3030c0b69cbc1a0c0a073d33cc5a3023ed493,"library/src/main/java/com/bumptech/glide/load/resource/bitmap/BitmapTransformation.java",EXTRACT_AND_MOVE_OPERATION,"library/src/main/java/com/bumptech/glide/load/resource/bitmap/BitmapTransformation.java; library/src/main/java/com/bumptech/glide/load/resource/bitmap/BitmapResource.java"
glide,4ee3030c0b69cbc1a0c0a073d33cc5a3023ed493,"library/src/main/java/com/bumptech/glide/load/resource/bitmap/FileDescriptorBitmapDecoder.java",EXTRACT_AND_MOVE_OPERATION,"library/src/main/java/com/bumptech/glide/load/resource/bitmap/FileDescriptorBitmapDecoder.java; library/src/main/java/com/bumptech/glide/load/resource/bitmap/BitmapResource.java"
glide,4ee3030c0b69cbc1a0c0a073d33cc5a3023ed493,"library/src/main/java/com/bumptech/glide/load/resource/bitmap/StreamBitmapDecoder.java",EXTRACT_AND_MOVE_OPERATION,"library/src/main/java/com/bumptech/glide/load/resource/bitmap/StreamBitmapDecoder.java; library/src/main/java/com/bumptech/glide/load/resource/bitmap/BitmapResource.java"
glide,4ee3030c0b69cbc1a0c0a073d33cc5a3023ed493,"library/src/main/java/com/bumptech/glide/load/resource/gif/GifFrameResourceDecoder.java",EXTRACT_AND_MOVE_OPERATION,"library/src/main/java/com/bumptech/glide/load/resource/gif/GifFrameResourceDecoder.java; library/src/main/java/com/bumptech/glide/load/resource/bitmap/BitmapResource.java"
glide,1c213bd9646c0292439767103060391121624ff9,"library/src/main/java/com/bumptech/glide/load/model/GenericLoaderFactory.java",EXTRACT_OPERATION,"library/src/main/java/com/bumptech/glide/load/model/GenericLoaderFactory.java"
glide,4fcb6cd5b3dbd7ecc58d3e3dcb7a3d8304e54a16,"third_party/gif_decoder/src/androidTest/java/com/bumptech/glide/gifdecoder/test/GifBytesTestUtilTest.java",EXTRACT_OPERATION,"third_party/gif_decoder/src/androidTest/java/com/bumptech/glide/gifdecoder/test/GifBytesTestUtilTest.java"
glide,4fcb6cd5b3dbd7ecc58d3e3dcb7a3d8304e54a16,"third_party/gif_decoder/src/androidTest/java/com/bumptech/glide/gifdecoder/test/GifBytesTestUtilTest.java",EXTRACT_OPERATION,"third_party/gif_decoder/src/androidTest/java/com/bumptech/glide/gifdecoder/test/GifBytesTestUtilTest.java"
glide,4fcb6cd5b3dbd7ecc58d3e3dcb7a3d8304e54a16,"third_party/gif_decoder/src/androidTest/java/com/bumptech/glide/gifdecoder/test/GifBytesTestUtilTest.java",EXTRACT_OPERATION,"third_party/gif_decoder/src/androidTest/java/com/bumptech/glide/gifdecoder/test/GifBytesTestUtilTest.java"
glide,4fcb6cd5b3dbd7ecc58d3e3dcb7a3d8304e54a16,"third_party/gif_decoder/src/androidTest/java/com/bumptech/glide/gifdecoder/test/GifBytesTestUtilTest.java",EXTRACT_OPERATION,"third_party/gif_decoder/src/androidTest/java/com/bumptech/glide/gifdecoder/test/GifBytesTestUtilTest.java"
glide,4fcb6cd5b3dbd7ecc58d3e3dcb7a3d8304e54a16,"third_party/gif_decoder/src/androidTest/java/com/bumptech/glide/gifdecoder/test/GifBytesTestUtilTest.java",EXTRACT_OPERATION,"third_party/gif_decoder/src/androidTest/java/com/bumptech/glide/gifdecoder/test/GifBytesTestUtilTest.java"
glide,4fcb6cd5b3dbd7ecc58d3e3dcb7a3d8304e54a16,"third_party/gif_decoder/src/androidTest/java/com/bumptech/glide/gifdecoder/test/GifBytesTestUtilTest.java",EXTRACT_OPERATION,"third_party/gif_decoder/src/androidTest/java/com/bumptech/glide/gifdecoder/test/GifBytesTestUtilTest.java"
glide,6958330c93825bbfb70aea1aff9aeed76b59af4e,"library/src/androidTest/java/com/bumptech/glide/load/engine/cache/MemorySizeCalculatorTest.java",MOVE_OPERATION,"library/src/androidTest/java/com/bumptech/glide/tests/Util.java"
glide,6958330c93825bbfb70aea1aff9aeed76b59af4e,"library/src/androidTest/java/com/bumptech/glide/manager/RequestManagerRetrieverTest.java",MOVE_OPERATION,"library/src/androidTest/java/com/bumptech/glide/tests/Util.java"
glide,b4cc7fa5f667e4a56514823cf2ad85d7435b498a,"library/src/main/java/com/bumptech/glide/load/engine/Engine.java",EXTRACT_OPERATION,"library/src/main/java/com/bumptech/glide/load/engine/Engine.java"
glide,b4cc7fa5f667e4a56514823cf2ad85d7435b498a,"library/src/main/java/com/bumptech/glide/load/engine/Engine.java",EXTRACT_OPERATION,"library/src/main/java/com/bumptech/glide/load/engine/Engine.java"
glide,b4cc7fa5f667e4a56514823cf2ad85d7435b498a,"library/src/main/java/com/bumptech/glide/load/engine/Engine.java",EXTRACT_OPERATION,"library/src/main/java/com/bumptech/glide/load/engine/Engine.java"
glide,b4cc7fa5f667e4a56514823cf2ad85d7435b498a,"library/src/main/java/com/bumptech/glide/load/engine/Engine.java",EXTRACT_OPERATION,"library/src/main/java/com/bumptech/glide/load/engine/Engine.java"
glide,855776275d8ca409f968c8fceff4d11f51bf8592,"third_party/gif_decoder/src/androidTest/java/com/bumptech/glide/gifdecoder/GifHeaderParserTest.java",EXTRACT_CLASS,"third_party/gif_decoder/src/androidTest/java/com/bumptech/glide/gifdecoder/GifHeaderParserTest.java; third_party/gif_decoder/src/androidTest/java/com/bumptech/glide/gifdecoder/TestUtil.java"
glide,855776275d8ca409f968c8fceff4d11f51bf8592,"third_party/gif_decoder/src/androidTest/java/com/bumptech/glide/gifdecoder/GifHeaderParserTest.java",MOVE_OPERATION,"third_party/gif_decoder/src/androidTest/java/com/bumptech/glide/gifdecoder/TestUtil.java"
glide,855776275d8ca409f968c8fceff4d11f51bf8592,"third_party/gif_decoder/src/androidTest/java/com/bumptech/glide/gifdecoder/GifHeaderParserTest.java",MOVE_OPERATION,"third_party/gif_decoder/src/androidTest/java/com/bumptech/glide/gifdecoder/TestUtil.java"
glide,d88c2f7df8007f44fb2b6ec3c00eac280fb298ec,"library/src/main/java/com/bumptech/glide/load/resource/gifbitmap/GifBitmapWrapperResourceDecoder.java",EXTRACT_OPERATION,"library/src/main/java/com/bumptech/glide/load/resource/gifbitmap/GifBitmapWrapperResourceDecoder.java"
glide,7ace7e959b5d44fde04526eed4f5e0abb5a33980,"library/src/main/java/com/bumptech/glide/RequestManager.java",EXTRACT_OPERATION,"library/src/main/java/com/bumptech/glide/RequestManager.java"
glide,7ace7e959b5d44fde04526eed4f5e0abb5a33980,"library/src/main/java/com/bumptech/glide/RequestManager.java",EXTRACT_OPERATION,"library/src/main/java/com/bumptech/glide/RequestManager.java"
glide,7ace7e959b5d44fde04526eed4f5e0abb5a33980,"library/src/main/java/com/bumptech/glide/RequestManager.java",EXTRACT_OPERATION,"library/src/main/java/com/bumptech/glide/RequestManager.java"
glide,7ace7e959b5d44fde04526eed4f5e0abb5a33980,"library/src/main/java/com/bumptech/glide/RequestManager.java",EXTRACT_OPERATION,"library/src/main/java/com/bumptech/glide/RequestManager.java"
glide,7ace7e959b5d44fde04526eed4f5e0abb5a33980,"library/src/main/java/com/bumptech/glide/RequestManager.java",EXTRACT_OPERATION,"library/src/main/java/com/bumptech/glide/RequestManager.java"
glide,7ace7e959b5d44fde04526eed4f5e0abb5a33980,"library/src/main/java/com/bumptech/glide/RequestManager.java",EXTRACT_OPERATION,"library/src/main/java/com/bumptech/glide/RequestManager.java"
glide,7ace7e959b5d44fde04526eed4f5e0abb5a33980,"library/src/main/java/com/bumptech/glide/RequestManager.java",EXTRACT_OPERATION,"library/src/main/java/com/bumptech/glide/RequestManager.java"
glide,7ace7e959b5d44fde04526eed4f5e0abb5a33980,"library/src/main/java/com/bumptech/glide/RequestManager.java",EXTRACT_OPERATION,"library/src/main/java/com/bumptech/glide/RequestManager.java"
glide,4c0c22e7f5fa76d9f44d79b06866f1d09f305d82,"library/src/main/java/com/bumptech/glide/request/animation/ViewAnimation.java",EXTRACT_CLASS,"library/src/main/java/com/bumptech/glide/request/animation/ViewAnimation.java; library/src/main/java/com/bumptech/glide/request/animation/ViewAnimation.java"
glide,4c0c22e7f5fa76d9f44d79b06866f1d09f305d82,"library/src/main/java/com/bumptech/glide/request/animation/ViewAnimation.java",EXTRACT_CLASS,"library/src/main/java/com/bumptech/glide/request/animation/ViewAnimation.java; library/src/main/java/com/bumptech/glide/request/animation/ViewAnimation.java"
glide,4c0c22e7f5fa76d9f44d79b06866f1d09f305d82,"library/src/main/java/com/bumptech/glide/request/animation/DrawableCrossFadeViewAnimation.java",MOVE_AND_RENAME_OPERATION,"library/src/main/java/com/bumptech/glide/request/animation/DrawableCrossFadeViewAnimation.java"
glide,c274f4e3cefa1b6e2ac430a9e5c92e26d798687d,"library/src/main/java/com/bumptech/glide/load/engine/EngineJob.java",EXTRACT_CLASS,"library/src/main/java/com/bumptech/glide/load/engine/EngineJob.java; library/src/main/java/com/bumptech/glide/load/engine/EngineRunnable.java"
glide,c274f4e3cefa1b6e2ac430a9e5c92e26d798687d,"library/src/androidTest/java/com/bumptech/glide/load/engine/ResourceRunnerFactoryTest.java",MOVE_OPERATION,"library/src/androidTest/java/com/bumptech/glide/load/engine/DecodeJobTest.java"
glide,c274f4e3cefa1b6e2ac430a9e5c92e26d798687d,"library/src/androidTest/java/com/bumptech/glide/load/engine/ResourceRunnerTest.java",MOVE_OPERATION,"library/src/androidTest/java/com/bumptech/glide/load/engine/DecodeJobTest.java"
glide,c274f4e3cefa1b6e2ac430a9e5c92e26d798687d,"library/src/androidTest/java/com/bumptech/glide/load/engine/ResourceRunnerTest.java",MOVE_AND_RENAME_OPERATION,"library/src/androidTest/java/com/bumptech/glide/load/engine/DecodeJobTest.java"
glide,c274f4e3cefa1b6e2ac430a9e5c92e26d798687d,"library/src/androidTest/java/com/bumptech/glide/load/engine/ResourceRunnerTest.java",MOVE_AND_RENAME_OPERATION,"library/src/androidTest/java/com/bumptech/glide/load/engine/DecodeJobTest.java"
glide,c274f4e3cefa1b6e2ac430a9e5c92e26d798687d,"library/src/androidTest/java/com/bumptech/glide/load/engine/ResourceRunnerTest.java",MOVE_OPERATION,"library/src/androidTest/java/com/bumptech/glide/load/engine/DecodeJobTest.java"
glide,c274f4e3cefa1b6e2ac430a9e5c92e26d798687d,"library/src/androidTest/java/com/bumptech/glide/load/engine/SourceResourceRunnerTest.java",MOVE_OPERATION,"library/src/androidTest/java/com/bumptech/glide/load/engine/DecodeJobTest.java"
glide,c274f4e3cefa1b6e2ac430a9e5c92e26d798687d,"library/src/androidTest/java/com/bumptech/glide/load/engine/SourceResourceRunnerTest.java",MOVE_AND_RENAME_OPERATION,"library/src/androidTest/java/com/bumptech/glide/load/engine/DecodeJobTest.java"
glide,c274f4e3cefa1b6e2ac430a9e5c92e26d798687d,"library/src/androidTest/java/com/bumptech/glide/load/engine/SourceResourceRunnerTest.java",MOVE_AND_RENAME_OPERATION,"library/src/androidTest/java/com/bumptech/glide/load/engine/DecodeJobTest.java"
glide,c274f4e3cefa1b6e2ac430a9e5c92e26d798687d,"library/src/androidTest/java/com/bumptech/glide/load/engine/SourceResourceRunnerTest.java",MOVE_AND_RENAME_OPERATION,"library/src/androidTest/java/com/bumptech/glide/load/engine/DecodeJobTest.java"
glide,c274f4e3cefa1b6e2ac430a9e5c92e26d798687d,"library/src/androidTest/java/com/bumptech/glide/load/engine/SourceResourceRunnerTest.java",MOVE_AND_RENAME_OPERATION,"library/src/androidTest/java/com/bumptech/glide/load/engine/DecodeJobTest.java"
glide,c274f4e3cefa1b6e2ac430a9e5c92e26d798687d,"library/src/androidTest/java/com/bumptech/glide/load/engine/SourceResourceRunnerTest.java",MOVE_AND_RENAME_OPERATION,"library/src/androidTest/java/com/bumptech/glide/load/engine/DecodeJobTest.java"
glide,c274f4e3cefa1b6e2ac430a9e5c92e26d798687d,"library/src/androidTest/java/com/bumptech/glide/load/engine/SourceResourceRunnerTest.java",EXTRACT_OPERATION,"library/src/androidTest/java/com/bumptech/glide/load/engine/DecodeJobTest.java"
glide,c274f4e3cefa1b6e2ac430a9e5c92e26d798687d,"library/src/androidTest/java/com/bumptech/glide/load/engine/SourceResourceRunnerTest.java",MOVE_AND_RENAME_OPERATION,"library/src/androidTest/java/com/bumptech/glide/load/engine/DecodeJobTest.java"
glide,c274f4e3cefa1b6e2ac430a9e5c92e26d798687d,"library/src/androidTest/java/com/bumptech/glide/load/engine/SourceResourceRunnerTest.java",EXTRACT_OPERATION,"library/src/androidTest/java/com/bumptech/glide/load/engine/DecodeJobTest.java"
glide,c274f4e3cefa1b6e2ac430a9e5c92e26d798687d,"library/src/main/java/com/bumptech/glide/load/engine/ResourceRunner.java",MOVE_OPERATION,"library/src/main/java/com/bumptech/glide/load/engine/DecodeJob.java"
glide,c274f4e3cefa1b6e2ac430a9e5c92e26d798687d,"library/src/main/java/com/bumptech/glide/load/engine/SourceResourceRunner.java",MOVE_OPERATION,"library/src/main/java/com/bumptech/glide/load/engine/DecodeJob.java"
glide,7d7d03dceae92dc32a9b84dee665a34c300017a7,"library/src/main/java/com/bumptech/glide/RequestManager.java",EXTRACT_OPERATION,"library/src/main/java/com/bumptech/glide/RequestManager.java"
glide,7d7d03dceae92dc32a9b84dee665a34c300017a7,"library/src/androidTest/java/com/bumptech/glide/load/engine/EngineKeyTest.java",EXTRACT_CLASS,"library/src/androidTest/java/com/bumptech/glide/load/engine/EngineKeyTest.java; library/src/androidTest/java/com/bumptech/glide/tests/KeyAssertions.java"
glide,7d7d03dceae92dc32a9b84dee665a34c300017a7,"library/src/main/java/com/bumptech/glide/load/data/MediaStoreThumbFetcher.java",EXTRACT_CLASS,"library/src/main/java/com/bumptech/glide/load/data/MediaStoreThumbFetcher.java; library/src/main/java/com/bumptech/glide/signature/MediaStoreSignature.java"
glide,7d7d03dceae92dc32a9b84dee665a34c300017a7,"library/src/main/java/com/bumptech/glide/load/model/stream/MediaStoreStreamLoader.java",EXTRACT_CLASS,"library/src/main/java/com/bumptech/glide/load/model/stream/MediaStoreStreamLoader.java; library/src/main/java/com/bumptech/glide/signature/MediaStoreSignature.java"
glide,7d7d03dceae92dc32a9b84dee665a34c300017a7,"library/src/androidTest/java/com/bumptech/glide/load/data/MediaStoreThumbFetcherTest.java",EXTRACT_CLASS,"library/src/androidTest/java/com/bumptech/glide/load/data/MediaStoreThumbFetcherTest.java; library/src/main/java/com/bumptech/glide/signature/MediaStoreSignature.java"
glide,7d7d03dceae92dc32a9b84dee665a34c300017a7,"library/src/androidTest/java/com/bumptech/glide/load/engine/StringKeyTest.java",MOVE_AND_RENAME_OPERATION,"library/src/androidTest/java/com/bumptech/glide/tests/KeyAssertions.java"
glide,7d7d03dceae92dc32a9b84dee665a34c300017a7,"library/src/androidTest/java/com/bumptech/glide/load/engine/StringKeyTest.java",EXTRACT_OPERATION,"library/src/androidTest/java/com/bumptech/glide/tests/KeyAssertions.java"
glide,7d7d03dceae92dc32a9b84dee665a34c300017a7,"library/src/androidTest/java/com/bumptech/glide/load/engine/EngineKeyTest.java",MOVE_OPERATION,"library/src/androidTest/java/com/bumptech/glide/tests/KeyAssertions.java"
glide,7d7d03dceae92dc32a9b84dee665a34c300017a7,"library/src/androidTest/java/com/bumptech/glide/load/engine/EngineKeyTest.java",MOVE_OPERATION,"library/src/androidTest/java/com/bumptech/glide/tests/KeyAssertions.java"
glide,accb2312cb6b2715a79e7f76fccdd9a97c5c1e2d,"library/src/main/java/com/bumptech/glide/load/engine/EngineJob.java",EXTRACT_OPERATION,"library/src/main/java/com/bumptech/glide/load/engine/EngineJob.java"
glide,accb2312cb6b2715a79e7f76fccdd9a97c5c1e2d,"library/src/main/java/com/bumptech/glide/load/engine/EngineJob.java",EXTRACT_OPERATION,"library/src/main/java/com/bumptech/glide/load/engine/EngineJob.java"
glide,accb2312cb6b2715a79e7f76fccdd9a97c5c1e2d,"library/src/main/java/com/bumptech/glide/load/engine/EngineJob.java",PULL_UP_OPERATION,"library/src/main/java/com/bumptech/glide/load/engine/EngineJob.java"
glide,5ba19a0e69ad3a651b8f13ba45de48a56b56ce36,"library/src/main/java/com/bumptech/glide/load/engine/DefaultResourceRunnerFactory.java",PULL_UP_OPERATION,"library/src/main/java/com/bumptech/glide/load/engine/ResourceRunnerFactory.java"
glide,5ba19a0e69ad3a651b8f13ba45de48a56b56ce36,"library/src/main/java/com/bumptech/glide/load/engine/prefill/BitmapPreFillIdleHandler.java",PULL_UP_OPERATION,"library/src/main/java/com/bumptech/glide/load/engine/prefill/BitmapPreFillIdleHandler.java"
glide,5ba19a0e69ad3a651b8f13ba45de48a56b56ce36,"library/src/main/java/com/bumptech/glide/load/resource/bitmap/VideoBitmapDecoder.java",PULL_UP_OPERATION,"library/src/main/java/com/bumptech/glide/load/resource/bitmap/VideoBitmapDecoder.java"
glide,5ba19a0e69ad3a651b8f13ba45de48a56b56ce36,"library/src/main/java/com/bumptech/glide/load/resource/file/FileToStreamDecoder.java",PULL_UP_OPERATION,"library/src/main/java/com/bumptech/glide/load/resource/file/FileToStreamDecoder.java"
glide,5ba19a0e69ad3a651b8f13ba45de48a56b56ce36,"library/src/main/java/com/bumptech/glide/request/RequestFutureTarget.java",PULL_UP_OPERATION,"library/src/main/java/com/bumptech/glide/request/RequestFutureTarget.java"
glide,5ba19a0e69ad3a651b8f13ba45de48a56b56ce36,"library/src/main/java/com/bumptech/glide/request/RequestFutureTarget.java",PULL_UP_OPERATION,"library/src/main/java/com/bumptech/glide/request/RequestFutureTarget.java"
glide,5ba19a0e69ad3a651b8f13ba45de48a56b56ce36,"library/src/main/java/com/bumptech/glide/load/engine/DefaultResourceRunnerFactory.java",PULL_UP_OPERATION,"library/src/main/java/com/bumptech/glide/load/engine/ResourceRunnerFactory.java"
glide,b4ed2bbf3fbe3c5bccc57fa253ee8abd13b38549,"library/src/androidTest/java/com/bumptech/glide/load/resource/gifbitmap/GifBitmapWrapperResourceDecoderTest.java",EXTRACT_OPERATION,"library/src/androidTest/java/com/bumptech/glide/load/resource/gifbitmap/GifBitmapWrapperResourceDecoderTest.java"
glide,b4ed2bbf3fbe3c5bccc57fa253ee8abd13b38549,"library/src/androidTest/java/com/bumptech/glide/load/resource/gifbitmap/GifBitmapWrapperResourceDecoderTest.java",EXTRACT_OPERATION,"library/src/androidTest/java/com/bumptech/glide/load/resource/gifbitmap/GifBitmapWrapperResourceDecoderTest.java"
glide,b4ed2bbf3fbe3c5bccc57fa253ee8abd13b38549,"library/src/main/java/com/bumptech/glide/load/resource/gifbitmap/GifBitmapWrapperResourceDecoder.java",EXTRACT_OPERATION,"library/src/main/java/com/bumptech/glide/load/resource/gifbitmap/GifBitmapWrapperResourceDecoder.java"
glide,b4ed2bbf3fbe3c5bccc57fa253ee8abd13b38549,"library/src/main/java/com/bumptech/glide/load/resource/gifbitmap/GifBitmapWrapperResourceDecoder.java",EXTRACT_OPERATION,"library/src/main/java/com/bumptech/glide/load/resource/gifbitmap/GifBitmapWrapperResourceDecoder.java"
glide,b4ed2bbf3fbe3c5bccc57fa253ee8abd13b38549,"library/src/main/java/com/bumptech/glide/load/resource/gifbitmap/GifBitmapWrapperResourceDecoder.java",PULL_UP_OPERATION,"library/src/main/java/com/bumptech/glide/load/resource/gifbitmap/GifBitmapWrapperResourceDecoder.java"
glide,b4ed2bbf3fbe3c5bccc57fa253ee8abd13b38549,"library/src/main/java/com/bumptech/glide/load/resource/gifbitmap/GifBitmapWrapperResourceDecoder.java",PULL_UP_OPERATION,"library/src/main/java/com/bumptech/glide/load/resource/gifbitmap/GifBitmapWrapperResourceDecoder.java"
glide,b4ed2bbf3fbe3c5bccc57fa253ee8abd13b38549,"library/src/androidTest/java/com/bumptech/glide/load/resource/gifbitmap/GifBitmapResourceDecoderTest.java",MOVE_AND_RENAME_OPERATION,"library/src/androidTest/java/com/bumptech/glide/load/resource/gifbitmap/GifBitmapWrapperResourceDecoderTest.java"
glide,a128f6fbc301213074e0e3eaaf7c92f71c5da901,"library/src/androidTest/java/com/bumptech/glide/load/resource/gif/GifDrawableTest.java",EXTRACT_OPERATION,"library/src/androidTest/java/com/bumptech/glide/load/resource/gif/GifDrawableTest.java"
glide,a128f6fbc301213074e0e3eaaf7c92f71c5da901,"library/src/androidTest/java/com/bumptech/glide/load/resource/gif/GifDrawableTest.java",EXTRACT_OPERATION,"library/src/androidTest/java/com/bumptech/glide/load/resource/gif/GifDrawableTest.java"
glide,a128f6fbc301213074e0e3eaaf7c92f71c5da901,"library/src/androidTest/java/com/bumptech/glide/load/resource/gif/GifDrawableTest.java",EXTRACT_OPERATION,"library/src/androidTest/java/com/bumptech/glide/load/resource/gif/GifDrawableTest.java"
glide,a128f6fbc301213074e0e3eaaf7c92f71c5da901,"library/src/androidTest/java/com/bumptech/glide/load/resource/gif/GifDrawableTest.java",EXTRACT_OPERATION,"library/src/androidTest/java/com/bumptech/glide/load/resource/gif/GifDrawableTest.java"
glide,a128f6fbc301213074e0e3eaaf7c92f71c5da901,"library/src/androidTest/java/com/bumptech/glide/load/resource/gif/GifDrawableTest.java",EXTRACT_OPERATION,"library/src/androidTest/java/com/bumptech/glide/load/resource/gif/GifDrawableTest.java"
glide,a128f6fbc301213074e0e3eaaf7c92f71c5da901,"library/src/androidTest/java/com/bumptech/glide/load/resource/gif/GifDrawableTest.java",EXTRACT_OPERATION,"library/src/androidTest/java/com/bumptech/glide/load/resource/gif/GifDrawableTest.java"
glide,a128f6fbc301213074e0e3eaaf7c92f71c5da901,"library/src/androidTest/java/com/bumptech/glide/load/resource/gif/GifDrawableTest.java",EXTRACT_OPERATION,"library/src/androidTest/java/com/bumptech/glide/load/resource/gif/GifDrawableTest.java"
glide,4185efc3779f8caf2dd8103aa84705e7a88f679c,"library/src/main/java/com/bumptech/glide/load/resource/gif/GifResourceDecoder.java",PULL_UP_OPERATION,"library/src/main/java/com/bumptech/glide/load/resource/gif/GifResourceDecoder.java"
glide,4185efc3779f8caf2dd8103aa84705e7a88f679c,"library/src/main/java/com/bumptech/glide/load/resource/gif/GifResourceDecoder.java",PULL_UP_OPERATION,"library/src/main/java/com/bumptech/glide/load/resource/gif/GifResourceDecoder.java"
glide,e08fca6797945ad47b4d895a63bf5b3edc08c3be,"library/src/main/java/com/bumptech/glide/manager/RequestManagerRetriever.java",EXTRACT_OPERATION,"library/src/main/java/com/bumptech/glide/manager/RequestManagerRetriever.java"
glide,e08fca6797945ad47b4d895a63bf5b3edc08c3be,"library/src/main/java/com/bumptech/glide/manager/RequestManagerRetriever.java",EXTRACT_OPERATION,"library/src/main/java/com/bumptech/glide/manager/RequestManagerRetriever.java"
glide,e08fca6797945ad47b4d895a63bf5b3edc08c3be,"library/src/main/java/com/bumptech/glide/manager/RequestManagerRetriever.java",EXTRACT_OPERATION,"library/src/main/java/com/bumptech/glide/manager/RequestManagerRetriever.java"
glide,20676c43a1900854678149f8b0b8184962c383da,"library/src/main/java/com/bumptech/glide/util/Util.java",EXTRACT_OPERATION,"library/src/main/java/com/bumptech/glide/util/Util.java"
glide,98389d828138621d8de3fcf2d819b5a0ae6dc283,"library/src/main/java/com/bumptech/glide/load/engine/Engine.java",EXTRACT_OPERATION,"library/src/main/java/com/bumptech/glide/load/engine/Engine.java"
glide,48be324f9f0ae723d9d267911cb510c4b1dd16fd,"library/src/main/java/com/bumptech/glide/load/engine/bitmap_recycle/SizeStrategy.java",MOVE_AND_RENAME_OPERATION,"library/src/main/java/com/bumptech/glide/util/Util.java"
glide,48be324f9f0ae723d9d267911cb510c4b1dd16fd,"library/src/main/java/com/bumptech/glide/load/engine/bitmap_recycle/SizeStrategy.java",MOVE_OPERATION,"library/src/main/java/com/bumptech/glide/util/Util.java"
glide,f2285a83d5ac3e79383278b91aa21b0a87603cd1,"library/src/main/java/com/bumptech/glide/request/ThumbnailRequestCoordinator.java",EXTRACT_OPERATION,"library/src/main/java/com/bumptech/glide/request/ThumbnailRequestCoordinator.java"
glide,051069671413f8b66a1b237a8f682aa6c1b50275,"library/src/main/java/com/bumptech/glide/load/engine/bitmap_recycle/LruBitmapPool.java",EXTRACT_OPERATION,"library/src/main/java/com/bumptech/glide/load/engine/bitmap_recycle/LruBitmapPool.java"
glide,4dcb3c780a11d8647b9d0aeb1939952489d40d62,"library/src/main/java/com/bumptech/glide/load/resource/gifbitmap/GifBitmapWrapperResourceDecoder.java",EXTRACT_OPERATION,"library/src/main/java/com/bumptech/glide/load/resource/gifbitmap/GifBitmapWrapperResourceDecoder.java"
glide,27fdb88d48eabbbab3b9babb7d8757a014327da0,"library/src/main/java/com/bumptech/glide/load/data/HttpUrlFetcher.java",EXTRACT_OPERATION,"library/src/main/java/com/bumptech/glide/load/data/HttpUrlFetcher.java"
glide,27fdb88d48eabbbab3b9babb7d8757a014327da0,"library/src/androidTest/java/com/bumptech/glide/load/data/HttpUrlFetcherTest.java",EXTRACT_CLASS,"library/src/androidTest/java/com/bumptech/glide/load/data/HttpUrlFetcherTest.java; integration/volley/src/androidTest/java/com/bumptech/glide/integration/volley/VolleyStreamFetcherServerTest.java"
glide,27fdb88d48eabbbab3b9babb7d8757a014327da0,"library/src/androidTest/java/com/bumptech/glide/load/data/HttpUrlFetcherTest.java",MOVE_OPERATION,"integration/volley/src/androidTest/java/com/bumptech/glide/integration/volley/VolleyStreamFetcherServerTest.java"
glide,27fdb88d48eabbbab3b9babb7d8757a014327da0,"library/src/androidTest/java/com/bumptech/glide/load/data/HttpUrlFetcherTest.java",MOVE_OPERATION,"integration/volley/src/androidTest/java/com/bumptech/glide/integration/volley/VolleyStreamFetcherServerTest.java"
glide,27fdb88d48eabbbab3b9babb7d8757a014327da0,"library/src/androidTest/java/com/bumptech/glide/load/data/HttpUrlFetcherTest.java",MOVE_OPERATION,"integration/volley/src/androidTest/java/com/bumptech/glide/integration/volley/VolleyStreamFetcherServerTest.java"
glide,237ad5590666f641db5762c599be7c7edbfd0645,"library/src/main/java/com/bumptech/glide/manager/RequestManagerRetriever.java",EXTRACT_OPERATION,"library/src/main/java/com/bumptech/glide/manager/RequestManagerRetriever.java"
glide,b23e1c479179b472ebb31ac20ec57a4284029d78,"library/src/main/java/com/bumptech/glide/request/GenericRequest.java",EXTRACT_OPERATION,"library/src/main/java/com/bumptech/glide/request/GenericRequest.java"
glide,e9c55fe4dd77358b301ee001d1c55ebc196e6e3a,"library/src/main/java/com/bumptech/glide/request/GenericRequest.java",EXTRACT_OPERATION,"library/src/main/java/com/bumptech/glide/request/GenericRequest.java"
glide,9a293d642c30d91e22e46e1a89e64040476d764f,"library/src/main/java/com/bumptech/glide/load/resource/bitmap/BitmapDrawableResource.java; library/src/main/java/com/bumptech/glide/load/resource/bitmap/GlideBitmapDrawableResource.java; library/src/main/java/com/bumptech/glide/load/resource/gif/GifDrawableResource.java",EXTRACT_SUPERCLASS,"library/src/main/java/com/bumptech/glide/load/resource/bitmap/BitmapDrawableResource.java; library/src/main/java/com/bumptech/glide/load/resource/bitmap/GlideBitmapDrawableResource.java; library/src/main/java/com/bumptech/glide/load/resource/gif/GifDrawableResource.java; library/src/main/java/com/bumptech/glide/load/resource/drawable/DrawableResource.java"
glide,2d2fd74ee83002c19541f772dfb3e5ff5aa967c1,"library/src/main/java/com/bumptech/glide/load/resource/file/FileResource.java",EXTRACT_SUPERCLASS,"library/src/main/java/com/bumptech/glide/load/resource/file/FileResource.java; library/src/main/java/com/bumptech/glide/load/resource/SimpleResource.java"
glide,2d2fd74ee83002c19541f772dfb3e5ff5aa967c1,"library/src/main/java/com/bumptech/glide/load/resource/file/FileResource.java",PULL_UP_OPERATION,"library/src/main/java/com/bumptech/glide/load/resource/SimpleResource.java"
glide,2d2fd74ee83002c19541f772dfb3e5ff5aa967c1,"library/src/main/java/com/bumptech/glide/load/resource/file/FileResource.java",PULL_UP_OPERATION,"library/src/main/java/com/bumptech/glide/load/resource/SimpleResource.java"
glide,1e5d51a9dd0bbde1f974675c16372a4f97126872,"library/src/main/java/com/bumptech/glide/load/resource/transcode/TranscoderRegistry.java",MOVE_OPERATION,"library/src/main/java/com/bumptech/glide/util/MultiClassKey.java"
glide,1e5d51a9dd0bbde1f974675c16372a4f97126872,"library/src/main/java/com/bumptech/glide/provider/DataLoadProviderRegistry.java",MOVE_OPERATION,"library/src/main/java/com/bumptech/glide/util/MultiClassKey.java"
glide,1e5d51a9dd0bbde1f974675c16372a4f97126872,"library/src/main/java/com/bumptech/glide/load/resource/transcode/TranscoderRegistry.java",MOVE_OPERATION,"library/src/main/java/com/bumptech/glide/util/MultiClassKey.java"
glide,1e5d51a9dd0bbde1f974675c16372a4f97126872,"library/src/main/java/com/bumptech/glide/provider/DataLoadProviderRegistry.java",MOVE_OPERATION,"library/src/main/java/com/bumptech/glide/util/MultiClassKey.java"
glide,1e5d51a9dd0bbde1f974675c16372a4f97126872,"library/src/main/java/com/bumptech/glide/load/resource/transcode/TranscoderRegistry.java",MOVE_OPERATION,"library/src/main/java/com/bumptech/glide/util/MultiClassKey.java"
glide,1e5d51a9dd0bbde1f974675c16372a4f97126872,"library/src/main/java/com/bumptech/glide/provider/DataLoadProviderRegistry.java",MOVE_OPERATION,"library/src/main/java/com/bumptech/glide/util/MultiClassKey.java"
glide,5dc4cdef8898d8f34590823961c7fe751784edeb,"library/src/main/java/com/bumptech/glide/load/engine/Engine.java",EXTRACT_INTERFACE,"library/src/main/java/com/bumptech/glide/load/engine/Engine.java; library/src/main/java/com/bumptech/glide/load/engine/EngineResource.java"
glide,43ab11d3b0a66fde1831699b4cb7146bce5dd68a,"library/src/main/java/com/bumptech/glide/GenericTranscodeRequest.java",EXTRACT_OPERATION,"library/src/main/java/com/bumptech/glide/GenericTranscodeRequest.java"
glide,e8b5d67302f343bfa262c8c90fda5145813f292a,"library/src/main/java/com/bumptech/glide/ListPreloader.java",EXTRACT_AND_MOVE_OPERATION,"library/src/main/java/com/bumptech/glide/ListPreloader.java; library/src/main/java/com/bumptech/glide/util/Util.java"
glide,43c082540013abdd5b5aca4b8c6ed2e1cb335f06,"library/src/main/java/com/bumptech/glide/GenericRequestBuilder.java",EXTRACT_AND_MOVE_OPERATION,"library/src/main/java/com/bumptech/glide/GenericRequestBuilder.java; library/src/main/java/com/bumptech/glide/manager/RequestTracker.java"
glide,db85af9fc44f98de5cfc2eb0c8b49ab44242d235,"library/src/main/java/com/bumptech/glide/request/target/DrawableImageViewTarget.java",MOVE_AND_RENAME_OPERATION,"library/src/main/java/com/bumptech/glide/request/target/GlideDrawableImageViewTarget.java"
glide,db85af9fc44f98de5cfc2eb0c8b49ab44242d235,"library/src/main/java/com/bumptech/glide/request/target/DrawableImageViewTarget.java",MOVE_OPERATION,"library/src/main/java/com/bumptech/glide/request/target/GlideDrawableImageViewTarget.java"
glide,db85af9fc44f98de5cfc2eb0c8b49ab44242d235,"library/src/main/java/com/bumptech/glide/request/target/DrawableImageViewTarget.java",MOVE_OPERATION,"library/src/main/java/com/bumptech/glide/request/target/GlideDrawableImageViewTarget.java"
glide,db85af9fc44f98de5cfc2eb0c8b49ab44242d235,"library/src/main/java/com/bumptech/glide/request/target/DrawableImageViewTarget.java",MOVE_OPERATION,"library/src/main/java/com/bumptech/glide/request/target/GlideDrawableImageViewTarget.java"
glide,5bd4f9572c17bc87a40ecf167ebf905e359ed133,"library/src/main/java/com/bumptech/glide/load/engine/ResourceRunner.java",EXTRACT_OPERATION,"library/src/main/java/com/bumptech/glide/load/engine/ResourceRunner.java"
glide,5bd4f9572c17bc87a40ecf167ebf905e359ed133,"library/src/main/java/com/bumptech/glide/load/engine/ResourceRunner.java",EXTRACT_OPERATION,"library/src/main/java/com/bumptech/glide/load/engine/ResourceRunner.java"
glide,5bd4f9572c17bc87a40ecf167ebf905e359ed133,"library/src/main/java/com/bumptech/glide/load/engine/SourceResourceRunner.java",EXTRACT_OPERATION,"library/src/main/java/com/bumptech/glide/load/engine/SourceResourceRunner.java"
glide,5c3697fff7866246e107030b8c92359d4ebc1cf3,"library/src/main/java/com/bumptech/glide/request/target/DrawableImageViewTarget.java",EXTRACT_AND_MOVE_OPERATION,"library/src/main/java/com/bumptech/glide/request/target/DrawableImageViewTarget.java; library/src/main/java/com/bumptech/glide/request/target/SquaringDrawable.java"
glide,21c2822985058df655ee4874798297f74c5e367e,"library/src/test/java/com/bumptech/glide/load/resource/transcode/GifDataBytesTranscoderTest.java",MOVE_OPERATION,"library/src/test/java/com/bumptech/glide/load/resource/transcode/GifDrawableBytesTranscoderTest.java"
glide,21c2822985058df655ee4874798297f74c5e367e,"library/src/test/java/com/bumptech/glide/load/resource/transcode/GifDataBytesTranscoderTest.java",MOVE_OPERATION,"library/src/test/java/com/bumptech/glide/load/resource/transcode/GifDrawableBytesTranscoderTest.java"
glide,21c2822985058df655ee4874798297f74c5e367e,"library/src/test/java/com/bumptech/glide/load/resource/transcode/GifDataDrawableTranscoderTest.java",MOVE_OPERATION,"library/src/test/java/com/bumptech/glide/load/resource/transcode/GifDrawableBytesTranscoderTest.java"
glide,21c2822985058df655ee4874798297f74c5e367e,"library/src/test/java/com/bumptech/glide/load/resource/transcode/GifDataDrawableTranscoderTest.java",MOVE_OPERATION,"library/src/test/java/com/bumptech/glide/load/resource/transcode/GifDrawableBytesTranscoderTest.java"
glide,da4b3dbb786c0f791496e8701bb2e4fc9dbe3536,"library/src/main/java/com/bumptech/glide/load/resource/gif/GifDrawable.java",EXTRACT_OPERATION,"library/src/main/java/com/bumptech/glide/load/resource/gif/GifDrawable.java"
glide,82c18a181dc6f7867c76b1b8c469c6be88b85177,"library/src/test/java/com/bumptech/glide/manager/RequestManagerFragmentTest.java",EXTRACT_OPERATION,"library/src/test/java/com/bumptech/glide/manager/RequestManagerFragmentTest.java"
glide,82c18a181dc6f7867c76b1b8c469c6be88b85177,"library/src/test/java/com/bumptech/glide/manager/RequestManagerFragmentTest.java",EXTRACT_OPERATION,"library/src/test/java/com/bumptech/glide/manager/RequestManagerFragmentTest.java"
glide,82c18a181dc6f7867c76b1b8c469c6be88b85177,"library/src/test/java/com/bumptech/glide/manager/RequestManagerFragmentTest.java",EXTRACT_OPERATION,"library/src/test/java/com/bumptech/glide/manager/RequestManagerFragmentTest.java"
glide,82c18a181dc6f7867c76b1b8c469c6be88b85177,"library/src/test/java/com/bumptech/glide/manager/RequestManagerFragmentTest.java",EXTRACT_OPERATION,"library/src/test/java/com/bumptech/glide/manager/RequestManagerFragmentTest.java"
glide,82c18a181dc6f7867c76b1b8c469c6be88b85177,"library/src/main/java/com/bumptech/glide/RequestManager.java",EXTRACT_INTERFACE,"library/src/main/java/com/bumptech/glide/RequestManager.java; library/src/main/java/com/bumptech/glide/manager/LifecycleListener.java"
glide,82c18a181dc6f7867c76b1b8c469c6be88b85177,"library/src/test/java/com/bumptech/glide/manager/DefaultConnectivityMonitorTest.java",EXTRACT_AND_MOVE_OPERATION,"library/src/test/java/com/bumptech/glide/manager/DefaultConnectivityMonitorTest.java; library/src/main/java/com/bumptech/glide/manager/DefaultConnectivityMonitor.java"
glide,82c18a181dc6f7867c76b1b8c469c6be88b85177,"library/src/test/java/com/bumptech/glide/manager/DefaultConnectivityMonitorTest.java",EXTRACT_AND_MOVE_OPERATION,"library/src/test/java/com/bumptech/glide/manager/DefaultConnectivityMonitorTest.java; library/src/main/java/com/bumptech/glide/manager/DefaultConnectivityMonitor.java"
glide,82c18a181dc6f7867c76b1b8c469c6be88b85177,"library/src/test/java/com/bumptech/glide/manager/DefaultConnectivityMonitorTest.java",EXTRACT_AND_MOVE_OPERATION,"library/src/test/java/com/bumptech/glide/manager/DefaultConnectivityMonitorTest.java; library/src/main/java/com/bumptech/glide/manager/DefaultConnectivityMonitor.java"
glide,82c18a181dc6f7867c76b1b8c469c6be88b85177,"library/src/test/java/com/bumptech/glide/manager/DefaultConnectivityMonitorTest.java",EXTRACT_AND_MOVE_OPERATION,"library/src/test/java/com/bumptech/glide/manager/DefaultConnectivityMonitorTest.java; library/src/main/java/com/bumptech/glide/manager/DefaultConnectivityMonitor.java"
glide,82c18a181dc6f7867c76b1b8c469c6be88b85177,"library/src/test/java/com/bumptech/glide/manager/DefaultConnectivityMonitorTest.java",EXTRACT_AND_MOVE_OPERATION,"library/src/test/java/com/bumptech/glide/manager/DefaultConnectivityMonitorTest.java; library/src/main/java/com/bumptech/glide/manager/DefaultConnectivityMonitor.java"
glide,82c18a181dc6f7867c76b1b8c469c6be88b85177,"library/src/test/java/com/bumptech/glide/manager/DefaultConnectivityMonitorTest.java",EXTRACT_AND_MOVE_OPERATION,"library/src/test/java/com/bumptech/glide/manager/DefaultConnectivityMonitorTest.java; library/src/main/java/com/bumptech/glide/manager/DefaultConnectivityMonitor.java"
glide,82c18a181dc6f7867c76b1b8c469c6be88b85177,"library/src/test/java/com/bumptech/glide/manager/DefaultConnectivityMonitorTest.java",EXTRACT_AND_MOVE_OPERATION,"library/src/test/java/com/bumptech/glide/manager/DefaultConnectivityMonitorTest.java; library/src/main/java/com/bumptech/glide/manager/DefaultConnectivityMonitor.java"
glide,82c18a181dc6f7867c76b1b8c469c6be88b85177,"library/src/test/java/com/bumptech/glide/manager/DefaultConnectivityMonitorTest.java",EXTRACT_AND_MOVE_OPERATION,"library/src/test/java/com/bumptech/glide/manager/DefaultConnectivityMonitorTest.java; library/src/main/java/com/bumptech/glide/manager/DefaultConnectivityMonitor.java"
glide,82c18a181dc6f7867c76b1b8c469c6be88b85177,"library/src/test/java/com/bumptech/glide/manager/DefaultConnectivityMonitorTest.java",EXTRACT_AND_MOVE_OPERATION,"library/src/test/java/com/bumptech/glide/manager/DefaultConnectivityMonitorTest.java; library/src/main/java/com/bumptech/glide/manager/DefaultConnectivityMonitor.java"
glide,82c18a181dc6f7867c76b1b8c469c6be88b85177,"library/src/test/java/com/bumptech/glide/manager/DefaultConnectivityMonitorTest.java",EXTRACT_AND_MOVE_OPERATION,"library/src/test/java/com/bumptech/glide/manager/DefaultConnectivityMonitorTest.java; library/src/main/java/com/bumptech/glide/manager/DefaultConnectivityMonitor.java"
glide,548ff09b7c987156a3f927e8988d798959a0e575,"library/src/main/java/com/bumptech/glide/load/resource/gif/GifResourceDecoder.java",EXTRACT_OPERATION,"library/src/main/java/com/bumptech/glide/load/resource/gif/GifResourceDecoder.java"
glide,2e698748d344b36ca2f866babf7482e38355ccbe,"library/src/main/java/com/bumptech/glide/load/engine/bitmap_recycle/LruBitmapPool.java",EXTRACT_OPERATION,"library/src/main/java/com/bumptech/glide/load/engine/bitmap_recycle/LruBitmapPool.java"
glide,2896f4261b305efc0da164314fb90eb75bf5a234,"library/src/main/java/com/bumptech/glide/request/target/BitmapImageViewTarget.java; library/src/main/java/com/bumptech/glide/request/target/DrawableImageViewTarget.java",EXTRACT_SUPERCLASS,"library/src/main/java/com/bumptech/glide/request/target/BitmapImageViewTarget.java; library/src/main/java/com/bumptech/glide/request/target/DrawableImageViewTarget.java; library/src/main/java/com/bumptech/glide/request/target/ImageViewTarget.java"
glide,2896f4261b305efc0da164314fb90eb75bf5a234,"library/src/test/java/com/bumptech/glide/request/target/DrawableImageViewTargetTest.java",EXTRACT_CLASS,"library/src/test/java/com/bumptech/glide/request/target/DrawableImageViewTargetTest.java; library/src/test/java/com/bumptech/glide/request/target/BitmapImageViewTargetTest.java"
glide,2896f4261b305efc0da164314fb90eb75bf5a234,"library/src/test/java/com/bumptech/glide/request/target/DrawableImageViewTargetTest.java",EXTRACT_CLASS,"library/src/test/java/com/bumptech/glide/request/target/DrawableImageViewTargetTest.java; library/src/test/java/com/bumptech/glide/request/target/ImageViewTargetTest.java"
glide,2896f4261b305efc0da164314fb90eb75bf5a234,"library/src/test/java/com/bumptech/glide/request/target/DrawableImageViewTargetTest.java",MOVE_OPERATION,"library/src/test/java/com/bumptech/glide/request/target/BitmapImageViewTargetTest.java"
glide,2896f4261b305efc0da164314fb90eb75bf5a234,"library/src/test/java/com/bumptech/glide/request/target/DrawableImageViewTargetTest.java",MOVE_OPERATION,"library/src/test/java/com/bumptech/glide/request/target/ImageViewTargetTest.java"
glide,2896f4261b305efc0da164314fb90eb75bf5a234,"library/src/test/java/com/bumptech/glide/request/target/DrawableImageViewTargetTest.java",MOVE_OPERATION,"library/src/test/java/com/bumptech/glide/request/target/ImageViewTargetTest.java"
glide,2896f4261b305efc0da164314fb90eb75bf5a234,"library/src/test/java/com/bumptech/glide/request/target/DrawableImageViewTargetTest.java",MOVE_OPERATION,"library/src/test/java/com/bumptech/glide/request/target/ImageViewTargetTest.java"
glide,2896f4261b305efc0da164314fb90eb75bf5a234,"library/src/main/java/com/bumptech/glide/request/target/BitmapImageViewTarget.java",MOVE_AND_RENAME_OPERATION,"library/src/main/java/com/bumptech/glide/request/target/ImageViewTarget.java"
glide,2896f4261b305efc0da164314fb90eb75bf5a234,"library/src/test/java/com/bumptech/glide/request/target/DrawableImageViewTargetTest.java",MOVE_AND_RENAME_OPERATION,"library/src/test/java/com/bumptech/glide/request/target/ImageViewTargetTest.java"
glide,1614d6b4169b2930d3d2c17210c438708bb1117d,"library/src/main/java/com/bumptech/glide/GifRequestBuilder.java",EXTRACT_OPERATION,"library/src/main/java/com/bumptech/glide/GifRequestBuilder.java"
glide,1614d6b4169b2930d3d2c17210c438708bb1117d,"library/src/main/java/com/bumptech/glide/load/resource/bitmap/CenterCrop.java; library/src/main/java/com/bumptech/glide/load/resource/bitmap/FitCenter.java",EXTRACT_SUPERCLASS,"library/src/main/java/com/bumptech/glide/load/resource/bitmap/CenterCrop.java; library/src/main/java/com/bumptech/glide/load/resource/bitmap/FitCenter.java; library/src/main/java/com/bumptech/glide/load/resource/bitmap/BitmapTransformation.java"
glide,1614d6b4169b2930d3d2c17210c438708bb1117d,"library/src/main/java/com/bumptech/glide/load/resource/bitmap/FitCenter.java",PULL_UP_OPERATION,"library/src/main/java/com/bumptech/glide/load/resource/bitmap/BitmapTransformation.java"
glide,5ce0c1172e076cd72af8efbde97cffca5f215ba1,"library/src/test/java/com/bumptech/glide/GlideTest.java",EXTRACT_OPERATION,"library/src/test/java/com/bumptech/glide/GlideTest.java"
glide,d2c42cb991e9395f4560cb433ce796082d15e3da,"library/src/main/java/com/bumptech/glide/DrawableRequestBuilder.java",EXTRACT_INTERFACE,"library/src/main/java/com/bumptech/glide/DrawableRequestBuilder.java; library/src/main/java/com/bumptech/glide/DrawableOptions.java"
glide,5f4610b54d517be58105bcf73ce3291ba79f9f40,"library/src/main/java/com/bumptech/glide/BitmapRequestBuilder.java; library/src/main/java/com/bumptech/glide/DrawableRequestBuilder.java; library/src/main/java/com/bumptech/glide/GifRequestBuilder.java",EXTRACT_INTERFACE,"library/src/main/java/com/bumptech/glide/BitmapRequestBuilder.java; library/src/main/java/com/bumptech/glide/DrawableRequestBuilder.java; library/src/main/java/com/bumptech/glide/GifRequestBuilder.java; library/src/main/java/com/bumptech/glide/BitmapOptions.java"
glide,5f4610b54d517be58105bcf73ce3291ba79f9f40,"library/src/main/java/com/bumptech/glide/DrawableTypeRequest.java; library/src/main/java/com/bumptech/glide/GenericTranscodeRequest.java",EXTRACT_INTERFACE,"library/src/main/java/com/bumptech/glide/DrawableTypeRequest.java; library/src/main/java/com/bumptech/glide/GenericTranscodeRequest.java; library/src/main/java/com/bumptech/glide/DownloadOptions.java"
glide,f59f35a759798ea0a5751e34a2585606fc9796af,"library/src/main/java/com/bumptech/glide/GenericRequestBuilder.java",EXTRACT_CLASS,"library/src/main/java/com/bumptech/glide/GenericRequestBuilder.java; library/src/main/java/com/bumptech/glide/load/engine/DiskCacheStrategy.java"
glide,f59f35a759798ea0a5751e34a2585606fc9796af,"library/src/main/java/com/bumptech/glide/load/engine/SourceResourceRunner.java",EXTRACT_CLASS,"library/src/main/java/com/bumptech/glide/load/engine/SourceResourceRunner.java; library/src/main/java/com/bumptech/glide/load/engine/DiskCacheStrategy.java"
glide,f59f35a759798ea0a5751e34a2585606fc9796af,"library/src/test/java/com/bumptech/glide/load/engine/EngineTest.java",EXTRACT_CLASS,"library/src/test/java/com/bumptech/glide/load/engine/EngineTest.java; library/src/main/java/com/bumptech/glide/load/engine/DiskCacheStrategy.java"
glide,f59f35a759798ea0a5751e34a2585606fc9796af,"library/src/test/java/com/bumptech/glide/load/engine/SourceResourceRunnerTest.java",EXTRACT_CLASS,"library/src/test/java/com/bumptech/glide/load/engine/SourceResourceRunnerTest.java; library/src/main/java/com/bumptech/glide/load/engine/DiskCacheStrategy.java"
glide,f59f35a759798ea0a5751e34a2585606fc9796af,"library/src/test/java/com/bumptech/glide/request/GenericRequestTest.java",EXTRACT_CLASS,"library/src/test/java/com/bumptech/glide/request/GenericRequestTest.java; library/src/main/java/com/bumptech/glide/load/engine/DiskCacheStrategy.java"
glide,f59f35a759798ea0a5751e34a2585606fc9796af,"library/src/test/java/com/bumptech/glide/load/engine/SourceResourceRunnerTest.java",EXTRACT_AND_MOVE_OPERATION,"library/src/test/java/com/bumptech/glide/load/engine/SourceResourceRunnerTest.java; library/src/test/java/com/bumptech/glide/load/engine/SourceResourceRunnerTest.java"
glide,f59f35a759798ea0a5751e34a2585606fc9796af,"library/src/test/java/com/bumptech/glide/load/engine/SourceResourceRunnerTest.java",EXTRACT_AND_MOVE_OPERATION,"library/src/test/java/com/bumptech/glide/load/engine/SourceResourceRunnerTest.java; library/src/test/java/com/bumptech/glide/load/engine/SourceResourceRunnerTest.java"
glide,f59f35a759798ea0a5751e34a2585606fc9796af,"library/src/test/java/com/bumptech/glide/load/engine/SourceResourceRunnerTest.java",EXTRACT_AND_MOVE_OPERATION,"library/src/test/java/com/bumptech/glide/load/engine/SourceResourceRunnerTest.java; library/src/test/java/com/bumptech/glide/load/engine/SourceResourceRunnerTest.java"
glide,f59f35a759798ea0a5751e34a2585606fc9796af,"library/src/test/java/com/bumptech/glide/load/engine/SourceResourceRunnerTest.java",EXTRACT_AND_MOVE_OPERATION,"library/src/test/java/com/bumptech/glide/load/engine/SourceResourceRunnerTest.java; library/src/test/java/com/bumptech/glide/load/engine/SourceResourceRunnerTest.java"
glide,f59f35a759798ea0a5751e34a2585606fc9796af,"library/src/test/java/com/bumptech/glide/load/engine/SourceResourceRunnerTest.java",EXTRACT_AND_MOVE_OPERATION,"library/src/test/java/com/bumptech/glide/load/engine/SourceResourceRunnerTest.java; library/src/test/java/com/bumptech/glide/load/engine/SourceResourceRunnerTest.java"
glide,bb6268f046f355e1b6cd1bad6707288180a4bac4,"library/src/main/java/com/bumptech/glide/load/NullResourceEncoder.java",MOVE_OPERATION,"library/src/main/java/com/bumptech/glide/load/resource/NullEncoder.java"
glide,bb6268f046f355e1b6cd1bad6707288180a4bac4,"library/src/main/java/com/bumptech/glide/load/NullResourceEncoder.java",MOVE_OPERATION,"library/src/main/java/com/bumptech/glide/load/resource/NullEncoder.java"
glide,4f7c51ca4c48911c24097b86932c229fa874359e,"library/src/main/java/com/bumptech/glide/util/Util.java",EXTRACT_OPERATION,"library/src/main/java/com/bumptech/glide/util/Util.java"
glide,e97358542be64b8f458d75d997ef585f6d9fce4c,"library/src/main/java/com/bumptech/glide/ModelRequest.java",MOVE_OPERATION,"library/src/main/java/com/bumptech/glide/RequestManager.java"
glide,e97358542be64b8f458d75d997ef585f6d9fce4c,"library/src/main/java/com/bumptech/glide/ModelRequest.java",MOVE_OPERATION,"library/src/main/java/com/bumptech/glide/RequestManager.java"
glide,e97358542be64b8f458d75d997ef585f6d9fce4c,"library/src/main/java/com/bumptech/glide/ModelRequest.java",MOVE_OPERATION,"library/src/main/java/com/bumptech/glide/RequestManager.java"
glide,e97358542be64b8f458d75d997ef585f6d9fce4c,"library/src/main/java/com/bumptech/glide/ModelRequest.java",MOVE_OPERATION,"library/src/main/java/com/bumptech/glide/RequestManager.java"
glide,e97358542be64b8f458d75d997ef585f6d9fce4c,"library/src/main/java/com/bumptech/glide/ModelRequest.java",MOVE_OPERATION,"library/src/main/java/com/bumptech/glide/RequestManager.java"
glide,e97358542be64b8f458d75d997ef585f6d9fce4c,"library/src/main/java/com/bumptech/glide/ModelRequest.java",MOVE_OPERATION,"library/src/main/java/com/bumptech/glide/RequestManager.java"
glide,e97358542be64b8f458d75d997ef585f6d9fce4c,"library/src/main/java/com/bumptech/glide/ModelRequest.java",MOVE_OPERATION,"library/src/main/java/com/bumptech/glide/RequestManager.java"
glide,e97358542be64b8f458d75d997ef585f6d9fce4c,"library/src/main/java/com/bumptech/glide/ModelRequest.java",MOVE_OPERATION,"library/src/main/java/com/bumptech/glide/RequestManager.java"
glide,e97358542be64b8f458d75d997ef585f6d9fce4c,"library/src/main/java/com/bumptech/glide/ModelRequest.java",MOVE_OPERATION,"library/src/main/java/com/bumptech/glide/RequestManager.java"
glide,e97358542be64b8f458d75d997ef585f6d9fce4c,"library/src/main/java/com/bumptech/glide/ModelRequest.java",MOVE_OPERATION,"library/src/main/java/com/bumptech/glide/RequestManager.java"
glide,e97358542be64b8f458d75d997ef585f6d9fce4c,"library/src/main/java/com/bumptech/glide/ModelRequest.java",MOVE_OPERATION,"library/src/main/java/com/bumptech/glide/RequestManager.java"
glide,e97358542be64b8f458d75d997ef585f6d9fce4c,"library/src/main/java/com/bumptech/glide/ModelRequest.java",MOVE_OPERATION,"library/src/main/java/com/bumptech/glide/RequestManager.java"
glide,e97358542be64b8f458d75d997ef585f6d9fce4c,"library/src/main/java/com/bumptech/glide/ModelRequest.java",MOVE_OPERATION,"library/src/main/java/com/bumptech/glide/RequestManager.java"
glide,e97358542be64b8f458d75d997ef585f6d9fce4c,"library/src/main/java/com/bumptech/glide/ModelRequest.java",MOVE_OPERATION,"library/src/main/java/com/bumptech/glide/RequestManager.java"
glide,e97358542be64b8f458d75d997ef585f6d9fce4c,"library/src/main/java/com/bumptech/glide/ModelRequest.java",MOVE_OPERATION,"library/src/main/java/com/bumptech/glide/RequestManager.java"
glide,e97358542be64b8f458d75d997ef585f6d9fce4c,"library/src/main/java/com/bumptech/glide/ModelRequest.java",MOVE_OPERATION,"library/src/main/java/com/bumptech/glide/RequestManager.java"
glide,667fb8129df68fbab0c489b23b2ca9d392cd45a0,"library/src/main/java/com/bumptech/glide/manager/LifecycleRequestManager.java",PULL_UP_OPERATION,"library/src/main/java/com/bumptech/glide/manager/RequestManager.java"
glide,667fb8129df68fbab0c489b23b2ca9d392cd45a0,"library/src/main/java/com/bumptech/glide/manager/LifecycleRequestManager.java",PULL_UP_OPERATION,"library/src/main/java/com/bumptech/glide/manager/RequestManager.java"
glide,667fb8129df68fbab0c489b23b2ca9d392cd45a0,"library/src/main/java/com/bumptech/glide/manager/LifecycleRequestManager.java",PULL_UP_OPERATION,"library/src/main/java/com/bumptech/glide/manager/RequestManager.java"
glide,667fb8129df68fbab0c489b23b2ca9d392cd45a0,"library/src/main/java/com/bumptech/glide/manager/LifecycleRequestManager.java",PULL_UP_OPERATION,"library/src/main/java/com/bumptech/glide/manager/RequestManager.java"
glide,667fb8129df68fbab0c489b23b2ca9d392cd45a0,"library/src/main/java/com/bumptech/glide/manager/LifecycleRequestManager.java",PULL_UP_OPERATION,"library/src/main/java/com/bumptech/glide/manager/RequestManager.java"
glide,6614298e4d753bc3aebc49b5b7575c866eb5f432,"library/src/main/java/com/bumptech/glide/manager/LifecycleRequestManager.java",EXTRACT_CLASS,"library/src/main/java/com/bumptech/glide/manager/LifecycleRequestManager.java; library/src/main/java/com/bumptech/glide/manager/LifecycleRequestManager.java"
glide,6614298e4d753bc3aebc49b5b7575c866eb5f432,"library/src/main/java/com/bumptech/glide/manager/LifecycleRequestManager.java",EXTRACT_CLASS,"library/src/main/java/com/bumptech/glide/manager/LifecycleRequestManager.java; library/src/main/java/com/bumptech/glide/manager/RequestTracker.java"
glide,6614298e4d753bc3aebc49b5b7575c866eb5f432,"library/src/test/java/com/bumptech/glide/manager/LifecycleRequestManagerTest.java",EXTRACT_CLASS,"library/src/test/java/com/bumptech/glide/manager/LifecycleRequestManagerTest.java; library/src/test/java/com/bumptech/glide/manager/RequestTrackerTest.java"
glide,6614298e4d753bc3aebc49b5b7575c866eb5f432,"library/src/main/java/com/bumptech/glide/manager/LifecycleRequestManager.java",MOVE_OPERATION,"library/src/main/java/com/bumptech/glide/manager/LifecycleRequestManager.java"
glide,6614298e4d753bc3aebc49b5b7575c866eb5f432,"library/src/test/java/com/bumptech/glide/manager/LifecycleRequestManagerTest.java",MOVE_OPERATION,"library/src/test/java/com/bumptech/glide/manager/RequestTrackerTest.java"
glide,6614298e4d753bc3aebc49b5b7575c866eb5f432,"library/src/test/java/com/bumptech/glide/manager/LifecycleRequestManagerTest.java",MOVE_OPERATION,"library/src/test/java/com/bumptech/glide/manager/RequestTrackerTest.java"
glide,6614298e4d753bc3aebc49b5b7575c866eb5f432,"library/src/test/java/com/bumptech/glide/manager/LifecycleRequestManagerTest.java",MOVE_AND_RENAME_OPERATION,"library/src/test/java/com/bumptech/glide/manager/RequestTrackerTest.java"
glide,6614298e4d753bc3aebc49b5b7575c866eb5f432,"library/src/test/java/com/bumptech/glide/manager/LifecycleRequestManagerTest.java",MOVE_AND_RENAME_OPERATION,"library/src/test/java/com/bumptech/glide/manager/RequestTrackerTest.java"
glide,6614298e4d753bc3aebc49b5b7575c866eb5f432,"library/src/test/java/com/bumptech/glide/manager/LifecycleRequestManagerTest.java",MOVE_AND_RENAME_OPERATION,"library/src/test/java/com/bumptech/glide/manager/RequestTrackerTest.java"
glide,6614298e4d753bc3aebc49b5b7575c866eb5f432,"library/src/test/java/com/bumptech/glide/manager/LifecycleRequestManagerTest.java",MOVE_AND_RENAME_OPERATION,"library/src/test/java/com/bumptech/glide/manager/RequestTrackerTest.java"
glide,6614298e4d753bc3aebc49b5b7575c866eb5f432,"library/src/test/java/com/bumptech/glide/manager/LifecycleRequestManagerTest.java",MOVE_AND_RENAME_OPERATION,"library/src/test/java/com/bumptech/glide/manager/RequestTrackerTest.java"
glide,6614298e4d753bc3aebc49b5b7575c866eb5f432,"library/src/test/java/com/bumptech/glide/manager/LifecycleRequestManagerTest.java",MOVE_AND_RENAME_OPERATION,"library/src/test/java/com/bumptech/glide/manager/RequestTrackerTest.java"
glide,6614298e4d753bc3aebc49b5b7575c866eb5f432,"library/src/test/java/com/bumptech/glide/manager/LifecycleRequestManagerTest.java",MOVE_AND_RENAME_OPERATION,"library/src/test/java/com/bumptech/glide/manager/RequestTrackerTest.java"
glide,6614298e4d753bc3aebc49b5b7575c866eb5f432,"library/src/test/java/com/bumptech/glide/manager/LifecycleRequestManagerTest.java",MOVE_AND_RENAME_OPERATION,"library/src/test/java/com/bumptech/glide/manager/RequestTrackerTest.java"
glide,6614298e4d753bc3aebc49b5b7575c866eb5f432,"library/src/test/java/com/bumptech/glide/manager/LifecycleRequestManagerTest.java",MOVE_AND_RENAME_OPERATION,"library/src/test/java/com/bumptech/glide/manager/RequestTrackerTest.java"
glide,cf1e05bf226ce4e7a510a5f7cac0661b9b2e90e9,"library/src/main/java/com/bumptech/glide/load/ResourceEncoder.java",EXTRACT_INTERFACE,"library/src/main/java/com/bumptech/glide/load/ResourceEncoder.java; library/src/main/java/com/bumptech/glide/load/Encoder.java"
glide,cf1e05bf226ce4e7a510a5f7cac0661b9b2e90e9,"library/src/main/java/com/bumptech/glide/load/resource/NullCacheDecoder.java",MOVE_OPERATION,"library/src/main/java/com/bumptech/glide/load/model/NullEncoder.java"
glide,cf1e05bf226ce4e7a510a5f7cac0661b9b2e90e9,"library/src/main/java/com/bumptech/glide/load/ResourceEncoder.java",PULL_UP_OPERATION,"library/src/main/java/com/bumptech/glide/load/Encoder.java"
glide,1732686228f6309f8305e4b6c6066b845ab543db,"library/src/main/java/com/bumptech/glide/load/engine/ResourceRunner.java",EXTRACT_CLASS,"library/src/main/java/com/bumptech/glide/load/engine/ResourceRunner.java; library/src/main/java/com/bumptech/glide/CacheLoader.java"
glide,1732686228f6309f8305e4b6c6066b845ab543db,"library/src/test/java/com/bumptech/glide/load/engine/ResourceRunnerTest.java",EXTRACT_CLASS,"library/src/test/java/com/bumptech/glide/load/engine/ResourceRunnerTest.java; library/src/main/java/com/bumptech/glide/CacheLoader.java"
glide,1732686228f6309f8305e4b6c6066b845ab543db,"library/src/test/java/com/bumptech/glide/load/engine/ResourceRunnerTest.java",EXTRACT_CLASS,"library/src/test/java/com/bumptech/glide/load/engine/ResourceRunnerTest.java; library/src/test/java/com/bumptech/glide/CacheLoaderTest.java"
glide,1732686228f6309f8305e4b6c6066b845ab543db,"library/src/test/java/com/bumptech/glide/load/engine/ResourceRunnerTest.java",MOVE_OPERATION,"library/src/test/java/com/bumptech/glide/CacheLoaderTest.java"
glide,1732686228f6309f8305e4b6c6066b845ab543db,"library/src/test/java/com/bumptech/glide/load/engine/ResourceRunnerTest.java",MOVE_OPERATION,"library/src/test/java/com/bumptech/glide/CacheLoaderTest.java"
glide,1732686228f6309f8305e4b6c6066b845ab543db,"library/src/test/java/com/bumptech/glide/load/engine/ResourceRunnerTest.java",MOVE_OPERATION,"library/src/test/java/com/bumptech/glide/CacheLoaderTest.java"
glide,78bad2aa32f824f9e098b5058dfa3506a7ed3f62,"library/src/main/java/com/bumptech/glide/load/model/ResourceLoader.java",MOVE_OPERATION,"library/src/main/java/com/bumptech/glide/load/data/LocalUriFetcher.java"
glide,78bad2aa32f824f9e098b5058dfa3506a7ed3f62,"library/src/main/java/com/bumptech/glide/load/model/UriLoader.java",MOVE_OPERATION,"library/src/main/java/com/bumptech/glide/load/data/LocalUriFetcher.java"
glide,78bad2aa32f824f9e098b5058dfa3506a7ed3f62,"library/src/main/java/com/bumptech/glide/load/model/UrlLoader.java",MOVE_OPERATION,"library/src/main/java/com/bumptech/glide/load/data/LocalUriFetcher.java"
glide,78bad2aa32f824f9e098b5058dfa3506a7ed3f62,"library/src/main/java/com/bumptech/glide/load/model/stream/StreamByteArrayLoader.java",MOVE_OPERATION,"library/src/main/java/com/bumptech/glide/load/data/LocalUriFetcher.java"
glide,78bad2aa32f824f9e098b5058dfa3506a7ed3f62,"library/src/main/java/com/bumptech/glide/load/resource/gif/GifFrameModelLoader.java",MOVE_OPERATION,"library/src/main/java/com/bumptech/glide/load/resource/gif/GifFrameModelLoader.java"
glide,78bad2aa32f824f9e098b5058dfa3506a7ed3f62,"library/src/main/java/com/bumptech/glide/volley/VolleyUrlLoader.java",MOVE_OPERATION,"library/src/main/java/com/bumptech/glide/load/data/LocalUriFetcher.java"
glide,e743a1f03f24e33270f38de883b508d4312a7f69,"library/src/main/java/com/bumptech/glide/Resource.java",EXTRACT_AND_MOVE_OPERATION,"library/src/main/java/com/bumptech/glide/Resource.java; library/src/main/java/com/bumptech/glide/load/engine/Engine.java"
glide,aed5a1923b6add5101689ca462107cc16877b05e,"library/src/main/java/com/bumptech/glide/load/resource/bitmap/Downsampler.java",EXTRACT_OPERATION,"library/src/main/java/com/bumptech/glide/load/resource/bitmap/Downsampler.java"
glide,531667420f0cb59e01e0ae5928392469006148dd,"library/src/main/java/com/bumptech/glide/request/GenericRequest.java",EXTRACT_OPERATION,"library/src/main/java/com/bumptech/glide/request/GenericRequest.java"
glide,531667420f0cb59e01e0ae5928392469006148dd,"library/src/main/java/com/bumptech/glide/request/GenericRequest.java",EXTRACT_OPERATION,"library/src/main/java/com/bumptech/glide/request/GenericRequest.java"
glide,531667420f0cb59e01e0ae5928392469006148dd,"library/src/main/java/com/bumptech/glide/GenericRequestBuilder.java",EXTRACT_CLASS,"library/src/main/java/com/bumptech/glide/GenericRequestBuilder.java; library/src/main/java/com/bumptech/glide/request/ViewAnimation.java"
glide,531667420f0cb59e01e0ae5928392469006148dd,"library/src/main/java/com/bumptech/glide/request/GenericRequest.java",EXTRACT_CLASS,"library/src/main/java/com/bumptech/glide/request/GenericRequest.java; library/src/main/java/com/bumptech/glide/request/ViewAnimation.java"
glide,c2a82e501afef1ef9876db0337d60ea599e73119,"samples/flickr/src/main/java/com/bumptech/glide/samples/flickr/FlickrSearchActivity.java",EXTRACT_OPERATION,"samples/flickr/src/main/java/com/bumptech/glide/samples/flickr/FlickrSearchActivity.java"
glide,0f49c87b2f26f3e086f021461b7e5409a7d42be0,"library/src/main/java/com/bumptech/glide/load/resource/gif/GifData.java",EXTRACT_CLASS,"library/src/main/java/com/bumptech/glide/load/resource/gif/GifData.java; library/src/main/java/com/bumptech/glide/load/resource/gif/GifData.java"
glide,a37592fb57e7cd95b53d9493e0f339d04b38b808,"library/src/test/java/com/bumptech/glide/load/resource/gifbitmap/GifBitmapWrapperTransformationTest.java",EXTRACT_CLASS,"library/src/test/java/com/bumptech/glide/load/resource/gifbitmap/GifBitmapWrapperTransformationTest.java; library/src/test/java/com/bumptech/glide/load/resource/gifbitmap/GifBitmapWrapperTransformationTest.java"
glide,a37592fb57e7cd95b53d9493e0f339d04b38b808,"library/src/test/java/com/bumptech/glide/load/resource/gifbitmap/GifBitmapWrapperTransformationTest.java",MOVE_AND_RENAME_OPERATION,"library/src/test/java/com/bumptech/glide/load/resource/gif/GifDataTransformationTest.java"
glide,a37592fb57e7cd95b53d9493e0f339d04b38b808,"library/src/test/java/com/bumptech/glide/load/resource/gifbitmap/GifBitmapWrapperTransformationTest.java",MOVE_AND_RENAME_OPERATION,"library/src/test/java/com/bumptech/glide/load/resource/gif/GifDataTransformationTest.java"
glide,a37592fb57e7cd95b53d9493e0f339d04b38b808,"library/src/test/java/com/bumptech/glide/load/resource/gifbitmap/GifBitmapWrapperTransformationTest.java",MOVE_AND_RENAME_OPERATION,"library/src/test/java/com/bumptech/glide/load/resource/gif/GifDataTransformationTest.java"
glide,44b89ba468c3f0f996bf1497d2f55fc9b50de0e8,"library/src/test/java/com/bumptech/glide/load/resource/drawable/DrawableResourceTest.java",MOVE_OPERATION,"library/src/test/java/com/bumptech/glide/load/resource/transcode/GifBitmapWrapperDrawableTranscoderTest.java"
glide,44b89ba468c3f0f996bf1497d2f55fc9b50de0e8,"library/src/test/java/com/bumptech/glide/load/resource/transcode/GifBitmapDrawableTranscoderTest.java",MOVE_AND_RENAME_OPERATION,"library/src/test/java/com/bumptech/glide/load/resource/transcode/GifBitmapWrapperDrawableTranscoderTest.java"
glide,44b89ba468c3f0f996bf1497d2f55fc9b50de0e8,"library/src/test/java/com/bumptech/glide/load/resource/transcode/GifBitmapDrawableTranscoderTest.java",MOVE_AND_RENAME_OPERATION,"library/src/test/java/com/bumptech/glide/load/resource/transcode/GifBitmapWrapperDrawableTranscoderTest.java"
glide,44b89ba468c3f0f996bf1497d2f55fc9b50de0e8,"library/src/test/java/com/bumptech/glide/load/resource/transcode/GifBitmapDrawableTranscoderTest.java",MOVE_OPERATION,"library/src/test/java/com/bumptech/glide/load/resource/transcode/GifBitmapWrapperDrawableTranscoderTest.java"
glide,7260e7b8e840ae9e03cc20df73accfc4121cb190,"library/src/main/java/com/bumptech/glide/DrawableTypeRequest.java",EXTRACT_CLASS,"library/src/main/java/com/bumptech/glide/DrawableTypeRequest.java; library/src/main/java/com/bumptech/glide/BitmapTypeRequest.java"
glide,7260e7b8e840ae9e03cc20df73accfc4121cb190,"library/src/main/java/com/bumptech/glide/DrawableTypeRequest.java",MOVE_OPERATION,"library/src/main/java/com/bumptech/glide/BitmapTypeRequest.java"
glide,7260e7b8e840ae9e03cc20df73accfc4121cb190,"library/src/main/java/com/bumptech/glide/DrawableTypeRequest.java",MOVE_OPERATION,"library/src/main/java/com/bumptech/glide/BitmapTypeRequest.java"
glide,7260e7b8e840ae9e03cc20df73accfc4121cb190,"library/src/main/java/com/bumptech/glide/DrawableTypeRequest.java",MOVE_OPERATION,"library/src/main/java/com/bumptech/glide/BitmapTypeRequest.java"
glide,4f96c1a82e7d2db4863ac63dd00a261e9f0746b1,"library/src/main/java/com/bumptech/glide/load/resource/gif/GifDecoder.java",EXTRACT_CLASS,"library/src/main/java/com/bumptech/glide/load/resource/gif/decoder/GifDecoder.java; library/src/main/java/com/bumptech/glide/load/resource/gif/decoder/GifHeader.java"
glide,4f96c1a82e7d2db4863ac63dd00a261e9f0746b1,"library/src/main/java/com/bumptech/glide/load/resource/gif/GifDecoder.java",EXTRACT_CLASS,"library/src/main/java/com/bumptech/glide/load/resource/gif/decoder/GifDecoder.java; library/src/main/java/com/bumptech/glide/load/resource/gif/decoder/GifHeaderParser.java"
glide,4f96c1a82e7d2db4863ac63dd00a261e9f0746b1,"library/src/main/java/com/bumptech/glide/load/resource/gif/GifDecoder.java",MOVE_OPERATION,"library/src/main/java/com/bumptech/glide/load/resource/gif/decoder/GifHeaderParser.java"
glide,4f96c1a82e7d2db4863ac63dd00a261e9f0746b1,"library/src/main/java/com/bumptech/glide/load/resource/gif/GifDecoder.java",MOVE_OPERATION,"library/src/main/java/com/bumptech/glide/load/resource/gif/decoder/GifHeaderParser.java"
glide,4f96c1a82e7d2db4863ac63dd00a261e9f0746b1,"library/src/main/java/com/bumptech/glide/load/resource/gif/GifDecoder.java",MOVE_OPERATION,"library/src/main/java/com/bumptech/glide/load/resource/gif/decoder/GifHeaderParser.java"
glide,4f96c1a82e7d2db4863ac63dd00a261e9f0746b1,"library/src/main/java/com/bumptech/glide/load/resource/gif/GifDecoder.java",MOVE_OPERATION,"library/src/main/java/com/bumptech/glide/load/resource/gif/decoder/GifHeaderParser.java"
glide,4f96c1a82e7d2db4863ac63dd00a261e9f0746b1,"library/src/main/java/com/bumptech/glide/load/resource/gif/GifDecoder.java",MOVE_OPERATION,"library/src/main/java/com/bumptech/glide/load/resource/gif/decoder/GifHeaderParser.java"
glide,4f96c1a82e7d2db4863ac63dd00a261e9f0746b1,"library/src/main/java/com/bumptech/glide/load/resource/gif/GifDecoder.java",MOVE_OPERATION,"library/src/main/java/com/bumptech/glide/load/resource/gif/decoder/GifHeaderParser.java"
glide,4f96c1a82e7d2db4863ac63dd00a261e9f0746b1,"library/src/main/java/com/bumptech/glide/load/resource/gif/GifDecoder.java",MOVE_OPERATION,"library/src/main/java/com/bumptech/glide/load/resource/gif/decoder/GifHeaderParser.java"
glide,4f96c1a82e7d2db4863ac63dd00a261e9f0746b1,"library/src/main/java/com/bumptech/glide/load/resource/gif/GifDecoder.java",MOVE_OPERATION,"library/src/main/java/com/bumptech/glide/load/resource/gif/decoder/GifHeaderParser.java"
glide,4f96c1a82e7d2db4863ac63dd00a261e9f0746b1,"library/src/main/java/com/bumptech/glide/load/resource/gif/GifDecoder.java",MOVE_OPERATION,"library/src/main/java/com/bumptech/glide/load/resource/gif/decoder/GifHeaderParser.java"
glide,4f96c1a82e7d2db4863ac63dd00a261e9f0746b1,"library/src/main/java/com/bumptech/glide/load/resource/gif/GifDecoder.java",MOVE_OPERATION,"library/src/main/java/com/bumptech/glide/load/resource/gif/decoder/GifHeaderParser.java"
glide,be9ba784e13d6f8bf390ec0f11fc2600a38b0548,"library/src/main/java/com/bumptech/glide/BitmapTypeRequest.java",EXTRACT_SUPERCLASS,"library/src/main/java/com/bumptech/glide/DrawableTypeRequest.java; library/src/main/java/com/bumptech/glide/DrawableRequestBuilder.java"
glide,be9ba784e13d6f8bf390ec0f11fc2600a38b0548,"library/src/main/java/com/bumptech/glide/load/resource/gif/GifResource.java",EXTRACT_CLASS,"library/src/main/java/com/bumptech/glide/load/resource/gif/GifResource.java; library/src/main/java/com/bumptech/glide/load/resource/gif/GifData.java"
glide,be9ba784e13d6f8bf390ec0f11fc2600a38b0548,"library/src/test/java/com/bumptech/glide/load/resource/drawable/GifBitmapStreamResourceDecoderTest.java",MOVE_OPERATION,"library/src/test/java/com/bumptech/glide/load/resource/transcode/GifDataDrawableTranscoderTest.java"
glide,dbb67f826b0e76645c809be6d589e9dcb8271324,"library/src/com/bumptech/glide/BitmapRequestBuilder.java",EXTRACT_OPERATION,"library/src/com/bumptech/glide/BitmapRequestBuilder.java"
glide,dbb67f826b0e76645c809be6d589e9dcb8271324,"library/src/com/bumptech/glide/BitmapRequestBuilder.java",EXTRACT_OPERATION,"library/src/com/bumptech/glide/BitmapRequestBuilder.java"
glide,dbb67f826b0e76645c809be6d589e9dcb8271324,"library/robolectric/src/com/bumptech/glide/request/MultiTypeRequestCoordinatorTest.java",MOVE_OPERATION,"library/robolectric/src/com/bumptech/glide/load/model/ImageVideoModelLoaderTest.java"
glide,7f6d858477e6852fff5c5e49897fc2f9e7140edc,"library/src/com/bumptech/glide/load/engine/SourceResourceRunner.java",EXTRACT_OPERATION,"library/src/com/bumptech/glide/load/engine/SourceResourceRunner.java"
glide,d3bd0a915d197e08dc7d2c7cf97fb0ee77049f51,"library/src/com/bumptech/glide/BitmapModelRequest.java",MOVE_OPERATION,"library/src/com/bumptech/glide/ModelRequest.java"
glide,d3bd0a915d197e08dc7d2c7cf97fb0ee77049f51,"library/src/com/bumptech/glide/BitmapModelRequest.java",MOVE_OPERATION,"library/src/com/bumptech/glide/ModelRequest.java"
glide,407cdc3d2a3f2fb6d723b6d8195527bc283e045f,"library/robolectric/src/com/bumptech/glide/request/BitmapRequestTest.java",EXTRACT_AND_MOVE_OPERATION,"library/robolectric/src/com/bumptech/glide/request/BitmapRequestTest.java; library/robolectric/src/com/bumptech/glide/request/BitmapRequestTest.java"
glide,407cdc3d2a3f2fb6d723b6d8195527bc283e045f,"library/robolectric/src/com/bumptech/glide/request/BitmapRequestTest.java",EXTRACT_AND_MOVE_OPERATION,"library/robolectric/src/com/bumptech/glide/request/BitmapRequestTest.java; library/robolectric/src/com/bumptech/glide/request/BitmapRequestTest.java"
glide,407cdc3d2a3f2fb6d723b6d8195527bc283e045f,"library/robolectric/src/com/bumptech/glide/request/BitmapRequestTest.java",EXTRACT_AND_MOVE_OPERATION,"library/robolectric/src/com/bumptech/glide/request/BitmapRequestTest.java; library/robolectric/src/com/bumptech/glide/request/BitmapRequestTest.java"
glide,407cdc3d2a3f2fb6d723b6d8195527bc283e045f,"library/robolectric/src/com/bumptech/glide/request/BitmapRequestTest.java",EXTRACT_AND_MOVE_OPERATION,"library/robolectric/src/com/bumptech/glide/request/BitmapRequestTest.java; library/robolectric/src/com/bumptech/glide/request/BitmapRequestTest.java"
glide,407cdc3d2a3f2fb6d723b6d8195527bc283e045f,"library/robolectric/src/com/bumptech/glide/request/BitmapRequestTest.java",EXTRACT_AND_MOVE_OPERATION,"library/robolectric/src/com/bumptech/glide/request/BitmapRequestTest.java; library/robolectric/src/com/bumptech/glide/request/BitmapRequestTest.java"
glide,407cdc3d2a3f2fb6d723b6d8195527bc283e045f,"library/robolectric/src/com/bumptech/glide/request/BitmapRequestTest.java",EXTRACT_AND_MOVE_OPERATION,"library/robolectric/src/com/bumptech/glide/request/BitmapRequestTest.java; library/robolectric/src/com/bumptech/glide/request/BitmapRequestTest.java"
glide,407cdc3d2a3f2fb6d723b6d8195527bc283e045f,"library/robolectric/src/com/bumptech/glide/request/BitmapRequestTest.java",EXTRACT_AND_MOVE_OPERATION,"library/robolectric/src/com/bumptech/glide/request/BitmapRequestTest.java; library/robolectric/src/com/bumptech/glide/request/BitmapRequestTest.java"
glide,59dfe6bccb7a462c6239aaca30ead1f3db47e555,"library/robolectric/src/com/bumptech/glide/load/engine/DefaultResourceReferenceCounterTest.java",MOVE_OPERATION,"library/robolectric/src/com/bumptech/glide/ResourceTest.java"
glide,127f265355747f88a7ef0f5c73a2e2789f05efc3,"library/src/com/bumptech/glide/Glide.java",MOVE_OPERATION,"library/src/com/bumptech/glide/load/engine/cache/MemorySizeCalculator.java"
glide,0e2e2b1b8df449b6e3223b090f5a55f1993e6c1f,"library/src/com/bumptech/glide/resize/cache/ResourceCache.java",SPLIT_CLASS,"library/robolectric/src/com/bumptech/glide/resize/cache/LruCacheTest.java; library/src/com/bumptech/glide/resize/cache/LruResourceCache.java"
glide,0e2e2b1b8df449b6e3223b090f5a55f1993e6c1f,"library/src/com/bumptech/glide/resize/ImageManager.java",MOVE_OPERATION,"library/src/com/bumptech/glide/Glide.java"
glide,0e2e2b1b8df449b6e3223b090f5a55f1993e6c1f,"library/src/com/bumptech/glide/resize/ImageManager.java",MOVE_OPERATION,"library/src/com/bumptech/glide/Glide.java"
glide,0e2e2b1b8df449b6e3223b090f5a55f1993e6c1f,"library/src/com/bumptech/glide/resize/ImageManager.java",MOVE_OPERATION,"library/src/com/bumptech/glide/Glide.java"
glide,0e2e2b1b8df449b6e3223b090f5a55f1993e6c1f,"library/src/com/bumptech/glide/resize/ImageManager.java",MOVE_OPERATION,"library/src/com/bumptech/glide/Glide.java"
glide,0e2e2b1b8df449b6e3223b090f5a55f1993e6c1f,"library/src/com/bumptech/glide/resize/ImageManager.java",MOVE_OPERATION,"library/src/com/bumptech/glide/Glide.java"
glide,0e2e2b1b8df449b6e3223b090f5a55f1993e6c1f,"library/src/com/bumptech/glide/resize/ImageManager.java",MOVE_OPERATION,"library/src/com/bumptech/glide/Glide.java"
glide,27eb05702fd4531d6974640c62df1d569629edb6,"library/robolectric/src/com/bumptech/glide/GlideTest.java",EXTRACT_OPERATION,"library/robolectric/src/com/bumptech/glide/GlideTest.java"
glide,27eb05702fd4531d6974640c62df1d569629edb6,"library/robolectric/src/com/bumptech/glide/GlideTest.java",EXTRACT_OPERATION,"library/robolectric/src/com/bumptech/glide/GlideTest.java"
glide,27eb05702fd4531d6974640c62df1d569629edb6,"library/robolectric/src/com/bumptech/glide/GlideTest.java",EXTRACT_OPERATION,"library/robolectric/src/com/bumptech/glide/GlideTest.java"
glide,27eb05702fd4531d6974640c62df1d569629edb6,"library/src/com/bumptech/glide/Glide.java",EXTRACT_OPERATION,"library/src/com/bumptech/glide/Glide.java"
glide,27eb05702fd4531d6974640c62df1d569629edb6,"library/src/com/bumptech/glide/resize/request/BitmapRequest.java",EXTRACT_OPERATION,"library/src/com/bumptech/glide/resize/request/BitmapRequest.java"
glide,562b6270c788c3a5ca55b594b55da519af478934,"library/src/com/bumptech/glide/resize/EngineJob.java",EXTRACT_AND_MOVE_OPERATION,"library/src/com/bumptech/glide/resize/EngineJob.java; library/src/com/bumptech/glide/resize/Engine.java"
glide,562b6270c788c3a5ca55b594b55da519af478934,"library/src/com/bumptech/glide/resize/EngineJob.java",EXTRACT_AND_MOVE_OPERATION,"library/src/com/bumptech/glide/resize/EngineJob.java; library/src/com/bumptech/glide/resize/Engine.java"
glide,562b6270c788c3a5ca55b594b55da519af478934,"library/src/com/bumptech/glide/resize/EngineJob.java",EXTRACT_AND_MOVE_OPERATION,"library/src/com/bumptech/glide/resize/EngineJob.java; library/src/com/bumptech/glide/resize/Engine.java"
glide,562b6270c788c3a5ca55b594b55da519af478934,"library/src/com/bumptech/glide/resize/Engine.java",EXTRACT_AND_MOVE_OPERATION,"library/src/com/bumptech/glide/resize/Engine.java; library/src/com/bumptech/glide/resize/EngineJob.java"
glide,b215b51a0ba86c2db14bd735cc0207cf3f1c7cd8,"library/robolectric/src/com/bumptech/glide/GlideTest.java",EXTRACT_OPERATION,"library/robolectric/src/com/bumptech/glide/GlideTest.java"
glide,bbcff628a14a8eba0aeb9d5b4a28f0f868f78161,"library/tests/src/com/bumptech/glide/resize/bitmap_recycle/LruBitmapPoolTest.java",EXTRACT_OPERATION,"library/robolectric/src/com/bumptech/glide/resize/bitmap_recycle/LruBitmapPoolTest.java"
glide,e9498d0b46d4c79410968eb11c332c42c9be7ec0,"library/src/com/bumptech/glide/resize/request/BitmapRequest.java",EXTRACT_OPERATION,"library/src/com/bumptech/glide/resize/request/BitmapRequest.java"
glide,b8963a023ceb009cbf7f73a4506e7af7e693a219,"library/src/com/bumptech/glide/Glide.java",MOVE_AND_RENAME_OPERATION,"library/src/com/bumptech/glide/Glide.java"
glide,9f0bef767aca7d0e40f9eba8c1ea52159bed2091,"library/src/com/bumptech/glide/loader/bitmap/transformation/MultiTransformation.java",EXTRACT_OPERATION,"library/src/com/bumptech/glide/resize/load/MultiTransformation.java"
glide,1d11261d4ec2ab97c5eec91a3d1c14625c5b23ca,"library/src/com/bumptech/glide/Glide.java",EXTRACT_OPERATION,"library/src/com/bumptech/glide/Glide.java"
glide,1d11261d4ec2ab97c5eec91a3d1c14625c5b23ca,"library/src/com/bumptech/glide/presenter/target/ViewTarget.java",EXTRACT_OPERATION,"library/src/com/bumptech/glide/presenter/target/ViewTarget.java"
glide,1d11261d4ec2ab97c5eec91a3d1c14625c5b23ca,"library/src/com/bumptech/glide/presenter/target/ViewTarget.java",EXTRACT_OPERATION,"library/src/com/bumptech/glide/presenter/target/ViewTarget.java"
glide,1d11261d4ec2ab97c5eec91a3d1c14625c5b23ca,"library/src/com/bumptech/glide/presenter/ImagePresenter.java; library/src/com/bumptech/glide/presenter/ThumbImagePresenter.java",EXTRACT_INTERFACE,"library/src/com/bumptech/glide/presenter/ImagePresenter.java; library/src/com/bumptech/glide/presenter/ThumbImagePresenter.java; library/src/com/bumptech/glide/presenter/Presenter.java"
glide,29f3a82eaaf784c3722e7673b6ea6acff9449a4d,"library/src/com/bumptech/glide/volley/RequestQueueWrapper.java",EXTRACT_OPERATION,"library/src/com/bumptech/glide/volley/RequestQueueWrapper.java"
glide,29f3a82eaaf784c3722e7673b6ea6acff9449a4d,"library/src/com/bumptech/glide/Glide.java",MOVE_OPERATION,"library/src/com/bumptech/glide/GlideBuilder.java"
glide,98df997689b40779cc93b3678f559cf7ae32f13e,"library/src/com/bumptech/glide/resize/SafeKeyGenerator.java",EXTRACT_OPERATION,"library/src/com/bumptech/glide/resize/SafeKeyGenerator.java"
glide,d6fa4dcc44813857c0e03443c2830685525c20f8,"library/src/com/bumptech/glide/resize/ImageVideoBitmapLoad.java",MOVE_OPERATION,"library/src/com/bumptech/glide/resize/load/ImageVideoBitmapLoad.java"
glide,d6fa4dcc44813857c0e03443c2830685525c20f8,"library/src/com/bumptech/glide/resize/ImageVideoBitmapLoad.java",MOVE_OPERATION,"library/src/com/bumptech/glide/resize/load/ImageVideoBitmapLoad.java"
glide,9aa6dd1e9e9497e54d38a8f5f686dd510b224ee1,"library/src/com/bumptech/glide/resize/cache/LruMemoryCache.java",EXTRACT_SUPERCLASS,"library/src/com/bumptech/glide/resize/cache/LruMemoryCache.java; library/src/com/bumptech/glide/util/LruCache.java"
glide,9aa6dd1e9e9497e54d38a8f5f686dd510b224ee1,"library/src/com/bumptech/glide/resize/cache/LruMemoryCache.java",PULL_UP_OPERATION,"library/src/com/bumptech/glide/util/LruCache.java"
glide,9aa6dd1e9e9497e54d38a8f5f686dd510b224ee1,"library/src/com/bumptech/glide/resize/cache/LruMemoryCache.java",PULL_UP_OPERATION,"library/src/com/bumptech/glide/util/LruCache.java"
glide,9aa6dd1e9e9497e54d38a8f5f686dd510b224ee1,"library/src/com/bumptech/glide/resize/cache/LruMemoryCache.java",MOVE_OPERATION,"library/src/com/bumptech/glide/util/LruCache.java"
glide,9aa6dd1e9e9497e54d38a8f5f686dd510b224ee1,"library/src/com/bumptech/glide/resize/cache/LruMemoryCache.java",MOVE_OPERATION,"library/src/com/bumptech/glide/util/LruCache.java"
glide,a55e2011ddbc4c2bac3789903ec338b892aacf10,"library/src/com/bumptech/glide/resize/bitmap_recycle/AttributeStrategy.java",EXTRACT_AND_MOVE_OPERATION,"library/src/com/bumptech/glide/resize/bitmap_recycle/AttributeStrategy.java; library/src/com/bumptech/glide/util/Util.java"
glide,b44604067356bb73cae3c910ac0e0044d26974a5,"library/src/com/bumptech/glide/presenter/target/ImageViewTarget.java",EXTRACT_SUPERCLASS,"library/src/com/bumptech/glide/presenter/target/ImageViewTarget.java; library/src/com/bumptech/glide/presenter/target/ViewTarget.java"
glide,b44604067356bb73cae3c910ac0e0044d26974a5,"library/src/com/bumptech/glide/presenter/target/ImageViewTarget.java",PULL_UP_OPERATION,"library/src/com/bumptech/glide/presenter/target/ViewTarget.java"
glide,b44604067356bb73cae3c910ac0e0044d26974a5,"library/src/com/bumptech/glide/presenter/target/ImageViewTarget.java",PULL_UP_OPERATION,"library/src/com/bumptech/glide/presenter/target/ViewTarget.java"
glide,8c7ae0d1551752a2ff6260dd807580a90020451e,"library/tests/src/com/bumptech/glide/GlideTest.java",EXTRACT_OPERATION,"library/tests/src/com/bumptech/glide/GlideTest.java"
glide,8c7ae0d1551752a2ff6260dd807580a90020451e,"library/src/com/bumptech/glide/presenter/target/ImageViewTarget.java; library/src/com/bumptech/glide/presenter/target/SimpleTarget.java; library/tests/src/com/bumptech/glide/ImagePresenterTest.java",EXTRACT_SUPERCLASS,"library/src/com/bumptech/glide/presenter/target/ImageViewTarget.java; library/src/com/bumptech/glide/presenter/target/SimpleTarget.java; library/tests/src/com/bumptech/glide/ImagePresenterTest.java; library/src/com/bumptech/glide/presenter/target/BaseTarget.java"
glide,8c7ae0d1551752a2ff6260dd807580a90020451e,"library/src/com/bumptech/glide/Glide.java",EXTRACT_CLASS,"library/src/com/bumptech/glide/Glide.java; library/src/com/bumptech/glide/Glide.java"
glide,8c7ae0d1551752a2ff6260dd807580a90020451e,"library/src/com/bumptech/glide/presenter/target/ImageViewTarget.java",PULL_UP_OPERATION,"library/src/com/bumptech/glide/presenter/target/BaseTarget.java"
glide,8c7ae0d1551752a2ff6260dd807580a90020451e,"library/src/com/bumptech/glide/presenter/target/ImageViewTarget.java",PULL_UP_OPERATION,"library/src/com/bumptech/glide/presenter/target/BaseTarget.java"
glide,8c7ae0d1551752a2ff6260dd807580a90020451e,"library/src/com/bumptech/glide/presenter/target/SimpleTarget.java",PULL_UP_OPERATION,"library/src/com/bumptech/glide/presenter/target/BaseTarget.java"
glide,8c7ae0d1551752a2ff6260dd807580a90020451e,"library/src/com/bumptech/glide/presenter/target/SimpleTarget.java",PULL_UP_OPERATION,"library/src/com/bumptech/glide/presenter/target/BaseTarget.java"
glide,8c7ae0d1551752a2ff6260dd807580a90020451e,"library/tests/src/com/bumptech/glide/ImagePresenterTest.java",PULL_UP_OPERATION,"library/src/com/bumptech/glide/presenter/target/BaseTarget.java"
glide,8c7ae0d1551752a2ff6260dd807580a90020451e,"library/tests/src/com/bumptech/glide/ImagePresenterTest.java",PULL_UP_OPERATION,"library/src/com/bumptech/glide/presenter/target/BaseTarget.java"
glide,8c7ae0d1551752a2ff6260dd807580a90020451e,"library/src/com/bumptech/glide/Glide.java",MOVE_OPERATION,"library/src/com/bumptech/glide/Glide.java"
glide,8c7ae0d1551752a2ff6260dd807580a90020451e,"library/src/com/bumptech/glide/Glide.java",MOVE_OPERATION,"library/src/com/bumptech/glide/Glide.java"
glide,8c7ae0d1551752a2ff6260dd807580a90020451e,"library/src/com/bumptech/glide/Glide.java",MOVE_OPERATION,"library/src/com/bumptech/glide/Glide.java"
glide,8c7ae0d1551752a2ff6260dd807580a90020451e,"library/src/com/bumptech/glide/Glide.java",MOVE_OPERATION,"library/src/com/bumptech/glide/Glide.java"
glide,8c7ae0d1551752a2ff6260dd807580a90020451e,"library/src/com/bumptech/glide/Glide.java",MOVE_OPERATION,"library/src/com/bumptech/glide/Glide.java"
glide,8c7ae0d1551752a2ff6260dd807580a90020451e,"library/src/com/bumptech/glide/Glide.java",MOVE_OPERATION,"library/src/com/bumptech/glide/Glide.java"
glide,8c7ae0d1551752a2ff6260dd807580a90020451e,"library/src/com/bumptech/glide/Glide.java",MOVE_OPERATION,"library/src/com/bumptech/glide/Glide.java"
glide,8c7ae0d1551752a2ff6260dd807580a90020451e,"library/src/com/bumptech/glide/Glide.java",MOVE_OPERATION,"library/src/com/bumptech/glide/Glide.java"
glide,8c7ae0d1551752a2ff6260dd807580a90020451e,"library/src/com/bumptech/glide/Glide.java",MOVE_OPERATION,"library/src/com/bumptech/glide/Glide.java"
glide,896af010afa2c88aa6b63fc80c1a412357caed97,"library/src/com/bumptech/glide/resize/BaseBitmapLoadTask.java",EXTRACT_OPERATION,"library/src/com/bumptech/glide/resize/BaseBitmapLoadTask.java"
glide,896af010afa2c88aa6b63fc80c1a412357caed97,"library/src/com/bumptech/glide/resize/BaseBitmapLoadTask.java",EXTRACT_OPERATION,"library/src/com/bumptech/glide/resize/BaseBitmapLoadTask.java"
glide,896af010afa2c88aa6b63fc80c1a412357caed97,"library/src/com/bumptech/glide/Glide.java",EXTRACT_SUPERCLASS,"library/src/com/bumptech/glide/Glide.java; library/src/com/bumptech/glide/Glide.java"
glide,896af010afa2c88aa6b63fc80c1a412357caed97,"library/src/com/bumptech/glide/Glide.java",PULL_UP_OPERATION,"library/src/com/bumptech/glide/Glide.java"
glide,896af010afa2c88aa6b63fc80c1a412357caed97,"library/src/com/bumptech/glide/Glide.java",PULL_UP_OPERATION,"library/src/com/bumptech/glide/Glide.java"
glide,896af010afa2c88aa6b63fc80c1a412357caed97,"library/src/com/bumptech/glide/Glide.java",PULL_UP_OPERATION,"library/src/com/bumptech/glide/Glide.java"
glide,896af010afa2c88aa6b63fc80c1a412357caed97,"library/src/com/bumptech/glide/Glide.java",PULL_UP_OPERATION,"library/src/com/bumptech/glide/Glide.java"
glide,896af010afa2c88aa6b63fc80c1a412357caed97,"library/src/com/bumptech/glide/Glide.java",PULL_UP_OPERATION,"library/src/com/bumptech/glide/Glide.java"
glide,896af010afa2c88aa6b63fc80c1a412357caed97,"library/src/com/bumptech/glide/Glide.java",PULL_UP_OPERATION,"library/src/com/bumptech/glide/Glide.java"
glide,896af010afa2c88aa6b63fc80c1a412357caed97,"library/src/com/bumptech/glide/Glide.java",PULL_UP_OPERATION,"library/src/com/bumptech/glide/Glide.java"
glide,896af010afa2c88aa6b63fc80c1a412357caed97,"library/src/com/bumptech/glide/Glide.java",PULL_UP_OPERATION,"library/src/com/bumptech/glide/Glide.java"
glide,896af010afa2c88aa6b63fc80c1a412357caed97,"library/src/com/bumptech/glide/Glide.java",PULL_UP_OPERATION,"library/src/com/bumptech/glide/Glide.java"
glide,896af010afa2c88aa6b63fc80c1a412357caed97,"library/src/com/bumptech/glide/Glide.java",PULL_UP_OPERATION,"library/src/com/bumptech/glide/Glide.java"
glide,896af010afa2c88aa6b63fc80c1a412357caed97,"library/src/com/bumptech/glide/Glide.java",PULL_UP_OPERATION,"library/src/com/bumptech/glide/Glide.java"
glide,896af010afa2c88aa6b63fc80c1a412357caed97,"library/src/com/bumptech/glide/Glide.java",PULL_UP_OPERATION,"library/src/com/bumptech/glide/Glide.java"
glide,896af010afa2c88aa6b63fc80c1a412357caed97,"library/src/com/bumptech/glide/Glide.java",PULL_UP_OPERATION,"library/src/com/bumptech/glide/Glide.java"
glide,896af010afa2c88aa6b63fc80c1a412357caed97,"library/src/com/bumptech/glide/Glide.java",PULL_UP_OPERATION,"library/src/com/bumptech/glide/Glide.java"
glide,896af010afa2c88aa6b63fc80c1a412357caed97,"library/src/com/bumptech/glide/Glide.java",PULL_UP_OPERATION,"library/src/com/bumptech/glide/Glide.java"
glide,0ae32dc10d668a04f9f0484d587aefe5a7210e1c,"samples/flickr/src/com/bumptech/glide/samples/flickr/FlickrModelLoader.java",EXTRACT_SUPERCLASS,"samples/flickr/src/com/bumptech/glide/samples/flickr/FlickrModelLoader.java; library/src/com/bumptech/glide/loader/bitmap/model/BaseUrlLoader.java"
glide,0ae32dc10d668a04f9f0484d587aefe5a7210e1c,"library/src/com/bumptech/glide/resize/load/Downsampler.java",EXTRACT_INTERFACE,"library/src/com/bumptech/glide/resize/load/Downsampler.java; library/src/com/bumptech/glide/resize/load/BitmapDecoder.java"
glide,0ae32dc10d668a04f9f0484d587aefe5a7210e1c,"library/src/com/bumptech/glide/presenter/ImagePresenter.java",EXTRACT_CLASS,"library/src/com/bumptech/glide/presenter/ImagePresenter.java; library/src/com/bumptech/glide/loader/bitmap/BaseBitmapLoadFactory.java"
glide,0ae32dc10d668a04f9f0484d587aefe5a7210e1c,"library/src/com/bumptech/glide/presenter/ImagePresenter.java",EXTRACT_CLASS,"library/src/com/bumptech/glide/presenter/ImagePresenter.java; library/src/com/bumptech/glide/loader/bitmap/BaseBitmapLoadFactory.java"
glide,0ae32dc10d668a04f9f0484d587aefe5a7210e1c,"library/src/com/bumptech/glide/resize/ImageManager.java",EXTRACT_CLASS,"library/src/com/bumptech/glide/resize/ImageManager.java; library/src/com/bumptech/glide/resize/BaseBitmapLoadTask.java"
glide,0ae32dc10d668a04f9f0484d587aefe5a7210e1c,"library/src/com/bumptech/glide/resize/SafeKeyGenerator.java",EXTRACT_CLASS,"library/src/com/bumptech/glide/resize/SafeKeyGenerator.java; library/src/com/bumptech/glide/resize/BaseBitmapLoadTask.java"
glide,0ae32dc10d668a04f9f0484d587aefe5a7210e1c,"library/src/com/bumptech/glide/resize/load/ImageResizer.java",EXTRACT_CLASS,"library/src/com/bumptech/glide/resize/load/TransformationUtils.java; library/src/com/bumptech/glide/util/ByteArrayPool.java"
glide,0ae32dc10d668a04f9f0484d587aefe5a7210e1c,"library/src/com/bumptech/glide/resize/load/ImageResizer.java",MOVE_OPERATION,"library/src/com/bumptech/glide/resize/load/Downsampler.java"
glide,0ae32dc10d668a04f9f0484d587aefe5a7210e1c,"library/src/com/bumptech/glide/loader/model/UrlModelLoader.java",MOVE_AND_RENAME_OPERATION,"library/src/com/bumptech/glide/loader/bitmap/model/BaseUrlLoader.java"
glide,0ae32dc10d668a04f9f0484d587aefe5a7210e1c,"library/src/com/bumptech/glide/loader/model/UrlModelLoader.java",MOVE_AND_RENAME_OPERATION,"library/src/com/bumptech/glide/loader/bitmap/model/BaseUrlLoader.java"
glide,0ae32dc10d668a04f9f0484d587aefe5a7210e1c,"library/src/com/bumptech/glide/loader/model/UrlModelLoader.java",MOVE_AND_RENAME_OPERATION,"library/src/com/bumptech/glide/loader/bitmap/model/BaseUrlLoader.java"
glide,0ae32dc10d668a04f9f0484d587aefe5a7210e1c,"library/src/com/bumptech/glide/loader/model/UrlModelLoader.java",MOVE_AND_RENAME_OPERATION,"library/src/com/bumptech/glide/loader/bitmap/model/BaseUrlLoader.java"
glide,0ae32dc10d668a04f9f0484d587aefe5a7210e1c,"library/src/com/bumptech/glide/loader/model/UrlModelLoader.java",MOVE_OPERATION,"library/src/com/bumptech/glide/loader/bitmap/model/BaseUrlLoader.java"
glide,0ae32dc10d668a04f9f0484d587aefe5a7210e1c,"library/tests/src/com/bumptech/glide/KeyGeneratorTest.java",MOVE_OPERATION,"library/tests/src/com/bumptech/glide/KeyGeneratorTest.java"
glide,0ae32dc10d668a04f9f0484d587aefe5a7210e1c,"library/tests/src/com/bumptech/glide/KeyGeneratorTest.java",MOVE_OPERATION,"library/tests/src/com/bumptech/glide/KeyGeneratorTest.java"
glide,0ae32dc10d668a04f9f0484d587aefe5a7210e1c,"library/src/com/bumptech/glide/resize/load/ImageResizer.java",MOVE_AND_RENAME_OPERATION,"library/src/com/bumptech/glide/util/ByteArrayPool.java"
glide,0ae32dc10d668a04f9f0484d587aefe5a7210e1c,"library/src/com/bumptech/glide/resize/load/ImageResizer.java",MOVE_AND_RENAME_OPERATION,"library/src/com/bumptech/glide/util/ByteArrayPool.java"
glide,7e3f8a250845774ae344cdbd59ea6dcc3fad5488,"library/src/com/bumptech/glide/resize/ImageManager.java",EXTRACT_OPERATION,"library/src/com/bumptech/glide/resize/ImageManager.java"
glide,d5ddd93ac507c52f316b094a6740ddb5f122125f,"library/src/com/bumptech/glide/resize/bitmap_recycle/LruBitmapPool.java",MOVE_OPERATION,"library/src/com/bumptech/glide/resize/bitmap_recycle/AttributeStrategy.java"
glide,d5ddd93ac507c52f316b094a6740ddb5f122125f,"library/src/com/bumptech/glide/resize/bitmap_recycle/LruBitmapPool.java",MOVE_OPERATION,"library/src/com/bumptech/glide/resize/bitmap_recycle/BaseKeyPool.java"
glide,d5ddd93ac507c52f316b094a6740ddb5f122125f,"library/src/com/bumptech/glide/resize/bitmap_recycle/LruBitmapPool.java",MOVE_OPERATION,"library/src/com/bumptech/glide/resize/bitmap_recycle/GroupedLinkedMap.java"
glide,d5ddd93ac507c52f316b094a6740ddb5f122125f,"library/src/com/bumptech/glide/resize/bitmap_recycle/LruBitmapPool.java",MOVE_OPERATION,"library/src/com/bumptech/glide/resize/bitmap_recycle/GroupedLinkedMap.java"
glide,d5ddd93ac507c52f316b094a6740ddb5f122125f,"library/src/com/bumptech/glide/resize/bitmap_recycle/LruBitmapPool.java",MOVE_OPERATION,"library/src/com/bumptech/glide/resize/bitmap_recycle/GroupedLinkedMap.java"
glide,d5ddd93ac507c52f316b094a6740ddb5f122125f,"library/src/com/bumptech/glide/resize/bitmap_recycle/LruBitmapPool.java",MOVE_OPERATION,"library/src/com/bumptech/glide/resize/bitmap_recycle/GroupedLinkedMap.java"
glide,d5ddd93ac507c52f316b094a6740ddb5f122125f,"library/src/com/bumptech/glide/resize/bitmap_recycle/LruBitmapPool.java",MOVE_OPERATION,"library/src/com/bumptech/glide/resize/bitmap_recycle/GroupedLinkedMap.java"
glide,d5ddd93ac507c52f316b094a6740ddb5f122125f,"library/src/com/bumptech/glide/resize/bitmap_recycle/LruBitmapPool.java",MOVE_OPERATION,"library/src/com/bumptech/glide/resize/bitmap_recycle/GroupedLinkedMap.java"
glide,d5ddd93ac507c52f316b094a6740ddb5f122125f,"library/tests/src/com/bumptech/glide/LruBitmapPoolTest.java",MOVE_AND_RENAME_OPERATION,"library/tests/src/com/bumptech/glide/resize/bitmap_recycle/LruBitmapPoolTest.java"
glide,d5ddd93ac507c52f316b094a6740ddb5f122125f,"library/tests/src/com/bumptech/glide/LruBitmapPoolTest.java",EXTRACT_OPERATION,"library/tests/src/com/bumptech/glide/resize/bitmap_recycle/LruBitmapPoolTest.java"
glide,d5ddd93ac507c52f316b094a6740ddb5f122125f,"library/tests/src/com/bumptech/glide/LruBitmapPoolTest.java",MOVE_AND_RENAME_OPERATION,"library/tests/src/com/bumptech/glide/resize/bitmap_recycle/AttributeStrategyTest.java"
glide,d5ddd93ac507c52f316b094a6740ddb5f122125f,"library/tests/src/com/bumptech/glide/LruBitmapPoolTest.java",MOVE_AND_RENAME_OPERATION,"library/tests/src/com/bumptech/glide/resize/bitmap_recycle/LruBitmapPoolTest.java"
glide,d5ddd93ac507c52f316b094a6740ddb5f122125f,"library/tests/src/com/bumptech/glide/LruBitmapPoolTest.java",MOVE_OPERATION,"library/tests/src/com/bumptech/glide/resize/bitmap_recycle/LruBitmapPoolTest.java"
glide,d5ddd93ac507c52f316b094a6740ddb5f122125f,"library/src/com/bumptech/glide/resize/bitmap_recycle/LruBitmapPool.java",MOVE_OPERATION,"library/src/com/bumptech/glide/resize/bitmap_recycle/AttributeStrategy.java"
glide,a6740390d172ade92a707da4a7c0cd6f32f9b28e,"library/src/com/bumptech/glide/resize/ImageManager.java",EXTRACT_AND_MOVE_OPERATION,"library/src/com/bumptech/glide/resize/ImageManager.java; library/src/com/bumptech/glide/resize/ImageManager.java"
glide,c8f4ce14fc25c7c69b5bde3568caadb55ec808c3,"library/tests/src/com/bumptech/glide/LruBitmapPoolTest.java",EXTRACT_OPERATION,"library/tests/src/com/bumptech/glide/LruBitmapPoolTest.java"
glide,c8f4ce14fc25c7c69b5bde3568caadb55ec808c3,"library/tests/src/com/bumptech/glide/LruBitmapPoolTest.java",EXTRACT_OPERATION,"library/tests/src/com/bumptech/glide/LruBitmapPoolTest.java"
glide,62449689a18324317a67504611a1593283059db3,"library/src/com/bumptech/glide/resize/bitmap_recycle/LruBitmapPool.java",EXTRACT_OPERATION,"library/src/com/bumptech/glide/resize/bitmap_recycle/LruBitmapPool.java"
glide,2310318f0ff9ad1919ec61878a43cb8dc3bd5086,"library/src/com/bumptech/glide/resize/load/ImageHeaderParser.java",EXTRACT_OPERATION,"library/src/com/bumptech/glide/resize/load/ImageHeaderParser.java"
glide,c88ce8ece98d15d94bc3c9e05e60b268ccf9bd30,"library/src/com/bumptech/glide/resize/cache/LruMemoryCache.java",EXTRACT_OPERATION,"library/src/com/bumptech/glide/resize/cache/LruMemoryCache.java"
glide,206241084656f9cca261fe3b9c787a2c70986baf,"library/src/com/bumptech/glide/resize/ImageManager.java",EXTRACT_CLASS,"library/src/com/bumptech/glide/resize/ImageManager.java; library/src/com/bumptech/glide/resize/ImageManager.java"
glide,206241084656f9cca261fe3b9c787a2c70986baf,"library/src/com/bumptech/glide/resize/ImageManager.java",MOVE_OPERATION,"library/src/com/bumptech/glide/resize/ImageManager.java"
glide,206241084656f9cca261fe3b9c787a2c70986baf,"library/src/com/bumptech/glide/resize/ImageManager.java",MOVE_OPERATION,"library/src/com/bumptech/glide/resize/ImageManager.java"
glide,206241084656f9cca261fe3b9c787a2c70986baf,"library/src/com/bumptech/glide/resize/ImageManager.java",MOVE_OPERATION,"library/src/com/bumptech/glide/resize/ImageManager.java"
glide,206241084656f9cca261fe3b9c787a2c70986baf,"library/src/com/bumptech/glide/resize/ImageManager.java",MOVE_OPERATION,"library/src/com/bumptech/glide/resize/ImageManager.java"
glide,206241084656f9cca261fe3b9c787a2c70986baf,"library/src/com/bumptech/glide/resize/ImageManager.java",MOVE_OPERATION,"library/src/com/bumptech/glide/resize/ImageManager.java"
glide,206241084656f9cca261fe3b9c787a2c70986baf,"library/src/com/bumptech/glide/resize/ImageManager.java",MOVE_OPERATION,"library/src/com/bumptech/glide/resize/ImageManager.java"
glide,7a58fe728839fce9519e9b0656668b316db52777,"library/src/com/bumptech/glide/Glide.java",EXTRACT_OPERATION,"library/src/com/bumptech/glide/Glide.java"
glide,7a58fe728839fce9519e9b0656668b316db52777,"library/src/com/bumptech/glide/Glide.java",EXTRACT_OPERATION,"library/src/com/bumptech/glide/Glide.java"
glide,7a58fe728839fce9519e9b0656668b316db52777,"library/tests/src/com/bumptech/glide/GlideTest.java",EXTRACT_OPERATION,"library/tests/src/com/bumptech/glide/GlideTest.java"
glide,7a58fe728839fce9519e9b0656668b316db52777,"library/tests/src/com/bumptech/glide/GlideTest.java",EXTRACT_OPERATION,"library/tests/src/com/bumptech/glide/GlideTest.java"
glide,7a58fe728839fce9519e9b0656668b316db52777,"library/tests/src/com/bumptech/glide/GlideTest.java",EXTRACT_OPERATION,"library/tests/src/com/bumptech/glide/GlideTest.java"
glide,7a58fe728839fce9519e9b0656668b316db52777,"library/tests/src/com/bumptech/glide/GlideTest.java",EXTRACT_OPERATION,"library/tests/src/com/bumptech/glide/GlideTest.java"
glide,7a58fe728839fce9519e9b0656668b316db52777,"library/tests/src/com/bumptech/glide/GlideTest.java",EXTRACT_OPERATION,"library/tests/src/com/bumptech/glide/GlideTest.java"
glide,7a58fe728839fce9519e9b0656668b316db52777,"library/tests/src/com/bumptech/glide/GlideTest.java",EXTRACT_OPERATION,"library/tests/src/com/bumptech/glide/GlideTest.java"
glide,7a58fe728839fce9519e9b0656668b316db52777,"library/src/com/bumptech/glide/Glide.java",EXTRACT_AND_MOVE_OPERATION,"library/src/com/bumptech/glide/Glide.java; library/src/com/bumptech/glide/loader/transformation/CenterCrop.java"
glide,7a58fe728839fce9519e9b0656668b316db52777,"library/src/com/bumptech/glide/Glide.java",EXTRACT_AND_MOVE_OPERATION,"library/src/com/bumptech/glide/Glide.java; library/src/com/bumptech/glide/loader/transformation/FitCenter.java"
glide,7a58fe728839fce9519e9b0656668b316db52777,"library/src/com/bumptech/glide/Glide.java",EXTRACT_AND_MOVE_OPERATION,"library/src/com/bumptech/glide/Glide.java; library/src/com/bumptech/glide/loader/transformation/None.java"
glide,9c04fc7a0c1d5c9e8f54660b0f954f754100f250,"samples/flickr/src/com/bumptech/glide/samples/flickr/FlickrModelLoader.java",EXTRACT_SUPERCLASS,"samples/flickr/src/com/bumptech/glide/samples/flickr/FlickrModelLoader.java; library/src/com/bumptech/glide/loader/model/UrlModelLoader.java"
glide,9c04fc7a0c1d5c9e8f54660b0f954f754100f250,"library/src/com/bumptech/glide/loader/model/UrlLoader.java",MOVE_AND_RENAME_OPERATION,"library/src/com/bumptech/glide/loader/model/VolleyUrlLoader.java"
glide,9c04fc7a0c1d5c9e8f54660b0f954f754100f250,"library/src/com/bumptech/glide/loader/model/UrlLoader.java",MOVE_OPERATION,"library/src/com/bumptech/glide/loader/model/VolleyUrlLoader.java"
glide,9c04fc7a0c1d5c9e8f54660b0f954f754100f250,"library/src/com/bumptech/glide/loader/model/VolleyModelLoader.java",MOVE_OPERATION,"library/src/com/bumptech/glide/loader/model/UrlModelLoader.java"
glide,9c04fc7a0c1d5c9e8f54660b0f954f754100f250,"library/src/com/bumptech/glide/loader/model/VolleyModelLoader.java",MOVE_OPERATION,"library/src/com/bumptech/glide/loader/model/VolleyUrlLoader.java"
glide,293fdc0fc9203e2286beef092ac4a1fcec55cd0d,"library/src/com/bumptech/glide/resize/load/Downsampler.java",EXTRACT_OPERATION,"library/src/com/bumptech/glide/resize/load/Downsampler.java"
glide,293fdc0fc9203e2286beef092ac4a1fcec55cd0d,"library/src/com/bumptech/glide/resize/ImageManager.java",MOVE_OPERATION,"library/src/com/bumptech/glide/resize/ImageManager.java"
glide,33943be3ddf092ffb670ac0b51c884f9f39ee0b0,"library/src/com/bumptech/glide/Glide.java",EXTRACT_OPERATION,"library/src/com/bumptech/glide/Glide.java"
glide,33943be3ddf092ffb670ac0b51c884f9f39ee0b0,"library/src/com/bumptech/glide/presenter/ImagePresenter.java",EXTRACT_CLASS,"library/src/com/bumptech/glide/presenter/ImagePresenter.java; library/src/com/bumptech/glide/presenter/target/ImageViewTarget.java"
glide,33943be3ddf092ffb670ac0b51c884f9f39ee0b0,"library/src/com/bumptech/glide/presenter/ImagePresenter.java",MOVE_OPERATION,"library/src/com/bumptech/glide/presenter/target/ImageViewTarget.java"
glide,33943be3ddf092ffb670ac0b51c884f9f39ee0b0,"library/src/com/bumptech/glide/presenter/ImagePresenter.java",MOVE_OPERATION,"library/src/com/bumptech/glide/presenter/target/ImageViewTarget.java"
glide,2381ce1d267b4d9591e0603ae641ba93d6b1342d,"library/src/com/bumptech/glide/resize/loader/AsIs.java",PULL_UP_OPERATION,"library/src/com/bumptech/glide/resize/loader/ImageManagerLoader.java"
glide,c27229a159bfc992874609270ab8b57981fef339,"library/src/com/bumptech/glide/resize/ImageResizer.java",MOVE_OPERATION,"library/src/com/bumptech/glide/resize/ImageResizer.java"
glide,c27229a159bfc992874609270ab8b57981fef339,"library/src/com/bumptech/glide/resize/ImageResizer.java",MOVE_OPERATION,"library/src/com/bumptech/glide/resize/Downsampler.java"
glide,c27229a159bfc992874609270ab8b57981fef339,"library/src/com/bumptech/glide/resize/ImageResizer.java",MOVE_OPERATION,"library/src/com/bumptech/glide/resize/Downsampler.java"
glide,c27229a159bfc992874609270ab8b57981fef339,"library/src/com/bumptech/glide/resize/ImageResizer.java",MOVE_OPERATION,"library/src/com/bumptech/glide/resize/Downsampler.java"
glide,ebee47a832ac2e333ed2ff453021810b10d2ea16,"library/src/com/bumptech/glide/resize/ImageManager.java",EXTRACT_OPERATION,"library/src/com/bumptech/glide/resize/ImageManager.java"
glide,ebee47a832ac2e333ed2ff453021810b10d2ea16,"library/src/com/bumptech/glide/resize/ImageManager.java",EXTRACT_OPERATION,"library/src/com/bumptech/glide/resize/ImageManager.java"
glide,ebee47a832ac2e333ed2ff453021810b10d2ea16,"library/src/com/bumptech/glide/resize/ImageManager.java",EXTRACT_AND_MOVE_OPERATION,"library/src/com/bumptech/glide/resize/ImageManager.java; library/src/com/bumptech/glide/resize/ImageManager.java"
glide,ebee47a832ac2e333ed2ff453021810b10d2ea16,"library/src/com/bumptech/glide/resize/ImageManager.java",EXTRACT_AND_MOVE_OPERATION,"library/src/com/bumptech/glide/resize/ImageManager.java; library/src/com/bumptech/glide/resize/ImageManager.java"
glide,78790c322a30ac2e62498b79bdc965832bf2342d,"library/src/com/bumptech/glide/Glide.java",EXTRACT_OPERATION,"library/src/com/bumptech/glide/Glide.java"
glide,78790c322a30ac2e62498b79bdc965832bf2342d,"library/src/com/bumptech/glide/Glide.java",EXTRACT_AND_MOVE_OPERATION,"library/src/com/bumptech/glide/Glide.java; library/src/com/bumptech/glide/Glide.java"
glide,d66ef49022858664841d3d60d0d531bdd13bd882,"library/src/com/bumptech/glide/resize/ImageManager.java",EXTRACT_OPERATION,"library/src/com/bumptech/glide/resize/ImageManager.java"
glide,d66ef49022858664841d3d60d0d531bdd13bd882,"library/src/com/bumptech/glide/resize/ImageResizer.java",EXTRACT_OPERATION,"library/src/com/bumptech/glide/resize/ImageResizer.java"
glide,d66ef49022858664841d3d60d0d531bdd13bd882,"library/src/com/bumptech/glide/resize/ImageResizer.java",EXTRACT_OPERATION,"library/src/com/bumptech/glide/resize/ImageResizer.java"
glide,d66ef49022858664841d3d60d0d531bdd13bd882,"library/src/com/bumptech/glide/resize/ImageResizer.java",EXTRACT_OPERATION,"library/src/com/bumptech/glide/resize/ImageResizer.java"
glide,612bb49c9045a723e2da145ef3647707b731b6c6,"library/src/com/bumptech/glide/Glide.java",EXTRACT_AND_MOVE_OPERATION,"library/src/com/bumptech/glide/Glide.java; library/src/com/bumptech/glide/presenter/ImagePresenter.java"
glide,612bb49c9045a723e2da145ef3647707b731b6c6,"samples/flickr/src/com/bumptech/flickr/FlickrPhotoGrid.java",EXTRACT_AND_MOVE_OPERATION,"samples/flickr/src/com/bumptech/flickr/FlickrPhotoGrid.java; library/src/com/bumptech/glide/presenter/ImagePresenter.java"
glide,c717f77320080cf52eae84f740f40911b5bf0733,"samples/flickr/src/com/bumptech/flickr/DirectFlickrStreamLoader.java",MOVE_OPERATION,"samples/flickr/src/com/bumptech/flickr/FlickrModelLoader.java"
glide,c717f77320080cf52eae84f740f40911b5bf0733,"samples/flickr/src/com/bumptech/flickr/FlickrStreamLoader.java",MOVE_OPERATION,"samples/flickr/src/com/bumptech/flickr/FlickrModelLoader.java"
glide,e13dcedf144c02927c122fae32179f460b21fef5,"library/src/com/bumptech/glide/loader/opener/HttpInputStreamOpener.java",MOVE_AND_RENAME_OPERATION,"library/src/com/bumptech/glide/loader/stream/HttpStreamLoader.java"
glide,e13dcedf144c02927c122fae32179f460b21fef5,"library/src/com/bumptech/glide/loader/model/ModelStreamLoader.java",MOVE_OPERATION,"library/src/com/bumptech/glide/loader/stream/StreamLoader.java"
glide,6ed6e22c7d4cbcf5b8269004ae37d72f0e0a5446,"library/src/com/bumptech/glide/resize/ImageManager.java",EXTRACT_AND_MOVE_OPERATION,"library/src/com/bumptech/glide/resize/ImageManager.java; library/src/com/bumptech/glide/resize/ImageResizer.java"
glide,26ad9c93f342f04f40d25252603c88d89a22a56b,"samples/flickr/src/com/bumptech/flickr/FlickrStreamLoader.java",EXTRACT_SUPERCLASS,"samples/flickr/src/com/bumptech/flickr/FlickrStreamLoader.java; library/src/com/bumptech/photos/loader/model/BaseModelStreamLoader.java"
glide,ed7d496cef495d8a98684bfe9e911013eeb53433,"library/src/com/bumptech/photos/loader/path/PathLoader.java",MOVE_OPERATION,"library/src/com/bumptech/photos/loader/model/ModelStreamLoader.java"
glide,b08c284744aa51abde6f1ec7d485225fb26f7657,"library/src/com/bumptech/photos/resize/cache/LruPhotoCache.java",MOVE_OPERATION,"library/src/com/bumptech/photos/resize/ImageManager.java"
glide,309fea9a2ecf04b8466cc3869b5af798199cd8d5,"library/src/com/bumptech/photos/resize/cache/disk/AndroidDiskCache.java",MOVE_OPERATION,"library/src/com/bumptech/photos/util/Util.java"
glide,785ee3bd2f343b795a86d07fbc508ef5fc7883fc,"library/src/com/bumptech/photos/resize/ImageManager.java",EXTRACT_OPERATION,"library/src/com/bumptech/photos/resize/ImageManager.java"
glide,fc2ec8570105927bc88b22f8538f5053ba7f05b5,"library/src/com/bumptech/photos/resize/ImageManager.java",EXTRACT_OPERATION,"library/src/com/bumptech/photos/resize/ImageManager.java"
glide,0c001203beadf5130eb36f72180583f797af7709,"library/src/com/bumptech/photos/resize/ImageManager.java",EXTRACT_OPERATION,"library/src/com/bumptech/photos/resize/ImageManager.java"
glide,d1066dce39cc2d2dfd5e95b6a1adb5ca717b8c3b,"library/src/com/bumptech/photos/resize/ImageManager.java",EXTRACT_OPERATION,"library/src/com/bumptech/photos/resize/ImageManager.java"
glide,e356a4f7ddc93843f8a28d810ff4c8777032411c,"library/src/com/bumptech/photos/resize/bitmap_recycle/ConcurrentBitmapReferenceCounter.java",EXTRACT_INTERFACE,"library/src/com/bumptech/photos/resize/bitmap_recycle/ConcurrentBitmapReferenceCounter.java; library/src/com/bumptech/photos/resize/bitmap_recycle/BitmapReferenceCounter.java"
glide,9b2c9802d9eb0fb9aaa25388ad064a41b95186af,"library/src/com/bumptech/photos/resize/bitmap_recycle/ConcurrentBitmapPool.java",EXTRACT_INTERFACE,"library/src/com/bumptech/photos/resize/bitmap_recycle/ConcurrentBitmapPool.java; library/src/com/bumptech/photos/resize/bitmap_recycle/BitmapPool.java"
glide,f13c881b00196dcfdf4e631129cda50de6e3446e,"library/src/com/bumptech/photos/resize/ImageManager.java",EXTRACT_OPERATION,"library/src/com/bumptech/photos/resize/ImageManager.java"
glide,f13c881b00196dcfdf4e631129cda50de6e3446e,"library/src/com/bumptech/photos/resize/cache/LruPhotoCache.java",EXTRACT_INTERFACE,"library/src/com/bumptech/photos/resize/cache/LruPhotoCache.java; library/src/com/bumptech/photos/resize/cache/MemoryCache.java"
glide,f7de145d9bebfdd354a234479e1d1f28e1d3e11b,"library/src/com/bumptech/photos/resize/ImageManager.java",EXTRACT_OPERATION,"library/src/com/bumptech/photos/resize/ImageManager.java"
glide,f7de145d9bebfdd354a234479e1d1f28e1d3e11b,"library/src/com/bumptech/photos/resize/cache/disk/DiskCache.java",EXTRACT_INTERFACE,"library/src/com/bumptech/photos/resize/cache/disk/AndroidDiskCache.java; library/src/com/bumptech/photos/resize/cache/DiskCache.java"
glide,2a2882e26b572d6d69939ac553cd840059caee3a,"library/src/com/bumptech/photos/resize/BitmapTracker.java",EXTRACT_OPERATION,"library/src/com/bumptech/photos/resize/BitmapTracker.java"
glide,2a2882e26b572d6d69939ac553cd840059caee3a,"library/src/com/bumptech/photos/resize/BitmapTracker.java",EXTRACT_OPERATION,"library/src/com/bumptech/photos/resize/BitmapTracker.java"
glide,2a2882e26b572d6d69939ac553cd840059caee3a,"library/src/com/bumptech/photos/resize/BitmapTracker.java",EXTRACT_OPERATION,"library/src/com/bumptech/photos/resize/BitmapTracker.java"
glide,2a2882e26b572d6d69939ac553cd840059caee3a,"library/src/com/bumptech/photos/resize/BitmapTracker.java",EXTRACT_OPERATION,"library/src/com/bumptech/photos/resize/BitmapTracker.java"
glide,2a2882e26b572d6d69939ac553cd840059caee3a,"library/src/com/bumptech/photos/resize/BitmapTracker.java",EXTRACT_OPERATION,"library/src/com/bumptech/photos/resize/BitmapTracker.java"
glide,2a2882e26b572d6d69939ac553cd840059caee3a,"library/src/com/bumptech/photos/resize/BitmapTracker.java",EXTRACT_CLASS,"library/src/com/bumptech/photos/resize/BitmapTracker.java; library/src/com/bumptech/photos/resize/BitmapTracker.java"
glide,d9bf71390f35d5311b7b9fcde7c89dc0d4a36bea,"library/src/com/bumptech/photos/resize/cache/LruPhotoCache.java",MOVE_OPERATION,"library/src/com/bumptech/photos/resize/cache/LruPhotoCache.java"
glide,d9bf71390f35d5311b7b9fcde7c89dc0d4a36bea,"library/src/com/bumptech/photos/resize/cache/LruPhotoCache.java",MOVE_OPERATION,"library/src/com/bumptech/photos/resize/cache/LruPhotoCache.java"
glide,c3b301f1857fd86f98b63e2adb0879152791e9b2,"library/src/com/bumptech/photos/presenter/ImagePresenter.java",EXTRACT_CLASS,"library/src/com/bumptech/photos/presenter/ImagePresenter.java; library/src/com/bumptech/photos/presenter/ImagePresenter.java"
glide,eb2ab7b42bcb26de42cfba78d94f1b7e8c8cd5ac,"library/src/com/bumptech/photos/resize/ImageResizer.java",EXTRACT_OPERATION,"library/src/com/bumptech/photos/resize/ImageResizer.java"
glide,48bec5d2675744bbefa03354860bf676517834ae,"library/src/com/bumptech/photos/resize/ImageManager.java",EXTRACT_OPERATION,"library/src/com/bumptech/photos/resize/ImageManager.java"
glide,ef5a3a5b2d4187b1f62e6d11de3d8fd24676826a,"library/src/com/bumptech/photos/resize/cache/PhotoDiskCache.java",MOVE_AND_RENAME_OPERATION,"library/src/com/bumptech/photos/resize/cache/disk/DiskCache.java"
glide,ef5a3a5b2d4187b1f62e6d11de3d8fd24676826a,"library/src/com/bumptech/photos/resize/cache/PhotoDiskCache.java",MOVE_AND_RENAME_OPERATION,"library/src/com/bumptech/photos/resize/cache/disk/DiskCache.java"
glide,ef5a3a5b2d4187b1f62e6d11de3d8fd24676826a,"library/src/com/bumptech/photos/resize/cache/PhotoDiskCache.java",MOVE_OPERATION,"library/src/com/bumptech/photos/resize/cache/disk/DiskCache.java"
glide,ef5a3a5b2d4187b1f62e6d11de3d8fd24676826a,"library/src/com/bumptech/photos/resize/cache/PhotoDiskCache.java",MOVE_OPERATION,"library/src/com/bumptech/photos/resize/cache/disk/DiskCache.java"
glide,0019cee25261c36372c30a63556d7988d9fde95b,"samples/flickr/src/com/bumptech/flickr/FlickrSearchActivity.java",EXTRACT_OPERATION,"samples/flickr/src/com/bumptech/flickr/FlickrSearchActivity.java"
glide,b362a3df8471b8d8716b5747690b492e8fb2a984,"library/src/com/bumptech/photos/resize/cache/PhotoDiskCache.java",EXTRACT_OPERATION,"library/src/com/bumptech/photos/resize/cache/PhotoDiskCache.java"
glide,a3a23a8d53117ce1792523f5e6fde126b6efb48c,"library/src/com/bumptech/photos/resize/ImageResizer.java",EXTRACT_OPERATION,"library/src/com/bumptech/photos/resize/ImageResizer.java"
glide,a3a23a8d53117ce1792523f5e6fde126b6efb48c,"library/src/com/bumptech/photos/resize/ImageResizer.java",EXTRACT_OPERATION,"library/src/com/bumptech/photos/resize/ImageResizer.java"
glide,a3a23a8d53117ce1792523f5e6fde126b6efb48c,"library/src/com/bumptech/photos/resize/ImageResizer.java",EXTRACT_OPERATION,"library/src/com/bumptech/photos/resize/ImageResizer.java"
glide,a3a23a8d53117ce1792523f5e6fde126b6efb48c,"library/src/com/bumptech/photos/resize/ImageResizer.java",EXTRACT_OPERATION,"library/src/com/bumptech/photos/resize/ImageResizer.java"
glide,a3a23a8d53117ce1792523f5e6fde126b6efb48c,"library/src/com/bumptech/photos/resize/ImageResizer.java",EXTRACT_OPERATION,"library/src/com/bumptech/photos/resize/ImageResizer.java"
glide,9da7a0a7c35af75a6c477f1fc4a6ede27aa41e2b,"src/com/bumptech/photos/resize/ImageManager.java",EXTRACT_OPERATION,"src/com/bumptech/photos/resize/ImageManager.java"
glide,defb867d7525e08463f6a2783c5edb34439282cd,"src/com/bumptech/photos/util/Photo.java",MOVE_OPERATION,"src/com/bumptech/photos/imagemanager/ImageResizer.java"
glide,defb867d7525e08463f6a2783c5edb34439282cd,"src/com/bumptech/photos/util/Photo.java",MOVE_OPERATION,"src/com/bumptech/photos/imagemanager/ImageResizer.java"
glide,defb867d7525e08463f6a2783c5edb34439282cd,"src/com/bumptech/photos/util/Photo.java",MOVE_OPERATION,"src/com/bumptech/photos/imagemanager/ImageResizer.java"
glide,34822333800db30671f408890ea38870d8f8a127,"src/com/bumptech/photos/resize/Utils.java",MOVE_OPERATION,"src/com/bumptech/photos/imagemanager/ImageResizer.java"
glide,34822333800db30671f408890ea38870d8f8a127,"src/com/bumptech/photos/resize/Utils.java",MOVE_OPERATION,"src/com/bumptech/photos/imagemanager/ImageResizer.java"
glide,34822333800db30671f408890ea38870d8f8a127,"src/com/bumptech/photos/resize/Utils.java",MOVE_OPERATION,"src/com/bumptech/photos/imagemanager/ImageResizer.java"
glide,34822333800db30671f408890ea38870d8f8a127,"src/com/bumptech/photos/resize/Utils.java",MOVE_OPERATION,"src/com/bumptech/photos/imagemanager/ImageResizer.java"
glide,34822333800db30671f408890ea38870d8f8a127,"src/com/bumptech/photos/resize/Utils.java",MOVE_OPERATION,"src/com/bumptech/photos/imagemanager/ImageResizer.java"
glide,34822333800db30671f408890ea38870d8f8a127,"src/com/bumptech/photos/resize/Utils.java",MOVE_OPERATION,"src/com/bumptech/photos/imagemanager/ImageResizer.java"
glide,34822333800db30671f408890ea38870d8f8a127,"src/com/bumptech/photos/resize/Utils.java",MOVE_OPERATION,"src/com/bumptech/photos/imagemanager/ImageResizer.java"
glide,34822333800db30671f408890ea38870d8f8a127,"src/com/bumptech/photos/resize/Utils.java",MOVE_OPERATION,"src/com/bumptech/photos/imagemanager/ImageResizer.java"
glide,34822333800db30671f408890ea38870d8f8a127,"src/com/bumptech/photos/resize/Utils.java",MOVE_OPERATION,"src/com/bumptech/photos/imagemanager/ImageResizer.java"
glide,34822333800db30671f408890ea38870d8f8a127,"src/com/bumptech/photos/resize/Utils.java",MOVE_OPERATION,"src/com/bumptech/photos/imagemanager/ImageResizer.java"
glide,34822333800db30671f408890ea38870d8f8a127,"src/com/bumptech/photos/resize/Utils.java",MOVE_OPERATION,"src/com/bumptech/photos/imagemanager/ImageResizer.java"
glide,34822333800db30671f408890ea38870d8f8a127,"src/com/bumptech/photos/resize/Utils.java",MOVE_OPERATION,"src/com/bumptech/photos/imagemanager/ImageResizer.java"
glide,34822333800db30671f408890ea38870d8f8a127,"src/com/bumptech/photos/resize/Utils.java",MOVE_OPERATION,"src/com/bumptech/photos/imagemanager/ImageResizer.java"
glide,34822333800db30671f408890ea38870d8f8a127,"src/com/bumptech/photos/resize/Utils.java",MOVE_OPERATION,"src/com/bumptech/photos/imagemanager/ImageResizer.java"
glide,47cb98175b5d600567fef273e33e534e8fda704e,"src/com/bumptech/photos/imagemanager/ImageManager.java",EXTRACT_OPERATION,"src/com/bumptech/photos/imagemanager/ImageManager.java"
glide,47cb98175b5d600567fef273e33e534e8fda704e,"src/com/bumptech/photos/imagemanager/ImageManager.java",EXTRACT_OPERATION,"src/com/bumptech/photos/imagemanager/ImageManager.java"
glide,47cb98175b5d600567fef273e33e534e8fda704e,"src/com/bumptech/photos/imagemanager/ImageManager.java",EXTRACT_OPERATION,"src/com/bumptech/photos/imagemanager/ImageManager.java"
glide,47cb98175b5d600567fef273e33e534e8fda704e,"src/com/bumptech/photos/imagemanager/ImageManager.java",EXTRACT_OPERATION,"src/com/bumptech/photos/imagemanager/ImageManager.java"
glide,47cb98175b5d600567fef273e33e534e8fda704e,"src/com/bumptech/photos/imagemanager/ImageManager.java",EXTRACT_OPERATION,"src/com/bumptech/photos/imagemanager/ImageManager.java"
glide,47cb98175b5d600567fef273e33e534e8fda704e,"src/com/bumptech/photos/resize/ResizeJobGenerator.java",EXTRACT_OPERATION,"src/com/bumptech/photos/resize/ResizeJobGenerator.java"
glide,47cb98175b5d600567fef273e33e534e8fda704e,"src/com/bumptech/photos/resize/ResizeJobGenerator.java",EXTRACT_OPERATION,"src/com/bumptech/photos/resize/ResizeJobGenerator.java"
glide,47cb98175b5d600567fef273e33e534e8fda704e,"src/com/bumptech/photos/resize/ResizeJobGenerator.java",EXTRACT_OPERATION,"src/com/bumptech/photos/resize/ResizeJobGenerator.java"
glide,1afd6153d474f6f54a9b42d0df263e48ffaf4154,"src/com/bumptech/photos/view/loader/PhotoManagerLoader.java",EXTRACT_OPERATION,"src/com/bumptech/photos/photomanager/PhotoManagerLoader.java"
glide,1afd6153d474f6f54a9b42d0df263e48ffaf4154,"src/com/bumptech/photos/view/loader/PhotoManagerLoader.java",EXTRACT_OPERATION,"src/com/bumptech/photos/photomanager/PhotoManagerLoader.java"
glide,1afd6153d474f6f54a9b42d0df263e48ffaf4154,"src/com/bumptech/photos/view/loader/PhotoManagerLoader.java",EXTRACT_OPERATION,"src/com/bumptech/photos/photomanager/PhotoManagerLoader.java"
glide,1afd6153d474f6f54a9b42d0df263e48ffaf4154,"src/com/bumptech/photos/view/loader/BaseImageLoader.java",EXTRACT_CLASS,"src/com/bumptech/photos/view/loader/BaseImageLoader.java; src/com/bumptech/photos/view/assetpath/BasePathLoader.java"
glide,1afd6153d474f6f54a9b42d0df263e48ffaf4154,"src/com/bumptech/photos/view/loader/BaseImageLoader.java",MOVE_OPERATION,"src/com/bumptech/photos/view/assetpath/BasePathLoader.java"
glide,1afd6153d474f6f54a9b42d0df263e48ffaf4154,"src/com/bumptech/photos/view/loader/BaseImageLoader.java",MOVE_OPERATION,"src/com/bumptech/photos/view/assetpath/BasePathLoader.java"
glide,1afd6153d474f6f54a9b42d0df263e48ffaf4154,"src/com/bumptech/photos/view/loader/BaseImageLoader.java",MOVE_OPERATION,"src/com/bumptech/photos/view/assetpath/BasePathLoader.java"
glide,1afd6153d474f6f54a9b42d0df263e48ffaf4154,"src/com/bumptech/photos/view/loader/BaseImageLoader.java",MOVE_OPERATION,"src/com/bumptech/photos/view/assetpath/BasePathLoader.java"
glide,1afd6153d474f6f54a9b42d0df263e48ffaf4154,"src/com/bumptech/photos/view/loader/ImageLoader.java",MOVE_OPERATION,"src/com/bumptech/photos/view/assetpath/PathLoader.java"
glide,e8f337ac173ee4713592c461a041222838cbe3b5,"src/com/bumptech/photos/resize/Utils.java",EXTRACT_OPERATION,"src/com/bumptech/photos/resize/Utils.java"
glide,e8f337ac173ee4713592c461a041222838cbe3b5,"src/com/bumptech/photos/resize/ResizeJobGenerator.java",EXTRACT_AND_MOVE_OPERATION,"src/com/bumptech/photos/resize/ResizeJobGenerator.java; src/com/bumptech/photos/resize/Utils.java"
glide,2f75519799a09db2b467b202df6283fb2c636b3f,"src/com/bumptech/photos/view/ImagePresenter.java",EXTRACT_AND_MOVE_OPERATION,"src/com/bumptech/photos/view/ImagePresenter.java; src/com/bumptech/photos/view/ImagePresenter.java"
glide,2f75519799a09db2b467b202df6283fb2c636b3f,"src/com/bumptech/photos/view/assetpath/SimpleAssetPathConverter.java",EXTRACT_OPERATION,"src/com/bumptech/photos/view/assetpath/SimpleAssetPathConverter.java"
glide,2f75519799a09db2b467b202df6283fb2c636b3f,"src/com/bumptech/photos/view/loader/Approximate.java; src/com/bumptech/photos/view/loader/AsIs.java; src/com/bumptech/photos/view/loader/CenterCrop.java; src/com/bumptech/photos/view/loader/FitCenter.java",EXTRACT_SUPERCLASS,"src/com/bumptech/photos/view/loader/Approximate.java; src/com/bumptech/photos/view/loader/AsIs.java; src/com/bumptech/photos/view/loader/CenterCrop.java; src/com/bumptech/photos/view/loader/FitCenter.java; src/com/bumptech/photos/view/loader/PhotoManagerLoader.java"
glide,2f75519799a09db2b467b202df6283fb2c636b3f,"src/com/bumptech/photos/view/loader/ImageLoader.java",EXTRACT_CLASS,"src/com/bumptech/photos/view/loader/ImageLoader.java; src/com/bumptech/photos/view/loader/PhotoManagerLoader.java"
glide,c23e55e744febc38b831dd8956831180fb9b1cc1,"src/com/bumptech/photos/view/ImagePresenter.java",EXTRACT_OPERATION,"src/com/bumptech/photos/view/ImagePresenter.java"
glide,ef5b145fcd68bb3d4c216b29f0c0b820ab909aff,"src/com/bumptech/photos/view/ImagePresenter.java",EXTRACT_CLASS,"src/com/bumptech/photos/view/ImagePresenter.java; src/com/bumptech/photos/view/ImagePresenter.java"
glide,ef5b145fcd68bb3d4c216b29f0c0b820ab909aff,"src/com/bumptech/photos/view/ThumbImagePresenter.java",EXTRACT_CLASS,"src/com/bumptech/photos/view/ThumbImagePresenter.java; src/com/bumptech/photos/view/ThumbImagePresenter.java"
glide,ef5b145fcd68bb3d4c216b29f0c0b820ab909aff,"src/com/bumptech/photos/view/ImagePresenter.java",MOVE_OPERATION,"src/com/bumptech/photos/view/ImagePresenter.java"
glide,ef5b145fcd68bb3d4c216b29f0c0b820ab909aff,"src/com/bumptech/photos/view/ImagePresenter.java",MOVE_AND_RENAME_OPERATION,"src/com/bumptech/photos/view/ImagePresenter.java"
glide,d4c1098771750e5ba8fc6c3838c836524b42a81a,"src/com/bumptech/photos/view/AssetPresenter.java",EXTRACT_OPERATION,"src/com/bumptech/photos/view/AssetPresenter.java"
glide,2d8d67d75ae964474e108e3481ca4e4ce5cf08ea,"src/com/bumptech/photos/view/loader/ImageLoader.java",MOVE_OPERATION,"src/com/bumptech/photos/view/loader/ImageLoader.java"
glide,9d3bcff816a033b2a8f9f93ae8d338c570fdec15,"src/com/bumptech/photos/resize/Utils.java",EXTRACT_OPERATION,"src/com/bumptech/photos/resize/Utils.java"
glide,9d3bcff816a033b2a8f9f93ae8d338c570fdec15,"src/com/bumptech/photos/resize/Utils.java",EXTRACT_OPERATION,"src/com/bumptech/photos/resize/Utils.java"
glide,4cd65eb2366b162171d76f8df6dd47b9e13c8734,"src/com/bumptech/photos/PhotoManager.java",EXTRACT_OPERATION,"src/com/bumptech/photos/PhotoManager.java"
glide,5f788c90a6d69c917004fe50cc085f6cb4929bd8,"src/com/bumptech/photos/resize/PhotoStreamResizer.java",EXTRACT_AND_MOVE_OPERATION,"src/com/bumptech/photos/resize/PhotoStreamResizer.java; src/com/bumptech/photos/resize/Utils.java"
