projectName,SHA,Files Before ref,RefactoringType,files After
unomi,3827c24802d70cf69f80591198dafd5d8e49769b,"tools/shell-commands/src/main/java/org/apache/unomi/shell/services/internal/UnomiManagementServiceImpl.java",EXTRACT_OPERATION,"tools/shell-commands/src/main/java/org/apache/unomi/shell/services/internal/UnomiManagementServiceImpl.java"
unomi,3827c24802d70cf69f80591198dafd5d8e49769b,"tools/shell-commands/src/main/java/org/apache/unomi/shell/services/internal/UnomiManagementServiceImpl.java",EXTRACT_OPERATION,"tools/shell-commands/src/main/java/org/apache/unomi/shell/services/internal/UnomiManagementServiceImpl.java"
unomi,3827c24802d70cf69f80591198dafd5d8e49769b,"tools/shell-commands/src/main/java/org/apache/unomi/shell/services/internal/UnomiManagementServiceImpl.java",EXTRACT_OPERATION,"tools/shell-commands/src/main/java/org/apache/unomi/shell/services/internal/UnomiManagementServiceImpl.java"
unomi,3827c24802d70cf69f80591198dafd5d8e49769b,"tools/shell-commands/src/main/java/org/apache/unomi/shell/services/internal/UnomiManagementServiceImpl.java",EXTRACT_OPERATION,"tools/shell-commands/src/main/java/org/apache/unomi/shell/services/internal/UnomiManagementServiceImpl.java"
unomi,88bfdc188350ca39690c22dae4791b567fdcfb33,"plugins/baseplugin/src/main/java/org/apache/unomi/plugins/baseplugin/conditions/PastEventConditionESQueryBuilder.java; persistence-opensearch/conditions/src/main/java/org/apache/unomi/opensearch/conditions/PastEventConditionOSQueryBuilder.java",EXTRACT_INTERFACE,"persistence-elasticsearch/conditions/src/main/java/org/apache/unomi/persistence/elasticsearch/conditions/PastEventConditionESQueryBuilder.java; persistence-opensearch/conditions/src/main/java/org/apache/unomi/persistence/opensearch/conditions/PastEventConditionOSQueryBuilder.java; persistence-spi/src/main/java/org/apache/unomi/persistence/spi/conditions/PastEventConditionPersistenceQueryBuilder.java"
unomi,88bfdc188350ca39690c22dae4791b567fdcfb33,"plugins/baseplugin/src/main/java/org/apache/unomi/plugins/baseplugin/conditions/PropertyConditionEvaluator.java",MOVE_OPERATION,"persistence-spi/src/main/java/org/apache/unomi/persistence/spi/conditions/DateUtils.java"
unomi,9633313bd8be2598609e15c7e54a3616d703d6c6,"persistence-elasticsearch/core/src/main/java/org/apache/unomi/persistence/elasticsearch/conditions/ConditionEvaluatorDispatcher.java",EXTRACT_INTERFACE,"persistence-spi/src/main/java/org/apache/unomi/persistence/spi/conditions/ConditionEvaluatorDispatcherImpl.java; persistence-spi/src/main/java/org/apache/unomi/persistence/spi/conditions/ConditionEvaluatorDispatcher.java"
unomi,b33711b860488b7e9f5dd132ff07c55a9e2ba2e0,"tools/shell-dev-commands/src/main/java/org/apache/unomi/shell/commands/ProfileRemove.java; tools/shell-dev-commands/src/main/java/org/apache/unomi/shell/commands/RuleRemove.java; tools/shell-dev-commands/src/main/java/org/apache/unomi/shell/commands/SegmentRemove.java",EXTRACT_SUPERCLASS,"tools/shell-dev-commands/src/main/java/org/apache/unomi/shell/commands/ProfileRemove.java; tools/shell-dev-commands/src/main/java/org/apache/unomi/shell/commands/RuleRemove.java; tools/shell-dev-commands/src/main/java/org/apache/unomi/shell/commands/SegmentRemove.java; tools/shell-dev-commands/src/main/java/org/apache/unomi/shell/commands/RemoveCommandSupport.java"
unomi,cda7558926268a70c5d67ef865338fcb5ef8ccb1,"persistence-elasticsearch/core/src/main/java/org/apache/unomi/persistence/elasticsearch/ElasticSearchPersistenceServiceImpl.java",EXTRACT_OPERATION,"persistence-elasticsearch/core/src/main/java/org/apache/unomi/persistence/elasticsearch/ElasticSearchPersistenceServiceImpl.java"
unomi,cda7558926268a70c5d67ef865338fcb5ef8ccb1,"persistence-elasticsearch/core/src/main/java/org/apache/unomi/persistence/elasticsearch/ElasticSearchPersistenceServiceImpl.java",EXTRACT_OPERATION,"persistence-elasticsearch/core/src/main/java/org/apache/unomi/persistence/elasticsearch/ElasticSearchPersistenceServiceImpl.java"
unomi,cda7558926268a70c5d67ef865338fcb5ef8ccb1,"persistence-elasticsearch/core/src/main/java/org/apache/unomi/persistence/elasticsearch/ElasticSearchPersistenceServiceImpl.java",EXTRACT_OPERATION,"persistence-elasticsearch/core/src/main/java/org/apache/unomi/persistence/elasticsearch/ElasticSearchPersistenceServiceImpl.java"
unomi,1c2b78c0e7682e55ba11d37ac82e4e429f52b17b,"persistence-elasticsearch/core/src/main/java/org/apache/unomi/persistence/elasticsearch/ElasticSearchPersistenceServiceImpl.java",EXTRACT_OPERATION,"persistence-elasticsearch/core/src/main/java/org/apache/unomi/persistence/elasticsearch/ElasticSearchPersistenceServiceImpl.java"
unomi,1c2b78c0e7682e55ba11d37ac82e4e429f52b17b,"persistence-elasticsearch/core/src/main/java/org/apache/unomi/persistence/elasticsearch/ElasticSearchPersistenceServiceImpl.java",EXTRACT_OPERATION,"persistence-elasticsearch/core/src/main/java/org/apache/unomi/persistence/elasticsearch/ElasticSearchPersistenceServiceImpl.java"
unomi,1c2b78c0e7682e55ba11d37ac82e4e429f52b17b,"persistence-elasticsearch/core/src/main/java/org/apache/unomi/persistence/elasticsearch/ElasticSearchPersistenceServiceImpl.java",EXTRACT_OPERATION,"persistence-elasticsearch/core/src/main/java/org/apache/unomi/persistence/elasticsearch/ElasticSearchPersistenceServiceImpl.java"
unomi,64169942b2ca16ee4bd9d1a5cd2f047fd3c194d8,"itests/src/test/java/org/apache/unomi/itests/BaseIT.java",EXTRACT_OPERATION,"itests/src/test/java/org/apache/unomi/itests/BaseIT.java"
unomi,64169942b2ca16ee4bd9d1a5cd2f047fd3c194d8,"persistence-elasticsearch/core/src/main/java/org/apache/unomi/persistence/elasticsearch/ElasticSearchPersistenceServiceImpl.java",EXTRACT_OPERATION,"persistence-elasticsearch/core/src/main/java/org/apache/unomi/persistence/elasticsearch/ElasticSearchPersistenceServiceImpl.java"
unomi,64169942b2ca16ee4bd9d1a5cd2f047fd3c194d8,"persistence-elasticsearch/core/src/main/java/org/apache/unomi/persistence/elasticsearch/ElasticSearchPersistenceServiceImpl.java",EXTRACT_OPERATION,"persistence-elasticsearch/core/src/main/java/org/apache/unomi/persistence/elasticsearch/ElasticSearchPersistenceServiceImpl.java"
unomi,64169942b2ca16ee4bd9d1a5cd2f047fd3c194d8,"persistence-elasticsearch/core/src/main/java/org/apache/unomi/persistence/elasticsearch/ElasticSearchPersistenceServiceImpl.java",EXTRACT_OPERATION,"persistence-elasticsearch/core/src/main/java/org/apache/unomi/persistence/elasticsearch/ElasticSearchPersistenceServiceImpl.java"
unomi,f687569b4a46f8091932c404c8164124fc8baa74,"plugins/baseplugin/src/main/java/org/apache/unomi/plugins/baseplugin/actions/MergeProfilesOnPropertyAction.java",EXTRACT_OPERATION,"plugins/baseplugin/src/main/java/org/apache/unomi/plugins/baseplugin/actions/MergeProfilesOnPropertyAction.java"
unomi,f687569b4a46f8091932c404c8164124fc8baa74,"plugins/baseplugin/src/main/java/org/apache/unomi/plugins/baseplugin/actions/MergeProfilesOnPropertyAction.java",EXTRACT_OPERATION,"plugins/baseplugin/src/main/java/org/apache/unomi/plugins/baseplugin/actions/MergeProfilesOnPropertyAction.java"
unomi,f687569b4a46f8091932c404c8164124fc8baa74,"plugins/baseplugin/src/main/java/org/apache/unomi/plugins/baseplugin/actions/MergeProfilesOnPropertyAction.java",EXTRACT_OPERATION,"plugins/baseplugin/src/main/java/org/apache/unomi/plugins/baseplugin/actions/MergeProfilesOnPropertyAction.java"
unomi,f687569b4a46f8091932c404c8164124fc8baa74,"plugins/baseplugin/src/main/java/org/apache/unomi/plugins/baseplugin/actions/MergeProfilesOnPropertyAction.java",EXTRACT_OPERATION,"plugins/baseplugin/src/main/java/org/apache/unomi/plugins/baseplugin/actions/MergeProfilesOnPropertyAction.java"
unomi,10f90be860f1655c9216fef49a46cae047d63be5,"extensions/json-schema/services/src/main/java/org/apache/unomi/schema/impl/SchemaServiceImpl.java",EXTRACT_OPERATION,"extensions/json-schema/services/src/main/java/org/apache/unomi/schema/impl/SchemaServiceImpl.java"
unomi,0b8d96d082cedc32d14db35b73a35faabcda1373,"extensions/router/router-core/src/main/java/org/apache/unomi/router/core/context/RouterCamelContext.java",EXTRACT_OPERATION,"extensions/router/router-core/src/main/java/org/apache/unomi/router/core/context/RouterCamelContext.java"
unomi,0b8d96d082cedc32d14db35b73a35faabcda1373,"extensions/router/router-service/src/main/java/org/apache/unomi/router/services/ProfileExportServiceImpl.java",EXTRACT_OPERATION,"extensions/router/router-service/src/main/java/org/apache/unomi/router/services/ProfileExportServiceImpl.java"
unomi,e6e01b3ad9bb2642dea11b2d27fed024e7089114,"extensions/router/router-core/src/main/java/org/apache/unomi/router/core/context/RouterCamelContext.java",EXTRACT_OPERATION,"extensions/router/router-core/src/main/java/org/apache/unomi/router/core/context/RouterCamelContext.java"
unomi,e6e01b3ad9bb2642dea11b2d27fed024e7089114,"extensions/router/router-service/src/main/java/org/apache/unomi/router/services/ProfileExportServiceImpl.java",EXTRACT_OPERATION,"extensions/router/router-service/src/main/java/org/apache/unomi/router/services/ProfileExportServiceImpl.java"
unomi,fc0174374427fcf63d75f6656c68092fe01db722,"extensions/json-schema/services/src/main/java/org/apache/unomi/schema/impl/SchemaServiceImpl.java",EXTRACT_OPERATION,"extensions/json-schema/services/src/main/java/org/apache/unomi/schema/impl/SchemaServiceImpl.java"
unomi,fc0174374427fcf63d75f6656c68092fe01db722,"extensions/json-schema/services/src/main/java/org/apache/unomi/schema/impl/SchemaServiceImpl.java",EXTRACT_OPERATION,"extensions/json-schema/services/src/main/java/org/apache/unomi/schema/impl/SchemaServiceImpl.java"
unomi,385699a5cdb771ac8b70d8ea493f43a849b78f86,"plugins/baseplugin/src/main/java/org/apache/unomi/plugins/baseplugin/actions/MergeProfilesOnPropertyAction.java",EXTRACT_OPERATION,"plugins/baseplugin/src/main/java/org/apache/unomi/plugins/baseplugin/actions/MergeProfilesOnPropertyAction.java"
unomi,385699a5cdb771ac8b70d8ea493f43a849b78f86,"plugins/baseplugin/src/main/java/org/apache/unomi/plugins/baseplugin/actions/MergeProfilesOnPropertyAction.java",EXTRACT_OPERATION,"plugins/baseplugin/src/main/java/org/apache/unomi/plugins/baseplugin/actions/MergeProfilesOnPropertyAction.java"
unomi,f5eed2ccbe3b970ca91e1762e5a3e4722096fb9a,"persistence-elasticsearch/core/src/main/java/org/apache/unomi/persistence/elasticsearch/ElasticSearchPersistenceServiceImpl.java",EXTRACT_OPERATION,"persistence-elasticsearch/core/src/main/java/org/apache/unomi/persistence/elasticsearch/ElasticSearchPersistenceServiceImpl.java"
unomi,82d5406080eb39d5dbba39e77302f1e09832b7bb,"persistence-elasticsearch/core/src/main/java/org/apache/unomi/persistence/elasticsearch/ElasticSearchPersistenceServiceImpl.java",EXTRACT_OPERATION,"persistence-elasticsearch/core/src/main/java/org/apache/unomi/persistence/elasticsearch/ElasticSearchPersistenceServiceImpl.java"
unomi,82d5406080eb39d5dbba39e77302f1e09832b7bb,"services/src/main/java/org/apache/unomi/services/impl/profiles/ProfileServiceImpl.java",EXTRACT_OPERATION,"services/src/main/java/org/apache/unomi/services/impl/profiles/ProfileServiceImpl.java"
unomi,82d5406080eb39d5dbba39e77302f1e09832b7bb,"services/src/main/java/org/apache/unomi/services/impl/profiles/ProfileServiceImpl.java",EXTRACT_OPERATION,"services/src/main/java/org/apache/unomi/services/impl/profiles/ProfileServiceImpl.java"
unomi,9d1fc322279dc424c07a7c2a4dbd95e8098e94de,"persistence-elasticsearch/core/src/main/java/org/apache/unomi/persistence/elasticsearch/ElasticSearchPersistenceServiceImpl.java",EXTRACT_OPERATION,"persistence-elasticsearch/core/src/main/java/org/apache/unomi/persistence/elasticsearch/ElasticSearchPersistenceServiceImpl.java"
unomi,7feff5c5067ff679a079211d9f2eb989898efc75,"persistence-elasticsearch/core/src/main/java/org/apache/unomi/persistence/elasticsearch/ElasticSearchPersistenceServiceImpl.java",EXTRACT_OPERATION,"persistence-elasticsearch/core/src/main/java/org/apache/unomi/persistence/elasticsearch/ElasticSearchPersistenceServiceImpl.java"
unomi,7feff5c5067ff679a079211d9f2eb989898efc75,"persistence-elasticsearch/core/src/main/java/org/apache/unomi/persistence/elasticsearch/ElasticSearchPersistenceServiceImpl.java",EXTRACT_OPERATION,"persistence-elasticsearch/core/src/main/java/org/apache/unomi/persistence/elasticsearch/ElasticSearchPersistenceServiceImpl.java"
unomi,7feff5c5067ff679a079211d9f2eb989898efc75,"persistence-elasticsearch/core/src/main/java/org/apache/unomi/persistence/elasticsearch/ElasticSearchPersistenceServiceImpl.java",EXTRACT_OPERATION,"persistence-elasticsearch/core/src/main/java/org/apache/unomi/persistence/elasticsearch/ElasticSearchPersistenceServiceImpl.java"
unomi,7feff5c5067ff679a079211d9f2eb989898efc75,"persistence-elasticsearch/core/src/main/java/org/apache/unomi/persistence/elasticsearch/ElasticSearchPersistenceServiceImpl.java",EXTRACT_OPERATION,"persistence-elasticsearch/core/src/main/java/org/apache/unomi/persistence/elasticsearch/ElasticSearchPersistenceServiceImpl.java"
unomi,7feff5c5067ff679a079211d9f2eb989898efc75,"persistence-elasticsearch/core/src/main/java/org/apache/unomi/persistence/elasticsearch/ElasticSearchPersistenceServiceImpl.java",EXTRACT_OPERATION,"persistence-elasticsearch/core/src/main/java/org/apache/unomi/persistence/elasticsearch/ElasticSearchPersistenceServiceImpl.java"
unomi,7feff5c5067ff679a079211d9f2eb989898efc75,"persistence-elasticsearch/core/src/main/java/org/apache/unomi/persistence/elasticsearch/ElasticSearchPersistenceServiceImpl.java",EXTRACT_OPERATION,"persistence-elasticsearch/core/src/main/java/org/apache/unomi/persistence/elasticsearch/ElasticSearchPersistenceServiceImpl.java"
unomi,7feff5c5067ff679a079211d9f2eb989898efc75,"services/src/main/java/org/apache/unomi/services/impl/profiles/ProfileServiceImpl.java",EXTRACT_OPERATION,"services/src/main/java/org/apache/unomi/services/impl/profiles/ProfileServiceImpl.java"
unomi,220802c824ef6295918e77ef814f4072b36a0882,"graphql/cxs-impl/src/main/java/org/apache/unomi/graphql/condition/factories/ProfileConditionFactory.java",EXTRACT_OPERATION,"graphql/cxs-impl/src/main/java/org/apache/unomi/graphql/condition/factories/ProfileConditionFactory.java"
unomi,13df4736774a8485aed05dced8f2ed26ca14915b,"plugins/request/src/main/java/org/apache/unomi/plugins/request/useragent/UserAgentDetectorServiceImpl.java",EXTRACT_OPERATION,"plugins/request/src/main/java/org/apache/unomi/plugins/request/useragent/UserAgentDetectorServiceImpl.java"
unomi,cfc9c61d04a462287bcf30dce2b02f2db229871b,"plugins/request/src/main/java/org/apache/unomi/plugins/request/useragent/UserAgentDetectorServiceImpl.java",EXTRACT_OPERATION,"plugins/request/src/main/java/org/apache/unomi/plugins/request/useragent/UserAgentDetectorServiceImpl.java"
unomi,cb06fe3977c2a6135af688ca4dd1df216ad58c7c,"api/src/main/java/org/apache/unomi/api/Profile.java; api/src/main/java/org/apache/unomi/api/Session.java",EXTRACT_INTERFACE,"api/src/main/java/org/apache/unomi/api/Profile.java; api/src/main/java/org/apache/unomi/api/Session.java; api/src/main/java/org/apache/unomi/api/SystemPropertiesItem.java"
unomi,40130ee8d498ea07ffd1f8b40a1e38671f6197a1,"api/src/main/java/org/apache/unomi/api/Profile.java; api/src/main/java/org/apache/unomi/api/Session.java",EXTRACT_INTERFACE,"api/src/main/java/org/apache/unomi/api/Profile.java; api/src/main/java/org/apache/unomi/api/Session.java; api/src/main/java/org/apache/unomi/api/SystemPropertiesItem.java"
unomi,f37ed4ec889cf36aeb8014187df47e67699fe5da,"services/src/main/java/org/apache/unomi/services/impl/profiles/ProfileServiceImpl.java",EXTRACT_OPERATION,"services/src/main/java/org/apache/unomi/services/impl/profiles/ProfileServiceImpl.java"
unomi,f37ed4ec889cf36aeb8014187df47e67699fe5da,"services/src/main/java/org/apache/unomi/services/impl/profiles/ProfileServiceImpl.java",EXTRACT_OPERATION,"services/src/main/java/org/apache/unomi/services/impl/profiles/ProfileServiceImpl.java"
unomi,421d7fd407a32cd6f5117812647172a3e7251d16,"services/src/main/java/org/apache/unomi/services/impl/profiles/ProfileServiceImpl.java",EXTRACT_OPERATION,"services/src/main/java/org/apache/unomi/services/impl/profiles/ProfileServiceImpl.java"
unomi,421d7fd407a32cd6f5117812647172a3e7251d16,"services/src/main/java/org/apache/unomi/services/impl/profiles/ProfileServiceImpl.java",EXTRACT_OPERATION,"services/src/main/java/org/apache/unomi/services/impl/profiles/ProfileServiceImpl.java"
unomi,3cad03ec6f09272043a660797ee5c398660dfde8,"tools/shell-commands/src/main/java/org/apache/unomi/shell/migration/actions/Migrate.java",EXTRACT_CLASS,"tools/shell-commands/src/main/java/org/apache/unomi/shell/migration/actions/Migrate.java; tools/shell-commands/src/main/java/org/apache/unomi/shell/migration/service/MigrationServiceImpl.java"
unomi,3cad03ec6f09272043a660797ee5c398660dfde8,"tools/shell-commands/src/main/java/org/apache/unomi/shell/migration/actions/Migrate.java",MOVE_OPERATION,"tools/shell-commands/src/main/java/org/apache/unomi/shell/migration/service/MigrationServiceImpl.java"
unomi,3cad03ec6f09272043a660797ee5c398660dfde8,"tools/shell-commands/src/main/java/org/apache/unomi/shell/migration/actions/Migrate.java",MOVE_OPERATION,"tools/shell-commands/src/main/java/org/apache/unomi/shell/migration/service/MigrationServiceImpl.java"
unomi,3cad03ec6f09272043a660797ee5c398660dfde8,"tools/shell-commands/src/main/java/org/apache/unomi/shell/migration/actions/Migrate.java",MOVE_OPERATION,"tools/shell-commands/src/main/java/org/apache/unomi/shell/migration/service/MigrationServiceImpl.java"
unomi,3cad03ec6f09272043a660797ee5c398660dfde8,"tools/shell-commands/src/main/java/org/apache/unomi/shell/migration/utils/ConsoleUtils.java",MOVE_OPERATION,"tools/shell-commands/src/main/java/org/apache/unomi/shell/migration/service/MigrationContext.java"
unomi,3cad03ec6f09272043a660797ee5c398660dfde8,"tools/shell-commands/src/main/java/org/apache/unomi/shell/migration/utils/ConsoleUtils.java",MOVE_OPERATION,"tools/shell-commands/src/main/java/org/apache/unomi/shell/migration/service/MigrationContext.java"
unomi,3cad03ec6f09272043a660797ee5c398660dfde8,"tools/shell-commands/src/main/java/org/apache/unomi/shell/migration/utils/ConsoleUtils.java",MOVE_OPERATION,"tools/shell-commands/src/main/java/org/apache/unomi/shell/migration/service/MigrationContext.java"
unomi,3cad03ec6f09272043a660797ee5c398660dfde8,"tools/shell-commands/src/main/java/org/apache/unomi/shell/migration/utils/ConsoleUtils.java",MOVE_OPERATION,"tools/shell-commands/src/main/java/org/apache/unomi/shell/migration/service/MigrationContext.java"
unomi,3cad03ec6f09272043a660797ee5c398660dfde8,"tools/shell-commands/src/main/java/org/apache/unomi/shell/migration/utils/ConsoleUtils.java",MOVE_OPERATION,"tools/shell-commands/src/main/java/org/apache/unomi/shell/migration/service/MigrationContext.java"
unomi,3cad03ec6f09272043a660797ee5c398660dfde8,"tools/shell-commands/src/main/java/org/apache/unomi/shell/migration/actions/Migrate.java",MOVE_OPERATION,"tools/shell-commands/src/main/java/org/apache/unomi/shell/migration/service/MigrationServiceImpl.java"
unomi,3cad03ec6f09272043a660797ee5c398660dfde8,"tools/shell-commands/src/main/java/org/apache/unomi/shell/migration/actions/Migrate.java",MOVE_OPERATION,"tools/shell-commands/src/main/java/org/apache/unomi/shell/migration/service/MigrationServiceImpl.java"
unomi,3cad03ec6f09272043a660797ee5c398660dfde8,"tools/shell-commands/src/main/java/org/apache/unomi/shell/migration/actions/Migrate.java",MOVE_OPERATION,"tools/shell-commands/src/main/java/org/apache/unomi/shell/migration/service/MigrationServiceImpl.java"
unomi,63d4f6280ccd135520adbd391db58d7718b289b6,"rest/src/main/java/org/apache/unomi/rest/endpoints/ContextJsonEndpoint.java",MOVE_OPERATION,"rest/src/main/java/org/apache/unomi/rest/service/impl/RestServiceUtilsImpl.java"
unomi,63d4f6280ccd135520adbd391db58d7718b289b6,"rest/src/main/java/org/apache/unomi/utils/Changes.java",MOVE_OPERATION,"rest/src/main/java/org/apache/unomi/utils/EventsRequestContext.java"
unomi,63d4f6280ccd135520adbd391db58d7718b289b6,"rest/src/main/java/org/apache/unomi/utils/Changes.java",MOVE_OPERATION,"rest/src/main/java/org/apache/unomi/utils/EventsRequestContext.java"
unomi,53cf447177ffb78dd487b85db72c95216de95058,"tools/shell-commands/src/main/java/org/apache/unomi/shell/migration/actions/Migrate.java",EXTRACT_CLASS,"tools/shell-commands/src/main/java/org/apache/unomi/shell/migration/actions/Migrate.java; tools/shell-commands/src/main/java/org/apache/unomi/shell/migration/MigrationConfig.java"
unomi,b00fbf2c63cb88ba448b538679fd568fb8028b9c,"tools/shell-commands/src/main/java/org/apache/unomi/shell/migration/actions/Migrate.java",EXTRACT_OPERATION,"tools/shell-commands/src/main/java/org/apache/unomi/shell/migration/actions/Migrate.java"
unomi,b00fbf2c63cb88ba448b538679fd568fb8028b9c,"tools/shell-commands/src/main/java/org/apache/unomi/shell/migration/impl/MigrationTo200.java",MOVE_OPERATION,"tools/shell-commands/src/main/java/org/apache/unomi/shell/migration/utils/MigrationUtils.java"
unomi,1a2140b20cf1218c051224c9cfa61f418020c7c6,"itests/src/test/java/org/apache/unomi/itests/graphql/BaseGraphQLIT.java",EXTRACT_OPERATION,"itests/src/test/java/org/apache/unomi/itests/graphql/BaseGraphQLIT.java"
unomi,787fa25cef77ae127bb17b29e409731b525cdc4d,"lifecycle-watcher/src/main/java/org/apache/unomi/lifecycle/BundleWatcherImpl.java",EXTRACT_OPERATION,"lifecycle-watcher/src/main/java/org/apache/unomi/lifecycle/BundleWatcherImpl.java"
unomi,787fa25cef77ae127bb17b29e409731b525cdc4d,"lifecycle-watcher/src/main/java/org/apache/unomi/lifecycle/BundleWatcherImpl.java",EXTRACT_OPERATION,"lifecycle-watcher/src/main/java/org/apache/unomi/lifecycle/BundleWatcherImpl.java"
unomi,787fa25cef77ae127bb17b29e409731b525cdc4d,"lifecycle-watcher/src/main/java/org/apache/unomi/lifecycle/BundleWatcherImpl.java",EXTRACT_OPERATION,"lifecycle-watcher/src/main/java/org/apache/unomi/lifecycle/BundleWatcherImpl.java"
unomi,787fa25cef77ae127bb17b29e409731b525cdc4d,"lifecycle-watcher/src/main/java/org/apache/unomi/lifecycle/BundleWatcherImpl.java",EXTRACT_OPERATION,"lifecycle-watcher/src/main/java/org/apache/unomi/lifecycle/BundleWatcherImpl.java"
unomi,787fa25cef77ae127bb17b29e409731b525cdc4d,"lifecycle-watcher/src/main/java/org/apache/unomi/lifecycle/BundleWatcherImpl.java",EXTRACT_OPERATION,"lifecycle-watcher/src/main/java/org/apache/unomi/lifecycle/BundleWatcherImpl.java"
unomi,787fa25cef77ae127bb17b29e409731b525cdc4d,"lifecycle-watcher/src/main/java/org/apache/unomi/lifecycle/BundleWatcherImpl.java",EXTRACT_OPERATION,"lifecycle-watcher/src/main/java/org/apache/unomi/lifecycle/BundleWatcherImpl.java"
unomi,da80579b12fa6ee596ceb97826aec22e8edd5935,"tools/shell-commands/src/main/java/org/apache/unomi/shell/migration/impl/MigrationTo200.java",EXTRACT_OPERATION,"tools/shell-commands/src/main/java/org/apache/unomi/shell/migration/impl/MigrationTo200.java"
unomi,dcc6cd8d24fa55edb3b2c745f27ed744289e4f88,"extensions/json-schema/services/src/main/java/org/apache/unomi/schema/impl/SchemaServiceImpl.java",EXTRACT_OPERATION,"extensions/json-schema/services/src/main/java/org/apache/unomi/schema/impl/SchemaServiceImpl.java"
unomi,dcc6cd8d24fa55edb3b2c745f27ed744289e4f88,"extensions/json-schema/services/src/main/java/org/apache/unomi/schema/impl/SchemaServiceImpl.java",EXTRACT_OPERATION,"extensions/json-schema/services/src/main/java/org/apache/unomi/schema/impl/SchemaServiceImpl.java"
unomi,47141cb62827f0643d7b6b64c5581c0972a248af,"itests/src/test/java/org/apache/unomi/itests/BaseIT.java",EXTRACT_OPERATION,"itests/src/test/java/org/apache/unomi/itests/BaseIT.java"
unomi,47141cb62827f0643d7b6b64c5581c0972a248af,"services/src/main/java/org/apache/unomi/services/impl/schemas/SchemaRegistryImpl.java",EXTRACT_OPERATION,"services/src/main/java/org/apache/unomi/services/impl/schemas/SchemaRegistryImpl.java"
unomi,47141cb62827f0643d7b6b64c5581c0972a248af,"services/src/main/java/org/apache/unomi/services/impl/schemas/SchemaRegistryImpl.java",EXTRACT_CLASS,"services/src/main/java/org/apache/unomi/services/impl/schemas/SchemaRegistryImpl.java; services/src/main/java/org/apache/unomi/services/listener/JsonSchemaListener.java"
unomi,47141cb62827f0643d7b6b64c5581c0972a248af,"services/src/main/java/org/apache/unomi/services/impl/schemas/SchemaRegistryImpl.java",MOVE_OPERATION,"services/src/main/java/org/apache/unomi/services/listener/JsonSchemaListener.java"
unomi,47141cb62827f0643d7b6b64c5581c0972a248af,"services/src/main/java/org/apache/unomi/services/impl/schemas/SchemaRegistryImpl.java",MOVE_OPERATION,"services/src/main/java/org/apache/unomi/services/listener/JsonSchemaListener.java"
unomi,47141cb62827f0643d7b6b64c5581c0972a248af,"services/src/main/java/org/apache/unomi/services/impl/schemas/SchemaRegistryImpl.java",MOVE_OPERATION,"services/src/main/java/org/apache/unomi/services/listener/JsonSchemaListener.java"
unomi,47141cb62827f0643d7b6b64c5581c0972a248af,"services/src/main/java/org/apache/unomi/services/impl/schemas/SchemaRegistryImpl.java",MOVE_OPERATION,"services/src/main/java/org/apache/unomi/services/listener/JsonSchemaListener.java"
unomi,b9f161c68e2bc2b4385ab3d933d34ffda5f4099b,"extensions/privacy-extension/services/src/main/java/org/apache/unomi/privacy/internal/PrivacyServiceImpl.java",EXTRACT_OPERATION,"extensions/privacy-extension/services/src/main/java/org/apache/unomi/privacy/internal/PrivacyServiceImpl.java"
unomi,bd8e8527429b4e76b343041fecf6984af862a699,"services/src/main/java/org/apache/unomi/services/impl/schemas/SchemaRegistryImpl.java",EXTRACT_OPERATION,"services/src/main/java/org/apache/unomi/services/impl/schemas/SchemaRegistryImpl.java"
unomi,bd8e8527429b4e76b343041fecf6984af862a699,"api/src/main/java/org/apache/unomi/api/SchemaType.java",EXTRACT_SUPERCLASS,"api/src/main/java/org/apache/unomi/api/schema/json/JSONSchema.java; api/src/main/java/org/apache/unomi/api/schema/json/JSONType.java"
unomi,bd8e8527429b4e76b343041fecf6984af862a699,"api/src/main/java/org/apache/unomi/api/EventType.java",EXTRACT_CLASS,"graphql/cxs-impl/src/main/java/org/apache/unomi/graphql/schema/GraphQLSchemaProvider.java; api/src/main/java/org/apache/unomi/api/schema/json/JSONType.java"
unomi,bd8e8527429b4e76b343041fecf6984af862a699,"api/src/main/java/org/apache/unomi/api/EventType.java",MOVE_OPERATION,"api/src/main/java/org/apache/unomi/api/schema/json/JSONType.java"
unomi,bd8e8527429b4e76b343041fecf6984af862a699,"api/src/main/java/org/apache/unomi/api/EventType.java",MOVE_OPERATION,"api/src/main/java/org/apache/unomi/api/schema/json/JSONType.java"
unomi,15f5c3b7cbce14c5f933564f20189fb2366ef20e,"itests/src/test/java/org/apache/unomi/itests/BaseIT.java",EXTRACT_OPERATION,"itests/src/test/java/org/apache/unomi/itests/BaseIT.java"
unomi,15f5c3b7cbce14c5f933564f20189fb2366ef20e,"services/src/main/java/org/apache/unomi/services/impl/schemas/SchemaRegistryImpl.java",EXTRACT_OPERATION,"services/src/main/java/org/apache/unomi/services/impl/schemas/SchemaRegistryImpl.java"
unomi,15f5c3b7cbce14c5f933564f20189fb2366ef20e,"services/src/main/java/org/apache/unomi/services/impl/schemas/SchemaRegistryImpl.java",EXTRACT_CLASS,"services/src/main/java/org/apache/unomi/services/impl/schemas/SchemaRegistryImpl.java; services/src/main/java/org/apache/unomi/services/listener/JsonSchemaListener.java"
unomi,15f5c3b7cbce14c5f933564f20189fb2366ef20e,"services/src/main/java/org/apache/unomi/services/impl/schemas/SchemaRegistryImpl.java",MOVE_OPERATION,"services/src/main/java/org/apache/unomi/services/listener/JsonSchemaListener.java"
unomi,15f5c3b7cbce14c5f933564f20189fb2366ef20e,"services/src/main/java/org/apache/unomi/services/impl/schemas/SchemaRegistryImpl.java",MOVE_OPERATION,"services/src/main/java/org/apache/unomi/services/listener/JsonSchemaListener.java"
unomi,15f5c3b7cbce14c5f933564f20189fb2366ef20e,"services/src/main/java/org/apache/unomi/services/impl/schemas/SchemaRegistryImpl.java",MOVE_OPERATION,"services/src/main/java/org/apache/unomi/services/listener/JsonSchemaListener.java"
unomi,15f5c3b7cbce14c5f933564f20189fb2366ef20e,"services/src/main/java/org/apache/unomi/services/impl/schemas/SchemaRegistryImpl.java",MOVE_OPERATION,"services/src/main/java/org/apache/unomi/services/listener/JsonSchemaListener.java"
unomi,0cf8420e75db1998a6ef02ca67983584f18e4c29,"extensions/privacy-extension/services/src/main/java/org/apache/unomi/privacy/internal/PrivacyServiceImpl.java",EXTRACT_OPERATION,"extensions/privacy-extension/services/src/main/java/org/apache/unomi/privacy/internal/PrivacyServiceImpl.java"
unomi,4802e8e3c6b21abfb8c79c442e8c24226edd0ae6,"services/src/main/java/org/apache/unomi/services/impl/schemas/SchemaRegistryImpl.java",EXTRACT_OPERATION,"services/src/main/java/org/apache/unomi/services/impl/schemas/SchemaRegistryImpl.java"
unomi,4802e8e3c6b21abfb8c79c442e8c24226edd0ae6,"api/src/main/java/org/apache/unomi/api/SchemaType.java",EXTRACT_SUPERCLASS,"api/src/main/java/org/apache/unomi/api/schema/json/JSONSchema.java; api/src/main/java/org/apache/unomi/api/schema/json/JSONType.java"
unomi,4802e8e3c6b21abfb8c79c442e8c24226edd0ae6,"api/src/main/java/org/apache/unomi/api/EventType.java",EXTRACT_CLASS,"graphql/cxs-impl/src/main/java/org/apache/unomi/graphql/schema/GraphQLSchemaProvider.java; api/src/main/java/org/apache/unomi/api/schema/json/JSONType.java"
unomi,4802e8e3c6b21abfb8c79c442e8c24226edd0ae6,"api/src/main/java/org/apache/unomi/api/EventType.java",MOVE_OPERATION,"api/src/main/java/org/apache/unomi/api/schema/json/JSONType.java"
unomi,4802e8e3c6b21abfb8c79c442e8c24226edd0ae6,"api/src/main/java/org/apache/unomi/api/EventType.java",MOVE_OPERATION,"api/src/main/java/org/apache/unomi/api/schema/json/JSONType.java"
unomi,2be54ff6cb358ab994a991cb1e88d46405445cf8,"plugins/baseplugin/src/main/java/org/apache/unomi/plugins/baseplugin/conditions/PastEventConditionESQueryBuilder.java",EXTRACT_OPERATION,"plugins/baseplugin/src/main/java/org/apache/unomi/plugins/baseplugin/conditions/PastEventConditionESQueryBuilder.java"
unomi,2be54ff6cb358ab994a991cb1e88d46405445cf8,"plugins/baseplugin/src/main/java/org/apache/unomi/plugins/baseplugin/conditions/PastEventConditionESQueryBuilder.java",EXTRACT_OPERATION,"plugins/baseplugin/src/main/java/org/apache/unomi/plugins/baseplugin/conditions/PastEventConditionESQueryBuilder.java"
unomi,2be54ff6cb358ab994a991cb1e88d46405445cf8,"plugins/baseplugin/src/main/java/org/apache/unomi/plugins/baseplugin/conditions/PastEventConditionESQueryBuilder.java",EXTRACT_OPERATION,"plugins/baseplugin/src/main/java/org/apache/unomi/plugins/baseplugin/conditions/PastEventConditionESQueryBuilder.java"
unomi,2be54ff6cb358ab994a991cb1e88d46405445cf8,"plugins/baseplugin/src/main/java/org/apache/unomi/plugins/baseplugin/conditions/PastEventConditionESQueryBuilder.java",EXTRACT_OPERATION,"plugins/baseplugin/src/main/java/org/apache/unomi/plugins/baseplugin/conditions/PastEventConditionESQueryBuilder.java"
unomi,2be54ff6cb358ab994a991cb1e88d46405445cf8,"plugins/baseplugin/src/main/java/org/apache/unomi/plugins/baseplugin/conditions/PastEventConditionESQueryBuilder.java",EXTRACT_OPERATION,"plugins/baseplugin/src/main/java/org/apache/unomi/plugins/baseplugin/conditions/PastEventConditionESQueryBuilder.java"
unomi,0b3b466fdf44a0bf3a71ca9e35523d1058efd93a,"plugins/baseplugin/src/main/java/org/apache/unomi/plugins/baseplugin/conditions/PastEventConditionESQueryBuilder.java",EXTRACT_OPERATION,"plugins/baseplugin/src/main/java/org/apache/unomi/plugins/baseplugin/conditions/PastEventConditionESQueryBuilder.java"
unomi,0b3b466fdf44a0bf3a71ca9e35523d1058efd93a,"plugins/baseplugin/src/main/java/org/apache/unomi/plugins/baseplugin/conditions/PastEventConditionESQueryBuilder.java",EXTRACT_OPERATION,"plugins/baseplugin/src/main/java/org/apache/unomi/plugins/baseplugin/conditions/PastEventConditionESQueryBuilder.java"
unomi,0b3b466fdf44a0bf3a71ca9e35523d1058efd93a,"plugins/baseplugin/src/main/java/org/apache/unomi/plugins/baseplugin/conditions/PastEventConditionESQueryBuilder.java",EXTRACT_OPERATION,"plugins/baseplugin/src/main/java/org/apache/unomi/plugins/baseplugin/conditions/PastEventConditionESQueryBuilder.java"
unomi,0b3b466fdf44a0bf3a71ca9e35523d1058efd93a,"plugins/baseplugin/src/main/java/org/apache/unomi/plugins/baseplugin/conditions/PastEventConditionESQueryBuilder.java",EXTRACT_OPERATION,"plugins/baseplugin/src/main/java/org/apache/unomi/plugins/baseplugin/conditions/PastEventConditionESQueryBuilder.java"
unomi,0b3b466fdf44a0bf3a71ca9e35523d1058efd93a,"plugins/baseplugin/src/main/java/org/apache/unomi/plugins/baseplugin/conditions/PastEventConditionESQueryBuilder.java",EXTRACT_OPERATION,"plugins/baseplugin/src/main/java/org/apache/unomi/plugins/baseplugin/conditions/PastEventConditionESQueryBuilder.java"
unomi,98ede6af69706f33f6c78146e415f867aadd9d92,"plugins/baseplugin/src/main/java/org/apache/unomi/plugins/baseplugin/actions/SetPropertyAction.java",EXTRACT_OPERATION,"plugins/baseplugin/src/main/java/org/apache/unomi/plugins/baseplugin/actions/SetPropertyAction.java"
unomi,1b3704e39c6598f43c406d8941ca6b2e8edaf0f5,"plugins/baseplugin/src/main/java/org/apache/unomi/plugins/baseplugin/actions/SetPropertyAction.java",EXTRACT_OPERATION,"plugins/baseplugin/src/main/java/org/apache/unomi/plugins/baseplugin/actions/SetPropertyAction.java"
unomi,45fe9aad4e8537d61dc67ec77f60eef4b09464fc,"plugins/baseplugin/src/main/java/org/apache/unomi/plugins/baseplugin/conditions/PropertyConditionEvaluator.java",EXTRACT_OPERATION,"plugins/baseplugin/src/main/java/org/apache/unomi/plugins/baseplugin/conditions/PropertyConditionEvaluator.java"
unomi,64281306c770c710ec737f64ece7332f54e91cd5,"persistence-elasticsearch/core/src/main/java/org/apache/unomi/persistence/elasticsearch/ElasticSearchPersistenceServiceImpl.java",EXTRACT_OPERATION,"persistence-elasticsearch/core/src/main/java/org/apache/unomi/persistence/elasticsearch/ElasticSearchPersistenceServiceImpl.java"
unomi,64281306c770c710ec737f64ece7332f54e91cd5,"persistence-elasticsearch/core/src/main/java/org/apache/unomi/persistence/elasticsearch/ElasticSearchPersistenceServiceImpl.java",EXTRACT_OPERATION,"persistence-elasticsearch/core/src/main/java/org/apache/unomi/persistence/elasticsearch/ElasticSearchPersistenceServiceImpl.java"
unomi,64281306c770c710ec737f64ece7332f54e91cd5,"persistence-elasticsearch/core/src/main/java/org/apache/unomi/persistence/elasticsearch/ElasticSearchPersistenceServiceImpl.java",EXTRACT_OPERATION,"persistence-elasticsearch/core/src/main/java/org/apache/unomi/persistence/elasticsearch/ElasticSearchPersistenceServiceImpl.java"
unomi,64281306c770c710ec737f64ece7332f54e91cd5,"services/src/main/java/org/apache/unomi/services/actions/impl/ActionExecutorDispatcherImpl.java",MOVE_OPERATION,"api/src/main/java/org/apache/unomi/api/utils/ParserHelper.java"
unomi,64281306c770c710ec737f64ece7332f54e91cd5,"services/src/main/java/org/apache/unomi/services/actions/impl/ActionExecutorDispatcherImpl.java",MOVE_OPERATION,"api/src/main/java/org/apache/unomi/api/utils/ParserHelper.java"
unomi,64281306c770c710ec737f64ece7332f54e91cd5,"services/src/main/java/org/apache/unomi/services/actions/impl/ActionExecutorDispatcherImpl.java",MOVE_OPERATION,"api/src/main/java/org/apache/unomi/api/utils/ParserHelper.java"
unomi,05f2547b91134bda41059db021740e9444f5fb73,"persistence-elasticsearch/core/src/main/java/org/apache/unomi/persistence/elasticsearch/ElasticSearchPersistenceServiceImpl.java",EXTRACT_OPERATION,"persistence-elasticsearch/core/src/main/java/org/apache/unomi/persistence/elasticsearch/ElasticSearchPersistenceServiceImpl.java"
unomi,27c280f16cb9a2f33cd0aaee26255003955802c7,"persistence-elasticsearch/core/src/main/java/org/apache/unomi/persistence/elasticsearch/ElasticSearchPersistenceServiceImpl.java",EXTRACT_OPERATION,"persistence-elasticsearch/core/src/main/java/org/apache/unomi/persistence/elasticsearch/ElasticSearchPersistenceServiceImpl.java"
unomi,b39e1e25aeeea336d8ed30eaa96ac8f67a46d1e0,"extensions/groovy-actions/services/src/main/java/org/apache/unomi/groovy/actions/GroovyActionDispatcher.java",MOVE_OPERATION,"services/src/main/java/org/apache/unomi/services/actions/impl/ActionExecutorDispatcherImpl.java"
unomi,7c4322ad8baecce398df0b24db4a9dbdd15e325b,"extensions/groovy-actions/services/src/main/java/org/apache/unomi/groovy/actions/GroovyActionDispatcher.java",MOVE_OPERATION,"services/src/main/java/org/apache/unomi/services/actions/impl/ActionExecutorDispatcherImpl.java"
unomi,7e24dd667fa427d3b332e9448d2d5bb17cd87a71,"services/src/main/java/org/apache/unomi/services/impl/segments/SegmentServiceImpl.java",EXTRACT_OPERATION,"services/src/main/java/org/apache/unomi/services/impl/segments/SegmentServiceImpl.java"
unomi,192119961f23fe986193ca30321ecef34e5e0d93,"services/src/main/java/org/apache/unomi/services/impl/segments/SegmentServiceImpl.java",EXTRACT_OPERATION,"services/src/main/java/org/apache/unomi/services/impl/segments/SegmentServiceImpl.java"
unomi,1d0322d388c25f55a0c5f02af0d802963df03997,"extensions/groovy-actions/services/src/main/java/org/apache/unomi/services/actions/groovy/GroovyActionDispatcher.java",EXTRACT_CLASS,"extensions/groovy-actions/services/src/main/java/org/apache/unomi/groovy/actions/listener/GroovyActionListener.java; extensions/groovy-actions/services/src/main/java/org/apache/unomi/groovy/actions/GroovyActionDispatcher.java"
unomi,1d0322d388c25f55a0c5f02af0d802963df03997,"extensions/groovy-actions/services/src/main/java/org/apache/unomi/services/actions/groovy/GroovyActionDispatcher.java",MOVE_OPERATION,"extensions/groovy-actions/services/src/main/java/org/apache/unomi/groovy/actions/GroovyActionDispatcher.java"
unomi,1d0322d388c25f55a0c5f02af0d802963df03997,"extensions/groovy-actions/services/src/main/java/org/apache/unomi/services/actions/groovy/GroovyActionDispatcher.java",MOVE_OPERATION,"extensions/groovy-actions/services/src/main/java/org/apache/unomi/groovy/actions/GroovyActionDispatcher.java"
unomi,1d0322d388c25f55a0c5f02af0d802963df03997,"extensions/groovy-actions/services/src/main/java/org/apache/unomi/services/actions/groovy/GroovyAction.java",MOVE_OPERATION,"extensions/groovy-actions/services/src/main/java/org/apache/unomi/groovy/actions/GroovyAction.java"
unomi,6e83fb2fe697e839d00a7fc462d637218c8509a8,"extensions/groovy-actions/services/src/main/java/org/apache/unomi/services/actions/groovy/GroovyActionDispatcher.java",EXTRACT_CLASS,"extensions/groovy-actions/services/src/main/java/org/apache/unomi/groovy/actions/listener/GroovyActionListener.java; extensions/groovy-actions/services/src/main/java/org/apache/unomi/groovy/actions/GroovyActionDispatcher.java"
unomi,6e83fb2fe697e839d00a7fc462d637218c8509a8,"extensions/groovy-actions/services/src/main/java/org/apache/unomi/services/actions/groovy/GroovyActionDispatcher.java",MOVE_OPERATION,"extensions/groovy-actions/services/src/main/java/org/apache/unomi/groovy/actions/GroovyActionDispatcher.java"
unomi,6e83fb2fe697e839d00a7fc462d637218c8509a8,"extensions/groovy-actions/services/src/main/java/org/apache/unomi/services/actions/groovy/GroovyActionDispatcher.java",MOVE_OPERATION,"extensions/groovy-actions/services/src/main/java/org/apache/unomi/groovy/actions/GroovyActionDispatcher.java"
unomi,6e83fb2fe697e839d00a7fc462d637218c8509a8,"extensions/groovy-actions/services/src/main/java/org/apache/unomi/services/actions/groovy/GroovyAction.java",MOVE_OPERATION,"extensions/groovy-actions/services/src/main/java/org/apache/unomi/groovy/actions/GroovyAction.java"
unomi,196693c2a0c4c888eec22eabb1c2d512bbc27ae1,"services/src/main/java/org/apache/unomi/services/impl/rules/RulesServiceImpl.java",EXTRACT_OPERATION,"services/src/main/java/org/apache/unomi/services/impl/rules/RulesServiceImpl.java"
unomi,79349d3968f830edb9e5022e7bb69e0b3cc48669,"services/src/main/java/org/apache/unomi/services/impl/rules/RulesServiceImpl.java",EXTRACT_OPERATION,"services/src/main/java/org/apache/unomi/services/impl/rules/RulesServiceImpl.java"
unomi,679263a5af3b325e346035d5ccfc4e21a989f66d,"plugins/baseplugin/src/main/java/org/apache/unomi/plugins/baseplugin/conditions/PropertyConditionEvaluator.java",EXTRACT_OPERATION,"plugins/baseplugin/src/main/java/org/apache/unomi/plugins/baseplugin/conditions/PropertyConditionEvaluator.java"
unomi,575e9fc2229af23c93f5b11c6d293c39724157f4,"itests/src/test/java/org/apache/unomi/itests/InputValidationIT.java",EXTRACT_OPERATION,"itests/src/test/java/org/apache/unomi/itests/InputValidationIT.java"
unomi,575e9fc2229af23c93f5b11c6d293c39724157f4,"itests/src/test/java/org/apache/unomi/itests/InputValidationIT.java",EXTRACT_OPERATION,"itests/src/test/java/org/apache/unomi/itests/InputValidationIT.java"
unomi,24372e34f13e0e44ac4eafb2253b87236ef82f4f,"itests/src/test/java/org/apache/unomi/itests/InputValidationIT.java",EXTRACT_OPERATION,"itests/src/test/java/org/apache/unomi/itests/InputValidationIT.java"
unomi,24372e34f13e0e44ac4eafb2253b87236ef82f4f,"itests/src/test/java/org/apache/unomi/itests/InputValidationIT.java",EXTRACT_OPERATION,"itests/src/test/java/org/apache/unomi/itests/InputValidationIT.java"
unomi,dced6882521c7102df0af58477afb953ae355f36,"itests/src/test/java/org/apache/unomi/itests/tools/httpclient/HttpClientThatWaitsForUnomi.java",EXTRACT_OPERATION,"itests/src/test/java/org/apache/unomi/itests/tools/httpclient/HttpClientThatWaitsForUnomi.java"
unomi,0cd576df5b44b05e502a8adc85c1a4ee9dc23ffd,"rest/src/main/java/org/apache/unomi/utils/ServletCommon.java",MOVE_OPERATION,"rest/src/main/java/org/apache/unomi/rest/service/impl/RestServiceUtilsImpl.java"
unomi,0cd576df5b44b05e502a8adc85c1a4ee9dc23ffd,"rest/src/main/java/org/apache/unomi/utils/ServletCommon.java",MOVE_OPERATION,"rest/src/main/java/org/apache/unomi/rest/service/impl/RestServiceUtilsImpl.java"
unomi,a29b2603611dfb930c2fac214c709abee6949737,"rest/src/main/java/org/apache/unomi/utils/ServletCommon.java",MOVE_OPERATION,"rest/src/main/java/org/apache/unomi/rest/service/impl/RestServiceUtilsImpl.java"
unomi,a29b2603611dfb930c2fac214c709abee6949737,"rest/src/main/java/org/apache/unomi/utils/ServletCommon.java",MOVE_OPERATION,"rest/src/main/java/org/apache/unomi/rest/service/impl/RestServiceUtilsImpl.java"
unomi,416c4725a34d514e493cf810b0a0d4f6e93d14b2,"services/src/main/java/org/apache/unomi/services/actions/ActionExecutorDispatcher.java",EXTRACT_OPERATION,"services/src/main/java/org/apache/unomi/services/actions/ActionExecutorDispatcher.java"
unomi,486aff8571694a9b57118fcb3425fa4f97cb0da3,"services/src/main/java/org/apache/unomi/services/actions/ActionExecutorDispatcher.java",EXTRACT_OPERATION,"services/src/main/java/org/apache/unomi/services/actions/ActionExecutorDispatcher.java"
unomi,6ea2df3096b608fdcbf396e1f4438d26eb538daf,"wab/src/main/java/org/apache/unomi/web/ContextServlet.java",MOVE_OPERATION,"rest/src/main/java/org/apache/unomi/rest/ContextJsonEndpoint.java"
unomi,8149e9c1fa73ba62eabd55e810028af293d0c8cc,"persistence-elasticsearch/core/src/main/java/org/apache/unomi/persistence/elasticsearch/ElasticSearchPersistenceServiceImpl.java",EXTRACT_OPERATION,"persistence-elasticsearch/core/src/main/java/org/apache/unomi/persistence/elasticsearch/ElasticSearchPersistenceServiceImpl.java"
unomi,8149e9c1fa73ba62eabd55e810028af293d0c8cc,"services/src/main/java/org/apache/unomi/services/impl/segments/SegmentServiceImpl.java",EXTRACT_OPERATION,"services/src/main/java/org/apache/unomi/services/impl/segments/SegmentServiceImpl.java"
unomi,8149e9c1fa73ba62eabd55e810028af293d0c8cc,"services/src/main/java/org/apache/unomi/services/impl/segments/SegmentServiceImpl.java",EXTRACT_OPERATION,"services/src/main/java/org/apache/unomi/services/impl/segments/SegmentServiceImpl.java"
unomi,8149e9c1fa73ba62eabd55e810028af293d0c8cc,"services/src/main/java/org/apache/unomi/services/impl/segments/SegmentServiceImpl.java",EXTRACT_OPERATION,"services/src/main/java/org/apache/unomi/services/impl/segments/SegmentServiceImpl.java"
unomi,8149e9c1fa73ba62eabd55e810028af293d0c8cc,"services/src/main/java/org/apache/unomi/services/impl/segments/SegmentServiceImpl.java",EXTRACT_OPERATION,"services/src/main/java/org/apache/unomi/services/impl/segments/SegmentServiceImpl.java"
unomi,8149e9c1fa73ba62eabd55e810028af293d0c8cc,"services/src/main/java/org/apache/unomi/services/impl/segments/SegmentServiceImpl.java",EXTRACT_OPERATION,"services/src/main/java/org/apache/unomi/services/impl/segments/SegmentServiceImpl.java"
unomi,8149e9c1fa73ba62eabd55e810028af293d0c8cc,"services/src/main/java/org/apache/unomi/services/impl/segments/SegmentServiceImpl.java",EXTRACT_OPERATION,"services/src/main/java/org/apache/unomi/services/impl/segments/SegmentServiceImpl.java"
unomi,8149e9c1fa73ba62eabd55e810028af293d0c8cc,"services/src/main/java/org/apache/unomi/services/impl/segments/SegmentServiceImpl.java",EXTRACT_OPERATION,"services/src/main/java/org/apache/unomi/services/impl/segments/SegmentServiceImpl.java"
unomi,8149e9c1fa73ba62eabd55e810028af293d0c8cc,"services/src/main/java/org/apache/unomi/services/impl/segments/SegmentServiceImpl.java",EXTRACT_OPERATION,"services/src/main/java/org/apache/unomi/services/impl/segments/SegmentServiceImpl.java"
unomi,8149e9c1fa73ba62eabd55e810028af293d0c8cc,"services/src/main/java/org/apache/unomi/services/impl/segments/SegmentServiceImpl.java",EXTRACT_OPERATION,"services/src/main/java/org/apache/unomi/services/impl/segments/SegmentServiceImpl.java"
unomi,8149e9c1fa73ba62eabd55e810028af293d0c8cc,"services/src/main/java/org/apache/unomi/services/impl/segments/SegmentServiceImpl.java",EXTRACT_OPERATION,"services/src/main/java/org/apache/unomi/services/impl/segments/SegmentServiceImpl.java"
unomi,8149e9c1fa73ba62eabd55e810028af293d0c8cc,"services/src/main/java/org/apache/unomi/services/impl/segments/SegmentServiceImpl.java",EXTRACT_OPERATION,"services/src/main/java/org/apache/unomi/services/impl/segments/SegmentServiceImpl.java"
unomi,8149e9c1fa73ba62eabd55e810028af293d0c8cc,"services/src/main/java/org/apache/unomi/services/impl/segments/SegmentServiceImpl.java",EXTRACT_OPERATION,"services/src/main/java/org/apache/unomi/services/impl/segments/SegmentServiceImpl.java"
unomi,8149e9c1fa73ba62eabd55e810028af293d0c8cc,"services/src/main/java/org/apache/unomi/services/impl/segments/SegmentServiceImpl.java",EXTRACT_OPERATION,"services/src/main/java/org/apache/unomi/services/impl/segments/SegmentServiceImpl.java"
unomi,73403962bcd46b42fe6172f4bded454ce553ce42,"persistence-elasticsearch/core/src/main/java/org/apache/unomi/persistence/elasticsearch/ElasticSearchPersistenceServiceImpl.java",EXTRACT_OPERATION,"persistence-elasticsearch/core/src/main/java/org/apache/unomi/persistence/elasticsearch/ElasticSearchPersistenceServiceImpl.java"
unomi,73403962bcd46b42fe6172f4bded454ce553ce42,"services/src/main/java/org/apache/unomi/services/impl/segments/SegmentServiceImpl.java",EXTRACT_OPERATION,"services/src/main/java/org/apache/unomi/services/impl/segments/SegmentServiceImpl.java"
unomi,73403962bcd46b42fe6172f4bded454ce553ce42,"services/src/main/java/org/apache/unomi/services/impl/segments/SegmentServiceImpl.java",EXTRACT_OPERATION,"services/src/main/java/org/apache/unomi/services/impl/segments/SegmentServiceImpl.java"
unomi,73403962bcd46b42fe6172f4bded454ce553ce42,"services/src/main/java/org/apache/unomi/services/impl/segments/SegmentServiceImpl.java",EXTRACT_OPERATION,"services/src/main/java/org/apache/unomi/services/impl/segments/SegmentServiceImpl.java"
unomi,73403962bcd46b42fe6172f4bded454ce553ce42,"services/src/main/java/org/apache/unomi/services/impl/segments/SegmentServiceImpl.java",EXTRACT_OPERATION,"services/src/main/java/org/apache/unomi/services/impl/segments/SegmentServiceImpl.java"
unomi,73403962bcd46b42fe6172f4bded454ce553ce42,"services/src/main/java/org/apache/unomi/services/impl/segments/SegmentServiceImpl.java",EXTRACT_OPERATION,"services/src/main/java/org/apache/unomi/services/impl/segments/SegmentServiceImpl.java"
unomi,73403962bcd46b42fe6172f4bded454ce553ce42,"services/src/main/java/org/apache/unomi/services/impl/segments/SegmentServiceImpl.java",EXTRACT_OPERATION,"services/src/main/java/org/apache/unomi/services/impl/segments/SegmentServiceImpl.java"
unomi,73403962bcd46b42fe6172f4bded454ce553ce42,"services/src/main/java/org/apache/unomi/services/impl/segments/SegmentServiceImpl.java",EXTRACT_OPERATION,"services/src/main/java/org/apache/unomi/services/impl/segments/SegmentServiceImpl.java"
unomi,73403962bcd46b42fe6172f4bded454ce553ce42,"services/src/main/java/org/apache/unomi/services/impl/segments/SegmentServiceImpl.java",EXTRACT_OPERATION,"services/src/main/java/org/apache/unomi/services/impl/segments/SegmentServiceImpl.java"
unomi,73403962bcd46b42fe6172f4bded454ce553ce42,"services/src/main/java/org/apache/unomi/services/impl/segments/SegmentServiceImpl.java",EXTRACT_OPERATION,"services/src/main/java/org/apache/unomi/services/impl/segments/SegmentServiceImpl.java"
unomi,73403962bcd46b42fe6172f4bded454ce553ce42,"services/src/main/java/org/apache/unomi/services/impl/segments/SegmentServiceImpl.java",EXTRACT_OPERATION,"services/src/main/java/org/apache/unomi/services/impl/segments/SegmentServiceImpl.java"
unomi,73403962bcd46b42fe6172f4bded454ce553ce42,"services/src/main/java/org/apache/unomi/services/impl/segments/SegmentServiceImpl.java",EXTRACT_OPERATION,"services/src/main/java/org/apache/unomi/services/impl/segments/SegmentServiceImpl.java"
unomi,73403962bcd46b42fe6172f4bded454ce553ce42,"services/src/main/java/org/apache/unomi/services/impl/segments/SegmentServiceImpl.java",EXTRACT_OPERATION,"services/src/main/java/org/apache/unomi/services/impl/segments/SegmentServiceImpl.java"
unomi,55c8bcdd930d52ef6bee412e3fa8264357af2b42,"persistence-elasticsearch/core/src/main/java/org/apache/unomi/persistence/elasticsearch/ElasticSearchPersistenceServiceImpl.java",EXTRACT_OPERATION,"persistence-elasticsearch/core/src/main/java/org/apache/unomi/persistence/elasticsearch/ElasticSearchPersistenceServiceImpl.java"
unomi,55c8bcdd930d52ef6bee412e3fa8264357af2b42,"persistence-elasticsearch/core/src/main/java/org/apache/unomi/persistence/elasticsearch/ElasticSearchPersistenceServiceImpl.java",EXTRACT_OPERATION,"persistence-elasticsearch/core/src/main/java/org/apache/unomi/persistence/elasticsearch/ElasticSearchPersistenceServiceImpl.java"
unomi,55c8bcdd930d52ef6bee412e3fa8264357af2b42,"persistence-elasticsearch/core/src/main/java/org/apache/unomi/persistence/elasticsearch/ElasticSearchPersistenceServiceImpl.java",EXTRACT_OPERATION,"persistence-elasticsearch/core/src/main/java/org/apache/unomi/persistence/elasticsearch/ElasticSearchPersistenceServiceImpl.java"
unomi,55c8bcdd930d52ef6bee412e3fa8264357af2b42,"persistence-elasticsearch/core/src/main/java/org/apache/unomi/persistence/elasticsearch/ElasticSearchPersistenceServiceImpl.java",EXTRACT_OPERATION,"persistence-elasticsearch/core/src/main/java/org/apache/unomi/persistence/elasticsearch/ElasticSearchPersistenceServiceImpl.java"
unomi,714a643efe0e0ccd66f14d4a8cff12545f7f94cd,"persistence-elasticsearch/core/src/main/java/org/apache/unomi/persistence/elasticsearch/ElasticSearchPersistenceServiceImpl.java",EXTRACT_OPERATION,"persistence-elasticsearch/core/src/main/java/org/apache/unomi/persistence/elasticsearch/ElasticSearchPersistenceServiceImpl.java"
unomi,714a643efe0e0ccd66f14d4a8cff12545f7f94cd,"persistence-elasticsearch/core/src/main/java/org/apache/unomi/persistence/elasticsearch/ElasticSearchPersistenceServiceImpl.java",EXTRACT_OPERATION,"persistence-elasticsearch/core/src/main/java/org/apache/unomi/persistence/elasticsearch/ElasticSearchPersistenceServiceImpl.java"
unomi,714a643efe0e0ccd66f14d4a8cff12545f7f94cd,"persistence-elasticsearch/core/src/main/java/org/apache/unomi/persistence/elasticsearch/ElasticSearchPersistenceServiceImpl.java",EXTRACT_OPERATION,"persistence-elasticsearch/core/src/main/java/org/apache/unomi/persistence/elasticsearch/ElasticSearchPersistenceServiceImpl.java"
unomi,714a643efe0e0ccd66f14d4a8cff12545f7f94cd,"persistence-elasticsearch/core/src/main/java/org/apache/unomi/persistence/elasticsearch/ElasticSearchPersistenceServiceImpl.java",EXTRACT_OPERATION,"persistence-elasticsearch/core/src/main/java/org/apache/unomi/persistence/elasticsearch/ElasticSearchPersistenceServiceImpl.java"
unomi,b75db8158c27f1136298df002842bca475b577a6,"plugins/baseplugin/src/main/java/org/apache/unomi/plugins/baseplugin/conditions/PropertyConditionEvaluator.java",EXTRACT_OPERATION,"plugins/baseplugin/src/main/java/org/apache/unomi/plugins/baseplugin/conditions/HardcodedPropertyAccessorRegistry.java"
unomi,b75db8158c27f1136298df002842bca475b577a6,"plugins/baseplugin/src/main/java/org/apache/unomi/plugins/baseplugin/conditions/PropertyConditionEvaluator.java",EXTRACT_OPERATION,"plugins/baseplugin/src/main/java/org/apache/unomi/plugins/baseplugin/conditions/HardcodedPropertyAccessorRegistry.java"
unomi,267aad02fd76aef36f0419752a81be0f95cb843e,"plugins/baseplugin/src/main/java/org/apache/unomi/plugins/baseplugin/conditions/PropertyConditionEvaluator.java",EXTRACT_OPERATION,"plugins/baseplugin/src/main/java/org/apache/unomi/plugins/baseplugin/conditions/HardcodedPropertyAccessorRegistry.java"
unomi,267aad02fd76aef36f0419752a81be0f95cb843e,"plugins/baseplugin/src/main/java/org/apache/unomi/plugins/baseplugin/conditions/PropertyConditionEvaluator.java",EXTRACT_OPERATION,"plugins/baseplugin/src/main/java/org/apache/unomi/plugins/baseplugin/conditions/HardcodedPropertyAccessorRegistry.java"
unomi,5de4cab84c003688fc72664a9fbda4c33143d880,"plugins/baseplugin/src/main/java/org/apache/unomi/plugins/baseplugin/conditions/PropertyConditionEvaluator.java",EXTRACT_OPERATION,"plugins/baseplugin/src/main/java/org/apache/unomi/plugins/baseplugin/conditions/HardcodedPropertyAccessorRegistry.java"
unomi,5de4cab84c003688fc72664a9fbda4c33143d880,"plugins/baseplugin/src/main/java/org/apache/unomi/plugins/baseplugin/conditions/PropertyConditionEvaluator.java",EXTRACT_OPERATION,"plugins/baseplugin/src/main/java/org/apache/unomi/plugins/baseplugin/conditions/HardcodedPropertyAccessorRegistry.java"
unomi,f3d8fc9db8a0340b20ff3bf847553aec454fceb1,"plugins/baseplugin/src/main/java/org/apache/unomi/plugins/baseplugin/conditions/PropertyConditionEvaluator.java",EXTRACT_OPERATION,"plugins/baseplugin/src/main/java/org/apache/unomi/plugins/baseplugin/conditions/PropertyConditionEvaluator.java"
unomi,f3d8fc9db8a0340b20ff3bf847553aec454fceb1,"plugins/baseplugin/src/main/java/org/apache/unomi/plugins/baseplugin/conditions/PropertyConditionEvaluator.java",EXTRACT_OPERATION,"plugins/baseplugin/src/main/java/org/apache/unomi/plugins/baseplugin/conditions/PropertyConditionEvaluator.java"
unomi,f3d8fc9db8a0340b20ff3bf847553aec454fceb1,"plugins/baseplugin/src/main/java/org/apache/unomi/plugins/baseplugin/conditions/PropertyConditionEvaluator.java",EXTRACT_OPERATION,"plugins/baseplugin/src/main/java/org/apache/unomi/plugins/baseplugin/conditions/PropertyConditionEvaluator.java"
unomi,f3d8fc9db8a0340b20ff3bf847553aec454fceb1,"plugins/baseplugin/src/main/java/org/apache/unomi/plugins/baseplugin/conditions/PropertyConditionEvaluator.java",EXTRACT_OPERATION,"plugins/baseplugin/src/main/java/org/apache/unomi/plugins/baseplugin/conditions/PropertyConditionEvaluator.java"
unomi,f3d8fc9db8a0340b20ff3bf847553aec454fceb1,"plugins/baseplugin/src/main/java/org/apache/unomi/plugins/baseplugin/conditions/PropertyConditionEvaluator.java",EXTRACT_OPERATION,"plugins/baseplugin/src/main/java/org/apache/unomi/plugins/baseplugin/conditions/PropertyConditionEvaluator.java"
unomi,f3d8fc9db8a0340b20ff3bf847553aec454fceb1,"plugins/baseplugin/src/main/java/org/apache/unomi/plugins/baseplugin/conditions/PropertyConditionEvaluator.java",EXTRACT_OPERATION,"plugins/baseplugin/src/main/java/org/apache/unomi/plugins/baseplugin/conditions/PropertyConditionEvaluator.java"
unomi,cdff868d9f2be49b35108125d30be85d315cf6d9,"plugins/baseplugin/src/main/java/org/apache/unomi/plugins/baseplugin/conditions/PropertyConditionEvaluator.java",EXTRACT_OPERATION,"plugins/baseplugin/src/main/java/org/apache/unomi/plugins/baseplugin/conditions/PropertyConditionEvaluator.java"
unomi,cdff868d9f2be49b35108125d30be85d315cf6d9,"plugins/baseplugin/src/main/java/org/apache/unomi/plugins/baseplugin/conditions/PropertyConditionEvaluator.java",EXTRACT_OPERATION,"plugins/baseplugin/src/main/java/org/apache/unomi/plugins/baseplugin/conditions/PropertyConditionEvaluator.java"
unomi,cdff868d9f2be49b35108125d30be85d315cf6d9,"plugins/baseplugin/src/main/java/org/apache/unomi/plugins/baseplugin/conditions/PropertyConditionEvaluator.java",EXTRACT_OPERATION,"plugins/baseplugin/src/main/java/org/apache/unomi/plugins/baseplugin/conditions/PropertyConditionEvaluator.java"
unomi,cdff868d9f2be49b35108125d30be85d315cf6d9,"plugins/baseplugin/src/main/java/org/apache/unomi/plugins/baseplugin/conditions/PropertyConditionEvaluator.java",EXTRACT_OPERATION,"plugins/baseplugin/src/main/java/org/apache/unomi/plugins/baseplugin/conditions/PropertyConditionEvaluator.java"
unomi,cdff868d9f2be49b35108125d30be85d315cf6d9,"plugins/baseplugin/src/main/java/org/apache/unomi/plugins/baseplugin/conditions/PropertyConditionEvaluator.java",EXTRACT_OPERATION,"plugins/baseplugin/src/main/java/org/apache/unomi/plugins/baseplugin/conditions/PropertyConditionEvaluator.java"
unomi,cdff868d9f2be49b35108125d30be85d315cf6d9,"plugins/baseplugin/src/main/java/org/apache/unomi/plugins/baseplugin/conditions/PropertyConditionEvaluator.java",EXTRACT_OPERATION,"plugins/baseplugin/src/main/java/org/apache/unomi/plugins/baseplugin/conditions/PropertyConditionEvaluator.java"
unomi,cd8ad37e1af7ad9e630f81d616b43810170c5376,"plugins/baseplugin/src/main/java/org/apache/unomi/plugins/baseplugin/conditions/PropertyConditionEvaluator.java",EXTRACT_OPERATION,"plugins/baseplugin/src/main/java/org/apache/unomi/plugins/baseplugin/conditions/PropertyConditionEvaluator.java"
unomi,cd8ad37e1af7ad9e630f81d616b43810170c5376,"plugins/baseplugin/src/main/java/org/apache/unomi/plugins/baseplugin/conditions/PropertyConditionEvaluator.java",EXTRACT_OPERATION,"plugins/baseplugin/src/main/java/org/apache/unomi/plugins/baseplugin/conditions/PropertyConditionEvaluator.java"
unomi,cd8ad37e1af7ad9e630f81d616b43810170c5376,"plugins/baseplugin/src/main/java/org/apache/unomi/plugins/baseplugin/conditions/PropertyConditionEvaluator.java",EXTRACT_OPERATION,"plugins/baseplugin/src/main/java/org/apache/unomi/plugins/baseplugin/conditions/PropertyConditionEvaluator.java"
unomi,cd8ad37e1af7ad9e630f81d616b43810170c5376,"plugins/baseplugin/src/main/java/org/apache/unomi/plugins/baseplugin/conditions/PropertyConditionEvaluator.java",EXTRACT_OPERATION,"plugins/baseplugin/src/main/java/org/apache/unomi/plugins/baseplugin/conditions/PropertyConditionEvaluator.java"
unomi,cd8ad37e1af7ad9e630f81d616b43810170c5376,"plugins/baseplugin/src/main/java/org/apache/unomi/plugins/baseplugin/conditions/PropertyConditionEvaluator.java",EXTRACT_OPERATION,"plugins/baseplugin/src/main/java/org/apache/unomi/plugins/baseplugin/conditions/PropertyConditionEvaluator.java"
unomi,cd8ad37e1af7ad9e630f81d616b43810170c5376,"plugins/baseplugin/src/main/java/org/apache/unomi/plugins/baseplugin/conditions/PropertyConditionEvaluator.java",EXTRACT_OPERATION,"plugins/baseplugin/src/main/java/org/apache/unomi/plugins/baseplugin/conditions/PropertyConditionEvaluator.java"
unomi,c55af15c10893782071379d8c0095d16cffd05e2,"scripting/src/main/java/org/apache/unomi/scripting/internal/ExpressionFilterFactoryImpl.java",EXTRACT_OPERATION,"scripting/src/main/java/org/apache/unomi/scripting/internal/ExpressionFilterFactoryImpl.java"
unomi,c55af15c10893782071379d8c0095d16cffd05e2,"scripting/src/main/java/org/apache/unomi/scripting/internal/ExpressionFilterFactoryImpl.java",EXTRACT_OPERATION,"scripting/src/main/java/org/apache/unomi/scripting/internal/ExpressionFilterFactoryImpl.java"
unomi,f78b9d2ac71246c6c1e5adabd75326003bad21b7,"scripting/src/main/java/org/apache/unomi/scripting/internal/ExpressionFilterFactoryImpl.java",EXTRACT_OPERATION,"scripting/src/main/java/org/apache/unomi/scripting/internal/ExpressionFilterFactoryImpl.java"
unomi,f78b9d2ac71246c6c1e5adabd75326003bad21b7,"scripting/src/main/java/org/apache/unomi/scripting/internal/ExpressionFilterFactoryImpl.java",EXTRACT_OPERATION,"scripting/src/main/java/org/apache/unomi/scripting/internal/ExpressionFilterFactoryImpl.java"
unomi,bc208d51184805d6db804714652ef25141024cb0,"scripting/src/main/java/org/apache/unomi/scripting/internal/ExpressionFilterFactoryImpl.java",EXTRACT_OPERATION,"scripting/src/main/java/org/apache/unomi/scripting/internal/ExpressionFilterFactoryImpl.java"
unomi,bc208d51184805d6db804714652ef25141024cb0,"scripting/src/main/java/org/apache/unomi/scripting/internal/ExpressionFilterFactoryImpl.java",EXTRACT_OPERATION,"scripting/src/main/java/org/apache/unomi/scripting/internal/ExpressionFilterFactoryImpl.java"
unomi,2f8d397f240cd29023ebce29293b82cd477709e0,"services/src/main/java/org/apache/unomi/services/impl/segments/SegmentServiceImpl.java",EXTRACT_OPERATION,"services/src/main/java/org/apache/unomi/services/impl/segments/SegmentServiceImpl.java"
unomi,bdbf7fb3b4362e3d6eb08984fb54ef0d828eddb3,"plugins/baseplugin/src/main/java/org/apache/unomi/plugins/baseplugin/actions/SetEventOccurenceCountAction.java",EXTRACT_OPERATION,"plugins/baseplugin/src/main/java/org/apache/unomi/plugins/baseplugin/actions/SetEventOccurenceCountAction.java"
unomi,d9e4a717f955a8e9640e3b9e2e9696a491079295,"persistence-elasticsearch/core/src/main/java/org/apache/unomi/persistence/elasticsearch/ElasticSearchPersistenceServiceImpl.java",EXTRACT_OPERATION,"persistence-elasticsearch/core/src/main/java/org/apache/unomi/persistence/elasticsearch/ElasticSearchPersistenceServiceImpl.java"
unomi,628fb77ec77bfff8b82997db124e73899ee49fd8,"services/src/main/java/org/apache/unomi/services/impl/segments/SegmentServiceImpl.java",EXTRACT_OPERATION,"services/src/main/java/org/apache/unomi/services/impl/segments/SegmentServiceImpl.java"
unomi,2c0140bf79325f387c7e7a5f05fc2d4d9b0ab2ae,"plugins/baseplugin/src/main/java/org/apache/unomi/plugins/baseplugin/actions/SetEventOccurenceCountAction.java",EXTRACT_OPERATION,"plugins/baseplugin/src/main/java/org/apache/unomi/plugins/baseplugin/actions/SetEventOccurenceCountAction.java"
unomi,a6999de528eafccd43076c622fca74d3807877db,"persistence-elasticsearch/core/src/main/java/org/apache/unomi/persistence/elasticsearch/ElasticSearchPersistenceServiceImpl.java",EXTRACT_OPERATION,"persistence-elasticsearch/core/src/main/java/org/apache/unomi/persistence/elasticsearch/ElasticSearchPersistenceServiceImpl.java"
unomi,c9148125373f920c5d9adc7fd07d17069ce02109,"persistence-elasticsearch/core/src/main/java/org/apache/unomi/persistence/elasticsearch/ElasticSearchPersistenceServiceImpl.java",EXTRACT_OPERATION,"persistence-elasticsearch/core/src/main/java/org/apache/unomi/persistence/elasticsearch/ElasticSearchPersistenceServiceImpl.java"
unomi,2f4f0fcdc95abf5efbef494283ccd791a573ccb3,"persistence-elasticsearch/core/src/main/java/org/apache/unomi/persistence/elasticsearch/ElasticSearchPersistenceServiceImpl.java",EXTRACT_OPERATION,"persistence-elasticsearch/core/src/main/java/org/apache/unomi/persistence/elasticsearch/ElasticSearchPersistenceServiceImpl.java"
unomi,88148c2c19cd86248b2b34b573246f19391834da,"graphql/cxs-impl/src/main/java/org/apache/unomi/graphql/schema/GraphQLSchemaProvider.java",EXTRACT_OPERATION,"graphql/cxs-impl/src/main/java/org/apache/unomi/graphql/schema/GraphQLSchemaProvider.java"
unomi,88148c2c19cd86248b2b34b573246f19391834da,"graphql/cxs-impl/src/main/java/org/apache/unomi/graphql/schema/GraphQLSchemaProvider.java",EXTRACT_OPERATION,"graphql/cxs-impl/src/main/java/org/apache/unomi/graphql/schema/GraphQLSchemaProvider.java"
unomi,88148c2c19cd86248b2b34b573246f19391834da,"services/src/main/java/org/apache/unomi/services/impl/events/EventServiceImpl.java",EXTRACT_CLASS,"services/src/main/java/org/apache/unomi/services/impl/events/EventServiceImpl.java; services/src/main/java/org/apache/unomi/services/impl/events/EventTypeRegistryImpl.java"
unomi,88148c2c19cd86248b2b34b573246f19391834da,"services/src/main/java/org/apache/unomi/services/impl/events/EventServiceImpl.java",MOVE_OPERATION,"services/src/main/java/org/apache/unomi/services/impl/events/EventTypeRegistryImpl.java"
unomi,88148c2c19cd86248b2b34b573246f19391834da,"services/src/main/java/org/apache/unomi/services/impl/events/EventServiceImpl.java",MOVE_OPERATION,"services/src/main/java/org/apache/unomi/services/impl/events/EventTypeRegistryImpl.java"
unomi,88148c2c19cd86248b2b34b573246f19391834da,"services/src/main/java/org/apache/unomi/services/impl/events/EventServiceImpl.java",MOVE_OPERATION,"services/src/main/java/org/apache/unomi/services/impl/events/EventTypeRegistryImpl.java"
unomi,88148c2c19cd86248b2b34b573246f19391834da,"services/src/main/java/org/apache/unomi/services/impl/events/EventServiceImpl.java",MOVE_OPERATION,"services/src/main/java/org/apache/unomi/services/impl/events/EventTypeRegistryImpl.java"
unomi,88148c2c19cd86248b2b34b573246f19391834da,"services/src/main/java/org/apache/unomi/services/impl/events/EventServiceImpl.java",EXTRACT_OPERATION,"services/src/main/java/org/apache/unomi/services/impl/events/EventTypeRegistryImpl.java"
unomi,88148c2c19cd86248b2b34b573246f19391834da,"services/src/main/java/org/apache/unomi/services/impl/events/EventServiceImpl.java",MOVE_OPERATION,"services/src/main/java/org/apache/unomi/services/impl/events/EventTypeRegistryImpl.java"
unomi,88148c2c19cd86248b2b34b573246f19391834da,"services/src/main/java/org/apache/unomi/services/impl/events/EventServiceImpl.java",MOVE_OPERATION,"services/src/main/java/org/apache/unomi/services/impl/events/EventTypeRegistryImpl.java"
unomi,3d15022e4b52a2fcc0912ef6c259c3905d4f374a,"persistence-elasticsearch/core/src/main/java/org/apache/unomi/persistence/elasticsearch/conditions/ConditionContextHelper.java",EXTRACT_OPERATION,"persistence-elasticsearch/core/src/main/java/org/apache/unomi/persistence/elasticsearch/conditions/ConditionContextHelper.java"
unomi,3d15022e4b52a2fcc0912ef6c259c3905d4f374a,"services/src/main/java/org/apache/unomi/services/actions/ActionExecutorDispatcher.java",EXTRACT_OPERATION,"services/src/main/java/org/apache/unomi/services/actions/ActionExecutorDispatcher.java"
unomi,2c0f464dbbc09826b4269d43defdecd93a220372,"itests/src/test/java/org/apache/unomi/itests/graphql/GraphQLSegmentIT.java; itests/src/test/java/org/apache/unomi/itests/graphql/GraphQLWebSocketIT.java",EXTRACT_SUPERCLASS,"itests/src/test/java/org/apache/unomi/itests/graphql/GraphQLSegmentIT.java; itests/src/test/java/org/apache/unomi/itests/graphql/GraphQLWebSocketIT.java; itests/src/test/java/org/apache/unomi/itests/graphql/BaseGraphQLITTest.java"
unomi,823386ab117d231df15eab4cb4b7a98f8af546ca,"persistence-elasticsearch/core/src/main/java/org/apache/unomi/persistence/elasticsearch/conditions/ConditionContextHelper.java",EXTRACT_OPERATION,"persistence-elasticsearch/core/src/main/java/org/apache/unomi/persistence/elasticsearch/conditions/ConditionContextHelper.java"
unomi,823386ab117d231df15eab4cb4b7a98f8af546ca,"services/src/main/java/org/apache/unomi/services/actions/ActionExecutorDispatcher.java",EXTRACT_OPERATION,"services/src/main/java/org/apache/unomi/services/actions/ActionExecutorDispatcher.java"
unomi,789ae8e820c507866b9c91590feebffa4e996f5e,"persistence-elasticsearch/core/src/main/java/org/apache/unomi/persistence/elasticsearch/conditions/ConditionContextHelper.java",EXTRACT_OPERATION,"persistence-elasticsearch/core/src/main/java/org/apache/unomi/persistence/elasticsearch/conditions/ConditionContextHelper.java"
unomi,789ae8e820c507866b9c91590feebffa4e996f5e,"services/src/main/java/org/apache/unomi/services/actions/ActionExecutorDispatcher.java",EXTRACT_OPERATION,"services/src/main/java/org/apache/unomi/services/actions/ActionExecutorDispatcher.java"
unomi,56f9f5e6f8915502cdb1132ab6037b06fbfcfe7a,"graphql/cxs-impl/src/main/java/org/apache/unomi/graphql/commands/CreateOrUpdateProfilePropertiesCommand.java",EXTRACT_OPERATION,"graphql/cxs-impl/src/main/java/org/apache/unomi/graphql/commands/CreateOrUpdateProfilePropertiesCommand.java"
unomi,56f9f5e6f8915502cdb1132ab6037b06fbfcfe7a,"graphql/cxs-impl/src/main/java/org/apache/unomi/graphql/condition/parsers/SegmentProfilePropertiesConditionParser.java",EXTRACT_OPERATION,"graphql/cxs-impl/src/main/java/org/apache/unomi/graphql/condition/parsers/SegmentProfilePropertiesConditionParser.java"
unomi,56f9f5e6f8915502cdb1132ab6037b06fbfcfe7a,"graphql/cxs-impl/src/main/java/org/apache/unomi/graphql/schema/PropertyFilterUtils.java",EXTRACT_OPERATION,"graphql/cxs-impl/src/main/java/org/apache/unomi/graphql/schema/PropertyFilterUtils.java"
unomi,249ab08059b294c44969fc7601b7a1d69a7cecfc,"graphql/cxs-impl/src/main/java/org/apache/unomi/graphql/conditionparsers/SegmentProfileEventsConditionParser.java",EXTRACT_OPERATION,"graphql/cxs-impl/src/main/java/org/apache/unomi/graphql/condition/parsers/SegmentProfileEventsConditionParser.java"
unomi,249ab08059b294c44969fc7601b7a1d69a7cecfc,"graphql/cxs-impl/src/main/java/org/apache/unomi/graphql/conditionparsers/SegmentProfileEventsConditionParser.java",EXTRACT_OPERATION,"graphql/cxs-impl/src/main/java/org/apache/unomi/graphql/condition/parsers/SegmentProfileEventsConditionParser.java"
unomi,b00721c2a2237b7c04a7a1c214a81fb9ff336da7,"graphql/cxs-impl/src/main/java/org/apache/unomi/graphql/types/input/CDPConsentUpdateEventFilterInput.java; graphql/cxs-impl/src/main/java/org/apache/unomi/graphql/types/input/CDPListsUpdateEventFilterInput.java; graphql/cxs-impl/src/main/java/org/apache/unomi/graphql/types/input/CDPSessionEventFilterInput.java",EXTRACT_INTERFACE,"graphql/cxs-impl/src/main/java/org/apache/unomi/graphql/types/input/CDPConsentUpdateEventFilterInput.java; graphql/cxs-impl/src/main/java/org/apache/unomi/graphql/types/input/CDPListsUpdateEventFilterInput.java; graphql/cxs-impl/src/main/java/org/apache/unomi/graphql/types/input/CDPSessionEventFilterInput.java; graphql/cxs-impl/src/main/java/org/apache/unomi/graphql/types/input/EventFilterInputMarker.java"
unomi,fbb186012a3c8c986ec0efb3909cc586fd013dba,"graphql/cxs-impl/src/main/java/org/apache/unomi/graphql/utils/ReflectionUtil.java",EXTRACT_OPERATION,"graphql/cxs-impl/src/main/java/org/apache/unomi/graphql/utils/ReflectionUtil.java"
unomi,fbb186012a3c8c986ec0efb3909cc586fd013dba,"graphql/cxs-impl/src/main/java/org/apache/unomi/graphql/propertytypes/CDPPropertyType.java",MOVE_OPERATION,"graphql/cxs-impl/src/main/java/org/apache/unomi/graphql/types/input/property/CDPStringPropertyInput.java"
unomi,bfdc85641e35dd4508efe0580dede771dbb47952,"graphql/cxs-impl/src/main/java/org/apache/unomi/graphql/types/output/CDPTopic.java",EXTRACT_CLASS,"graphql/cxs-impl/src/main/java/org/apache/unomi/graphql/types/output/CDPTopic.java; graphql/cxs-impl/src/main/java/org/apache/unomi/graphql/types/input/CDPTopicInput.java"
unomi,963079e5ce2c6b489230b643aedfa05b1126dcb5,"graphql/cxs-impl/src/main/java/org/apache/unomi/graphql/commands/segments/CreateOrUpdateSegmentCommand.java",MOVE_OPERATION,"graphql/cxs-impl/src/main/java/org/apache/unomi/graphql/condition/EventConditionFactory.java"
unomi,1b6d30840f96d7cb9900295d410c0d18353cff3b,"graphql/cxs-impl/src/main/java/org/apache/unomi/graphql/schema/GraphQLSchemaUpdater.java",EXTRACT_OPERATION,"graphql/cxs-impl/src/main/java/org/apache/unomi/graphql/schema/GraphQLSchemaUpdater.java"
unomi,1b6d30840f96d7cb9900295d410c0d18353cff3b,"graphql/cxs-impl/src/main/java/org/apache/unomi/graphql/schema/GraphQLSchemaUpdater.java",EXTRACT_CLASS,"graphql/cxs-impl/src/main/java/org/apache/unomi/graphql/schema/GraphQLSchemaUpdater.java; graphql/cxs-impl/src/main/java/org/apache/unomi/graphql/schema/GraphQLSchemaProvider.java"
unomi,1b6d30840f96d7cb9900295d410c0d18353cff3b,"graphql/cxs-impl/src/main/java/org/apache/unomi/graphql/schema/GraphQLSchemaUpdater.java",MOVE_OPERATION,"graphql/cxs-impl/src/main/java/org/apache/unomi/graphql/schema/GraphQLSchemaProvider.java"
unomi,1b6d30840f96d7cb9900295d410c0d18353cff3b,"graphql/cxs-impl/src/main/java/org/apache/unomi/graphql/schema/GraphQLSchemaUpdater.java",MOVE_OPERATION,"graphql/cxs-impl/src/main/java/org/apache/unomi/graphql/schema/GraphQLSchemaProvider.java"
unomi,1b6d30840f96d7cb9900295d410c0d18353cff3b,"graphql/cxs-impl/src/main/java/org/apache/unomi/graphql/schema/GraphQLSchemaUpdater.java",MOVE_OPERATION,"graphql/cxs-impl/src/main/java/org/apache/unomi/graphql/schema/GraphQLSchemaProvider.java"
unomi,1b6d30840f96d7cb9900295d410c0d18353cff3b,"graphql/cxs-impl/src/main/java/org/apache/unomi/graphql/schema/GraphQLSchemaUpdater.java",MOVE_OPERATION,"graphql/cxs-impl/src/main/java/org/apache/unomi/graphql/schema/GraphQLSchemaProvider.java"
unomi,1b6d30840f96d7cb9900295d410c0d18353cff3b,"graphql/cxs-impl/src/main/java/org/apache/unomi/graphql/schema/GraphQLSchemaUpdater.java",MOVE_OPERATION,"graphql/cxs-impl/src/main/java/org/apache/unomi/graphql/schema/GraphQLSchemaProvider.java"
unomi,1b6d30840f96d7cb9900295d410c0d18353cff3b,"graphql/cxs-impl/src/main/java/org/apache/unomi/graphql/schema/GraphQLSchemaUpdater.java",MOVE_OPERATION,"graphql/cxs-impl/src/main/java/org/apache/unomi/graphql/schema/GraphQLSchemaProvider.java"
unomi,1b6d30840f96d7cb9900295d410c0d18353cff3b,"graphql/cxs-impl/src/main/java/org/apache/unomi/graphql/schema/GraphQLSchemaUpdater.java",EXTRACT_OPERATION,"graphql/cxs-impl/src/main/java/org/apache/unomi/graphql/schema/GraphQLSchemaProvider.java"
unomi,7635daf83077a84718555df4de38fcfce8030543,"graphql/cxs-impl/src/main/java/org/apache/unomi/graphql/types/resolvers/CDPEventInterfaceResolver.java; graphql/cxs-impl/src/main/java/org/apache/unomi/graphql/types/resolvers/CDPProfileTypeResolver.java",EXTRACT_SUPERCLASS,"graphql/cxs-impl/src/main/java/org/apache/unomi/graphql/types/resolvers/CDPEventInterfaceResolver.java; graphql/cxs-impl/src/main/java/org/apache/unomi/graphql/types/resolvers/CDPProfileTypeResolver.java; graphql/cxs-impl/src/main/java/org/apache/unomi/graphql/types/resolvers/BaseTypeResolver.java"
unomi,a4588aba6f538403fedb9098ce4fe345a4e26781,"graphql/cxs-impl/src/main/java/org/apache/unomi/graphql/schema/GraphQLSchemaUpdater.java",EXTRACT_OPERATION,"graphql/cxs-impl/src/main/java/org/apache/unomi/graphql/schema/GraphQLSchemaUpdater.java"
unomi,a4588aba6f538403fedb9098ce4fe345a4e26781,"graphql/cxs-impl/src/main/java/org/apache/unomi/graphql/schema/GraphQLSchemaUpdater.java",EXTRACT_OPERATION,"graphql/cxs-impl/src/main/java/org/apache/unomi/graphql/schema/GraphQLSchemaUpdater.java"
unomi,a4588aba6f538403fedb9098ce4fe345a4e26781,"graphql/cxs-impl/src/main/java/org/apache/unomi/graphql/schema/GraphQLSchemaUpdater.java",EXTRACT_OPERATION,"graphql/cxs-impl/src/main/java/org/apache/unomi/graphql/schema/GraphQLSchemaUpdater.java"
unomi,a4588aba6f538403fedb9098ce4fe345a4e26781,"graphql/cxs-impl/src/main/java/org/apache/unomi/graphql/schema/GraphQLSchemaUpdater.java",EXTRACT_OPERATION,"graphql/cxs-impl/src/main/java/org/apache/unomi/graphql/schema/GraphQLSchemaUpdater.java"
unomi,a4588aba6f538403fedb9098ce4fe345a4e26781,"graphql/cxs-impl/src/main/java/org/apache/unomi/graphql/schema/GraphQLSchemaUpdater.java",EXTRACT_OPERATION,"graphql/cxs-impl/src/main/java/org/apache/unomi/graphql/schema/GraphQLSchemaUpdater.java"
unomi,a4588aba6f538403fedb9098ce4fe345a4e26781,"graphql/cxs-impl/src/main/java/org/apache/unomi/graphql/fetchers/CDPProfilePropertiesFilterDataFetcher.java; graphql/cxs-impl/src/main/java/org/apache/unomi/graphql/fetchers/CustomerPropertyDataFetcher.java",EXTRACT_SUPERCLASS,"graphql/cxs-impl/src/main/java/org/apache/unomi/graphql/fetchers/CDPProfilePropertiesFilterDataFetcher.java; graphql/cxs-impl/src/main/java/org/apache/unomi/graphql/fetchers/CustomerPropertyDataFetcher.java; graphql/cxs-impl/src/main/java/org/apache/unomi/graphql/fetchers/DynamicFieldDataFetcher.java"
unomi,39c3ae6223cb30135d633256b2cdcb4d13cf7c0f,"graphql/cxs-impl/src/main/java/org/apache/unomi/graphql/commands/segments/CreateOrUpdateSegmentCommand.java",EXTRACT_SUPERCLASS,"graphql/cxs-impl/src/main/java/org/apache/unomi/graphql/commands/segments/CreateOrUpdateSegmentCommand.java; graphql/cxs-impl/src/main/java/org/apache/unomi/graphql/commands/segments/BaseCreateOrUpdateSegmentCommand.java"
unomi,39c3ae6223cb30135d633256b2cdcb4d13cf7c0f,"graphql/cxs-impl/src/main/java/org/apache/unomi/graphql/types/input/CDPSegmentInput.java",EXTRACT_INTERFACE,"graphql/cxs-impl/src/main/java/org/apache/unomi/graphql/types/input/CDPSegmentInput.java; graphql/cxs-impl/src/main/java/org/apache/unomi/graphql/types/input/BaseSegmentInput.java"
unomi,39c3ae6223cb30135d633256b2cdcb4d13cf7c0f,"graphql/cxs-impl/src/main/java/org/apache/unomi/graphql/types/output/CDPSegment.java",EXTRACT_CLASS,"graphql/cxs-impl/src/main/java/org/apache/unomi/graphql/types/output/CDPSegment.java; graphql/cxs-impl/src/main/java/org/apache/unomi/graphql/types/input/UnomiSegmentInput.java"
unomi,39c3ae6223cb30135d633256b2cdcb4d13cf7c0f,"graphql/cxs-impl/src/main/java/org/apache/unomi/graphql/commands/segments/CreateOrUpdateSegmentCommand.java",MOVE_OPERATION,"graphql/cxs-impl/src/main/java/org/apache/unomi/graphql/commands/segments/BaseCreateOrUpdateSegmentCommand.java"
unomi,ce169012cfcd5d61896864952735d460ee28f4ed,"graphql/cxs-impl/src/main/java/org/apache/unomi/graphql/commands/ProcessEventsCommand.java",EXTRACT_OPERATION,"graphql/cxs-impl/src/main/java/org/apache/unomi/graphql/commands/ProcessEventsCommand.java"
unomi,ce169012cfcd5d61896864952735d460ee28f4ed,"graphql/cxs-impl/src/main/java/org/apache/unomi/graphql/commands/ProcessEventsCommand.java",EXTRACT_OPERATION,"graphql/cxs-impl/src/main/java/org/apache/unomi/graphql/commands/ProcessEventsCommand.java"
unomi,ce169012cfcd5d61896864952735d460ee28f4ed,"graphql/cxs-impl/src/main/java/org/apache/unomi/graphql/types/input/CDPProfileUpdateEventInput.java",EXTRACT_SUPERCLASS,"graphql/cxs-impl/src/main/java/org/apache/unomi/graphql/types/input/CDPProfileUpdateEventInput.java; graphql/cxs-impl/src/main/java/org/apache/unomi/graphql/types/input/BaseProfileEventProcessor.java"
unomi,a1ab46338a3bbc358b638c4a6e8886f955cfe74c,"graphql/cxs-impl/src/main/java/org/apache/unomi/graphql/commands/segments/CreateOrUpdateSegmentCommand.java",EXTRACT_OPERATION,"graphql/cxs-impl/src/main/java/org/apache/unomi/graphql/commands/segments/CreateOrUpdateSegmentCommand.java"
unomi,a1ab46338a3bbc358b638c4a6e8886f955cfe74c,"graphql/cxs-impl/src/main/java/org/apache/unomi/graphql/fetchers/segments/BaseSegmentContainsDataFetcher.java",MOVE_OPERATION,"graphql/cxs-impl/src/main/java/org/apache/unomi/graphql/fetchers/segment/BaseSegmentContainsDataFetcher.java"
unomi,a1ab46338a3bbc358b638c4a6e8886f955cfe74c,"graphql/cxs-impl/src/main/java/org/apache/unomi/graphql/fetchers/CDPProfilePropertiesFilterDataFetcher.java",MOVE_OPERATION,"graphql/cxs-impl/src/main/java/org/apache/unomi/graphql/schema/PropertyValueTypeHelper.java"
unomi,f8a2ad0bbf249ca5569f1b213955ddd0091a0be1,"graphql/cxs-impl/src/main/java/org/apache/unomi/graphql/fetchers/BaseConnectionDataFetcher.java",EXTRACT_CLASS,"graphql/cxs-impl/src/main/java/org/apache/unomi/graphql/fetchers/BaseConnectionDataFetcher.java; graphql/cxs-impl/src/main/java/org/apache/unomi/graphql/condition/ConditionFactory.java"
unomi,f8a2ad0bbf249ca5569f1b213955ddd0091a0be1,"graphql/cxs-impl/src/main/java/org/apache/unomi/graphql/fetchers/ProfileConnectionDataFetcher.java",EXTRACT_CLASS,"graphql/cxs-impl/src/main/java/org/apache/unomi/graphql/fetchers/ProfileConnectionDataFetcher.java; graphql/cxs-impl/src/main/java/org/apache/unomi/graphql/condition/ProfileConditionFactory.java"
unomi,f8a2ad0bbf249ca5569f1b213955ddd0091a0be1,"graphql/cxs-impl/src/main/java/org/apache/unomi/graphql/fetchers/BaseConnectionDataFetcher.java",MOVE_OPERATION,"graphql/cxs-impl/src/main/java/org/apache/unomi/graphql/condition/ConditionFactory.java"
unomi,f8a2ad0bbf249ca5569f1b213955ddd0091a0be1,"graphql/cxs-impl/src/main/java/org/apache/unomi/graphql/fetchers/BaseConnectionDataFetcher.java",MOVE_OPERATION,"graphql/cxs-impl/src/main/java/org/apache/unomi/graphql/condition/ConditionFactory.java"
unomi,f8a2ad0bbf249ca5569f1b213955ddd0091a0be1,"graphql/cxs-impl/src/main/java/org/apache/unomi/graphql/fetchers/BaseConnectionDataFetcher.java",MOVE_OPERATION,"graphql/cxs-impl/src/main/java/org/apache/unomi/graphql/condition/ConditionFactory.java"
unomi,f8a2ad0bbf249ca5569f1b213955ddd0091a0be1,"graphql/cxs-impl/src/main/java/org/apache/unomi/graphql/fetchers/BaseConnectionDataFetcher.java",MOVE_OPERATION,"graphql/cxs-impl/src/main/java/org/apache/unomi/graphql/condition/ConditionFactory.java"
unomi,f8a2ad0bbf249ca5569f1b213955ddd0091a0be1,"graphql/cxs-impl/src/main/java/org/apache/unomi/graphql/fetchers/BaseConnectionDataFetcher.java",MOVE_OPERATION,"graphql/cxs-impl/src/main/java/org/apache/unomi/graphql/condition/ConditionFactory.java"
unomi,f8a2ad0bbf249ca5569f1b213955ddd0091a0be1,"graphql/cxs-impl/src/main/java/org/apache/unomi/graphql/fetchers/BaseConnectionDataFetcher.java",MOVE_OPERATION,"graphql/cxs-impl/src/main/java/org/apache/unomi/graphql/condition/ConditionFactory.java"
unomi,f8a2ad0bbf249ca5569f1b213955ddd0091a0be1,"graphql/cxs-impl/src/main/java/org/apache/unomi/graphql/fetchers/BaseConnectionDataFetcher.java",MOVE_OPERATION,"graphql/cxs-impl/src/main/java/org/apache/unomi/graphql/condition/ConditionFactory.java"
unomi,f8a2ad0bbf249ca5569f1b213955ddd0091a0be1,"graphql/cxs-impl/src/main/java/org/apache/unomi/graphql/fetchers/ProfileConnectionDataFetcher.java",MOVE_OPERATION,"graphql/cxs-impl/src/main/java/org/apache/unomi/graphql/condition/ProfileConditionFactory.java"
unomi,f8a2ad0bbf249ca5569f1b213955ddd0091a0be1,"graphql/cxs-impl/src/main/java/org/apache/unomi/graphql/fetchers/ProfileConnectionDataFetcher.java",MOVE_OPERATION,"graphql/cxs-impl/src/main/java/org/apache/unomi/graphql/condition/ProfileConditionFactory.java"
unomi,f8a2ad0bbf249ca5569f1b213955ddd0091a0be1,"graphql/cxs-impl/src/main/java/org/apache/unomi/graphql/fetchers/ProfileConnectionDataFetcher.java",MOVE_OPERATION,"graphql/cxs-impl/src/main/java/org/apache/unomi/graphql/condition/ProfileConditionFactory.java"
unomi,f8a2ad0bbf249ca5569f1b213955ddd0091a0be1,"graphql/cxs-impl/src/main/java/org/apache/unomi/graphql/fetchers/ProfileConnectionDataFetcher.java",MOVE_OPERATION,"graphql/cxs-impl/src/main/java/org/apache/unomi/graphql/condition/ProfileConditionFactory.java"
unomi,f8a2ad0bbf249ca5569f1b213955ddd0091a0be1,"graphql/cxs-impl/src/main/java/org/apache/unomi/graphql/fetchers/BaseConnectionDataFetcher.java",MOVE_OPERATION,"graphql/cxs-impl/src/main/java/org/apache/unomi/graphql/condition/EventConditionFactory.java"
unomi,f8a2ad0bbf249ca5569f1b213955ddd0091a0be1,"graphql/cxs-impl/src/main/java/org/apache/unomi/graphql/fetchers/BaseDataFetcher.java",MOVE_OPERATION,"graphql/cxs-impl/src/main/java/org/apache/unomi/graphql/condition/ConditionFactory.java"
unomi,f8a2ad0bbf249ca5569f1b213955ddd0091a0be1,"graphql/cxs-impl/src/main/java/org/apache/unomi/graphql/fetchers/SegmentConnectionDataFetcher.java",MOVE_OPERATION,"graphql/cxs-impl/src/main/java/org/apache/unomi/graphql/condition/ProfileConditionFactory.java"
unomi,c105fcc15cd1a5b3caa4c3b775606be17be048b7,"graphql/cxs-impl/src/main/java/org/apache/unomi/graphql/commands/segments/CreateOrUpdateSegmentCommand.java",EXTRACT_OPERATION,"graphql/cxs-impl/src/main/java/org/apache/unomi/graphql/commands/segments/CreateOrUpdateSegmentCommand.java"
unomi,c105fcc15cd1a5b3caa4c3b775606be17be048b7,"graphql/cxs-impl/src/main/java/org/apache/unomi/graphql/commands/segments/CreateOrUpdateSegmentCommand.java",EXTRACT_OPERATION,"graphql/cxs-impl/src/main/java/org/apache/unomi/graphql/commands/segments/CreateOrUpdateSegmentCommand.java"
unomi,c105fcc15cd1a5b3caa4c3b775606be17be048b7,"graphql/cxs-impl/src/main/java/org/apache/unomi/graphql/commands/segments/CreateOrUpdateSegmentCommand.java",EXTRACT_OPERATION,"graphql/cxs-impl/src/main/java/org/apache/unomi/graphql/commands/segments/CreateOrUpdateSegmentCommand.java"
unomi,c105fcc15cd1a5b3caa4c3b775606be17be048b7,"graphql/cxs-impl/src/main/java/org/apache/unomi/graphql/commands/segments/CreateOrUpdateSegmentCommand.java",EXTRACT_OPERATION,"graphql/cxs-impl/src/main/java/org/apache/unomi/graphql/commands/segments/CreateOrUpdateSegmentCommand.java"
unomi,4eed9bb802371c095a085c65a8f8e5da78cc9070,"graphql/cxs-impl/src/main/java/org/apache/unomi/graphql/fetchers/BaseConnectionDataFetcher.java",EXTRACT_OPERATION,"graphql/cxs-impl/src/main/java/org/apache/unomi/graphql/fetchers/BaseConnectionDataFetcher.java"
unomi,4eed9bb802371c095a085c65a8f8e5da78cc9070,"graphql/cxs-impl/src/main/java/org/apache/unomi/graphql/fetchers/BaseConnectionDataFetcher.java",EXTRACT_OPERATION,"graphql/cxs-impl/src/main/java/org/apache/unomi/graphql/fetchers/BaseConnectionDataFetcher.java"
unomi,74e293f64d54feff922b0f6fdec672bff16d7172,"graphql/cxs-impl/src/main/java/org/apache/unomi/graphql/fetchers/EventConnectionDataFetcher.java; graphql/cxs-impl/src/main/java/org/apache/unomi/graphql/fetchers/ProfileConnectionDataFetcher.java",EXTRACT_SUPERCLASS,"graphql/cxs-impl/src/main/java/org/apache/unomi/graphql/fetchers/EventConnectionDataFetcher.java; graphql/cxs-impl/src/main/java/org/apache/unomi/graphql/fetchers/ProfileConnectionDataFetcher.java; graphql/cxs-impl/src/main/java/org/apache/unomi/graphql/fetchers/BaseConnectionDataFetcher.java"
unomi,6c2661e82ab42eac012f9e974fd62c3ec6d28683,"graphql/cxs-impl/src/main/java/org/apache/unomi/graphql/fetchers/EventConnectionDataFetcher.java; graphql/cxs-impl/src/main/java/org/apache/unomi/graphql/fetchers/ProfileDataFetcher.java",EXTRACT_SUPERCLASS,"graphql/cxs-impl/src/main/java/org/apache/unomi/graphql/fetchers/EventConnectionDataFetcher.java; graphql/cxs-impl/src/main/java/org/apache/unomi/graphql/fetchers/profile/ProfileDataFetcher.java; graphql/cxs-impl/src/main/java/org/apache/unomi/graphql/fetchers/BaseDataFetcher.java"
unomi,f2aed7b56b1fe47e01fc0d11bf8d5c96353dffc7,"graphql/cxs-impl/src/main/java/org/apache/unomi/graphql/GraphQLSchemaUpdater.java",EXTRACT_OPERATION,"graphql/cxs-impl/src/main/java/org/apache/unomi/graphql/GraphQLSchemaUpdater.java"
unomi,b783ff7369cf5842407656ad95de3b362cc834ae,"graphql/cxs-impl/src/main/java/org/apache/unomi/graphql/GraphQLSchemaUpdater.java",EXTRACT_OPERATION,"graphql/cxs-impl/src/main/java/org/apache/unomi/graphql/GraphQLSchemaUpdater.java"
unomi,b7885cc5ec0e43cc7975f7b9e9e7a59dd8a53946,"graphql/cxs-impl/src/main/java/org/apache/unomi/graphql/servlet/CdpGraphQLApiServlet.java",EXTRACT_CLASS,"graphql/cxs-impl/src/main/java/org/apache/unomi/graphql/servlet/CdpGraphQLApiServlet.java; graphql/cxs-impl/src/main/java/org/apache/unomi/graphql/GraphQLSchemaUpdater.java"
unomi,b00cb7240d64ced1ae18bd1cbf9d63b47290b99a,"graphql/cxs-impl/src/main/java/org/apache/unomi/graphql/types/output/CDPProfile.java",EXTRACT_CLASS,"graphql/cxs-impl/src/main/java/org/apache/unomi/graphql/types/output/CDPProfile.java; graphql/cxs-impl/src/main/java/org/apache/unomi/graphql/fetchers/ProfileIdsDataFetcher.java"
unomi,b00cb7240d64ced1ae18bd1cbf9d63b47290b99a,"graphql/cxs-impl/src/main/java/org/apache/unomi/graphql/types/output/CDPProfile.java",MOVE_OPERATION,"graphql/cxs-impl/src/main/java/org/apache/unomi/graphql/fetchers/ProfileIdsDataFetcher.java"
unomi,b00cb7240d64ced1ae18bd1cbf9d63b47290b99a,"graphql/cxs-impl/src/main/java/org/apache/unomi/graphql/types/output/CDPProfile.java",MOVE_OPERATION,"graphql/cxs-impl/src/main/java/org/apache/unomi/graphql/fetchers/ProfileIdsDataFetcher.java"
unomi,53654c51c82541ebcfa2b85832fcf50bcc469549,"graphql/cxs-impl/src/main/java/org/apache/unomi/graphql/commands/GetCdpProfileCommand.java; graphql/cxs-impl/src/main/java/org/apache/unomi/graphql/commands/GetCdpSegmentsByProfileCommand.java",EXTRACT_SUPERCLASS,"graphql/cxs-impl/src/main/java/org/apache/unomi/graphql/commands/GetProfileCommand.java; graphql/cxs-impl/src/main/java/org/apache/unomi/graphql/commands/GetSegmentsByProfileCommand.java; graphql/cxs-impl/src/main/java/org/apache/unomi/graphql/commands/BaseCommand.java"
unomi,53654c51c82541ebcfa2b85832fcf50bcc469549,"graphql/cxs-impl/src/main/java/org/apache/unomi/graphql/commands/CdpBaseCommand.java",MOVE_OPERATION,"graphql/cxs-impl/src/main/java/org/apache/unomi/graphql/commands/BaseCommand.java"
unomi,caa035c7bd8dc36271b7268af0eb5cdc36992715,"graphql/cxs-impl/src/main/java/org/apache/unomi/graphql/commands/GetCdpProfileIdsCommand.java",EXTRACT_SUPERCLASS,"graphql/cxs-impl/src/main/java/org/apache/unomi/graphql/commands/GetCdpProfileCommand.java; graphql/cxs-impl/src/main/java/org/apache/unomi/graphql/commands/CdpBaseCommand.java"
unomi,caa035c7bd8dc36271b7268af0eb5cdc36992715,"graphql/cxs-impl/src/main/java/org/apache/unomi/graphql/commands/GetCdpProfileIdsCommand.java",MOVE_OPERATION,"graphql/cxs-impl/src/main/java/org/apache/unomi/graphql/types/CDP_Profile.java"
unomi,bc6a88792a6ffac44d0101d7254d02a6aade9cf3,"graphql/cxs-impl/src/main/java/org/apache/unomi/graphql/CXSMutation.java",MOVE_OPERATION,"graphql/cxs-impl/src/main/java/org/apache/unomi/graphql/CDPMutation.java"
unomi,bc6a88792a6ffac44d0101d7254d02a6aade9cf3,"graphql/cxs-impl/src/main/java/org/apache/unomi/graphql/CXSMutation.java",MOVE_OPERATION,"graphql/cxs-impl/src/main/java/org/apache/unomi/graphql/CDPMutation.java"
unomi,bc6a88792a6ffac44d0101d7254d02a6aade9cf3,"graphql/cxs-impl/src/main/java/org/apache/unomi/graphql/CXSMutation.java",MOVE_OPERATION,"graphql/cxs-impl/src/main/java/org/apache/unomi/graphql/CDPMutation.java"
unomi,bc6a88792a6ffac44d0101d7254d02a6aade9cf3,"graphql/cxs-impl/src/main/java/org/apache/unomi/graphql/CXSMutation.java",MOVE_OPERATION,"graphql/cxs-impl/src/main/java/org/apache/unomi/graphql/CDPMutation.java"
unomi,616dd6b56354af3a02174b989e81aba14fbf87ac,"graphql/cxs-impl/src/main/java/org/apache/unomi/graphql/internal/CXSGraphQLProviderImpl.java",EXTRACT_CLASS,"graphql/cxs-impl/src/main/java/org/apache/unomi/graphql/internal/CXSGraphQLProviderImpl.java; graphql/cxs-impl/src/main/java/org/apache/unomi/graphql/builders/CXSEventBuilders.java"
unomi,616dd6b56354af3a02174b989e81aba14fbf87ac,"graphql/cxs-impl/src/main/java/org/apache/unomi/graphql/internal/CXSGraphQLProviderImpl.java",MOVE_OPERATION,"graphql/cxs-impl/src/main/java/org/apache/unomi/graphql/builders/CXSEventBuilders.java"
unomi,616dd6b56354af3a02174b989e81aba14fbf87ac,"graphql/cxs-impl/src/main/java/org/apache/unomi/graphql/internal/CXSGraphQLProviderImpl.java",MOVE_OPERATION,"graphql/cxs-impl/src/main/java/org/apache/unomi/graphql/builders/CXSEventBuilders.java"
unomi,616dd6b56354af3a02174b989e81aba14fbf87ac,"graphql/cxs-impl/src/main/java/org/apache/unomi/graphql/internal/CXSGraphQLProviderImpl.java",MOVE_OPERATION,"graphql/cxs-impl/src/main/java/org/apache/unomi/graphql/builders/CXSEventBuilders.java"
unomi,616dd6b56354af3a02174b989e81aba14fbf87ac,"graphql/cxs-impl/src/main/java/org/apache/unomi/graphql/internal/CXSGraphQLProviderImpl.java",MOVE_OPERATION,"graphql/cxs-impl/src/main/java/org/apache/unomi/graphql/builders/CXSEventBuilders.java"
unomi,616dd6b56354af3a02174b989e81aba14fbf87ac,"graphql/cxs-impl/src/main/java/org/apache/unomi/graphql/internal/CXSGraphQLProviderImpl.java",MOVE_OPERATION,"graphql/cxs-impl/src/main/java/org/apache/unomi/graphql/builders/CXSEventBuilders.java"
unomi,616dd6b56354af3a02174b989e81aba14fbf87ac,"graphql/cxs-impl/src/main/java/org/apache/unomi/graphql/internal/CXSGraphQLProviderImpl.java",MOVE_OPERATION,"graphql/cxs-impl/src/main/java/org/apache/unomi/graphql/builders/CXSEventBuilders.java"
unomi,616dd6b56354af3a02174b989e81aba14fbf87ac,"graphql/cxs-impl/src/main/java/org/apache/unomi/graphql/internal/CXSGraphQLProviderImpl.java",MOVE_OPERATION,"graphql/cxs-impl/src/main/java/org/apache/unomi/graphql/builders/CXSEventBuilders.java"
unomi,616dd6b56354af3a02174b989e81aba14fbf87ac,"graphql/cxs-impl/src/main/java/org/apache/unomi/graphql/internal/CXSGraphQLProviderImpl.java",MOVE_OPERATION,"graphql/cxs-impl/src/main/java/org/apache/unomi/graphql/builders/CXSEventBuilders.java"
unomi,616dd6b56354af3a02174b989e81aba14fbf87ac,"graphql/cxs-impl/src/main/java/org/apache/unomi/graphql/internal/CXSGraphQLProviderImpl.java",MOVE_OPERATION,"graphql/cxs-impl/src/main/java/org/apache/unomi/graphql/builders/CXSEventBuilders.java"
unomi,616dd6b56354af3a02174b989e81aba14fbf87ac,"graphql/cxs-impl/src/main/java/org/apache/unomi/graphql/internal/CXSGraphQLProviderImpl.java",MOVE_OPERATION,"graphql/cxs-impl/src/main/java/org/apache/unomi/graphql/builders/CXSEventBuilders.java"
unomi,616dd6b56354af3a02174b989e81aba14fbf87ac,"graphql/cxs-impl/src/main/java/org/apache/unomi/graphql/internal/CXSGraphQLProviderImpl.java",MOVE_OPERATION,"graphql/cxs-impl/src/main/java/org/apache/unomi/graphql/builders/CXSEventBuilders.java"
unomi,616dd6b56354af3a02174b989e81aba14fbf87ac,"graphql/cxs-impl/src/main/java/org/apache/unomi/graphql/internal/CXSGraphQLProviderImpl.java",MOVE_OPERATION,"graphql/cxs-impl/src/main/java/org/apache/unomi/graphql/builders/CXSEventBuilders.java"
unomi,616dd6b56354af3a02174b989e81aba14fbf87ac,"graphql/cxs-impl/src/main/java/org/apache/unomi/graphql/internal/CXSGraphQLProviderImpl.java",MOVE_OPERATION,"graphql/cxs-impl/src/main/java/org/apache/unomi/graphql/builders/CXSEventBuilders.java"
unomi,616dd6b56354af3a02174b989e81aba14fbf87ac,"graphql/cxs-impl/src/main/java/org/apache/unomi/graphql/internal/CXSGraphQLProviderImpl.java",MOVE_OPERATION,"graphql/cxs-impl/src/main/java/org/apache/unomi/graphql/builders/CXSEventBuilders.java"
unomi,616dd6b56354af3a02174b989e81aba14fbf87ac,"graphql/cxs-impl/src/main/java/org/apache/unomi/graphql/internal/CXSGraphQLProviderImpl.java",MOVE_OPERATION,"graphql/cxs-impl/src/main/java/org/apache/unomi/graphql/builders/CXSEventBuilders.java"
unomi,616dd6b56354af3a02174b989e81aba14fbf87ac,"graphql/cxs-impl/src/main/java/org/apache/unomi/graphql/internal/CXSGraphQLProviderImpl.java",MOVE_OPERATION,"graphql/cxs-impl/src/main/java/org/apache/unomi/graphql/builders/CXSEventBuilders.java"
unomi,616dd6b56354af3a02174b989e81aba14fbf87ac,"graphql/cxs-impl/src/main/java/org/apache/unomi/graphql/internal/CXSGraphQLProviderImpl.java",MOVE_OPERATION,"graphql/cxs-impl/src/main/java/org/apache/unomi/graphql/builders/CXSEventBuilders.java"
unomi,616dd6b56354af3a02174b989e81aba14fbf87ac,"graphql/cxs-impl/src/main/java/org/apache/unomi/graphql/internal/CXSGraphQLProviderImpl.java",MOVE_OPERATION,"graphql/cxs-impl/src/main/java/org/apache/unomi/graphql/builders/CXSEventBuilders.java"
unomi,616dd6b56354af3a02174b989e81aba14fbf87ac,"graphql/cxs-impl/src/main/java/org/apache/unomi/graphql/internal/CXSGraphQLProviderImpl.java",MOVE_OPERATION,"graphql/cxs-impl/src/main/java/org/apache/unomi/graphql/builders/CXSEventBuilders.java"
unomi,621861d52838f18818d5e90950875220c4a2e62b,"plugins/baseplugin/src/main/java/org/apache/unomi/plugins/baseplugin/conditions/PropertyConditionEvaluator.java",EXTRACT_OPERATION,"plugins/baseplugin/src/main/java/org/apache/unomi/plugins/baseplugin/conditions/PropertyConditionEvaluator.java"
unomi,30093ce974a0e899d36f477f3cfbd6fd879e682d,"tools/shell-commands/src/main/java/org/apache/unomi/shell/migration/impl/MigrationTo150.java",EXTRACT_OPERATION,"tools/shell-commands/src/main/java/org/apache/unomi/shell/migration/impl/MigrationTo150.java"
unomi,7b17bc5c2733e4113842046301d54348ec50570b,"persistence-elasticsearch/core/src/main/java/org/apache/unomi/persistence/elasticsearch/ElasticSearchPersistenceServiceImpl.java",EXTRACT_OPERATION,"persistence-elasticsearch/core/src/main/java/org/apache/unomi/persistence/elasticsearch/ElasticSearchPersistenceServiceImpl.java"
unomi,acfe957e872b289edb0efc16a317dbd8ed5aeed0,"services/src/main/java/org/apache/unomi/services/impl/definitions/DefinitionsServiceImpl.java",EXTRACT_OPERATION,"services/src/main/java/org/apache/unomi/services/impl/definitions/DefinitionsServiceImpl.java"
unomi,acfe957e872b289edb0efc16a317dbd8ed5aeed0,"services/src/main/java/org/apache/unomi/services/impl/profiles/ProfileServiceImpl.java",EXTRACT_OPERATION,"services/src/main/java/org/apache/unomi/services/impl/profiles/ProfileServiceImpl.java"
unomi,f694fac1673902b91ac4ef029ca64d4d2b655f56,"persistence-elasticsearch/core/src/main/java/org/apache/unomi/persistence/elasticsearch/ElasticSearchPersistenceServiceImpl.java",EXTRACT_OPERATION,"persistence-elasticsearch/core/src/main/java/org/apache/unomi/persistence/elasticsearch/ElasticSearchPersistenceServiceImpl.java"
unomi,f694fac1673902b91ac4ef029ca64d4d2b655f56,"persistence-elasticsearch/core/src/main/java/org/apache/unomi/persistence/elasticsearch/ElasticSearchPersistenceServiceImpl.java",EXTRACT_OPERATION,"persistence-elasticsearch/core/src/main/java/org/apache/unomi/persistence/elasticsearch/ElasticSearchPersistenceServiceImpl.java"
unomi,f694fac1673902b91ac4ef029ca64d4d2b655f56,"persistence-elasticsearch/core/src/main/java/org/apache/unomi/persistence/elasticsearch/ElasticSearchPersistenceServiceImpl.java",EXTRACT_OPERATION,"persistence-elasticsearch/core/src/main/java/org/apache/unomi/persistence/elasticsearch/ElasticSearchPersistenceServiceImpl.java"
unomi,aa93b2e3a0231245f48b6aabce402be4acd09aa8,"persistence-elasticsearch/core/src/main/java/org/apache/unomi/persistence/elasticsearch/ElasticSearchPersistenceServiceImpl.java",EXTRACT_OPERATION,"persistence-elasticsearch/core/src/main/java/org/apache/unomi/persistence/elasticsearch/ElasticSearchPersistenceServiceImpl.java"
unomi,838fc1cb981d71676f39e4003fe0a8966bb0f7c6,"persistence-elasticsearch/core/src/main/java/org/apache/unomi/persistence/elasticsearch/ElasticSearchPersistenceServiceImpl.java",EXTRACT_OPERATION,"persistence-elasticsearch/core/src/main/java/org/apache/unomi/persistence/elasticsearch/ElasticSearchPersistenceServiceImpl.java"
unomi,2f877b51b5bd3398bbbbf473c2a698054de05f11,"tools/shell-dev-commands/src/main/java/org/apache/unomi/shell/commands/DeployDefinition.java",EXTRACT_SUPERCLASS,"tools/shell-dev-commands/src/main/java/org/apache/unomi/shell/commands/DeployDefinition.java; tools/shell-dev-commands/src/main/java/org/apache/unomi/shell/commands/DeploymentCommandSupport.java"
unomi,f67674e896cf1532a359600a62f8c1c7859b438e,"tools/shell-dev-commands/src/main/java/org/apache/unomi/shell/commands/EventTailCommand.java",EXTRACT_SUPERCLASS,"tools/shell-dev-commands/src/main/java/org/apache/unomi/shell/commands/EventTailCommand.java; tools/shell-dev-commands/src/main/java/org/apache/unomi/shell/commands/TailCommandSupport.java"
unomi,f67674e896cf1532a359600a62f8c1c7859b438e,"tools/shell-dev-commands/src/main/java/org/apache/unomi/shell/commands/EventTailCommand.java",EXTRACT_OPERATION,"tools/shell-dev-commands/src/main/java/org/apache/unomi/shell/commands/TailCommandSupport.java"
unomi,ae31c533c2f63820bd275c32cf0af0f5c2e6817c,"services/src/main/java/org/apache/unomi/services/services/SegmentServiceImpl.java",EXTRACT_OPERATION,"services/src/main/java/org/apache/unomi/services/services/SegmentServiceImpl.java"
unomi,bc549076dcebd76511ad0943071c895a9c05d06b,"plugins/baseplugin/src/main/java/org/apache/unomi/plugins/baseplugin/conditions/PastEventConditionESQueryBuilder.java",EXTRACT_OPERATION,"plugins/baseplugin/src/main/java/org/apache/unomi/plugins/baseplugin/conditions/PastEventConditionESQueryBuilder.java"
unomi,38ddefc48522977ddbbf93ccc08c9cea12362cad,"itests/src/test/java/org/apache/unomi/itests/BasicIT.java",EXTRACT_OPERATION,"itests/src/test/java/org/apache/unomi/itests/BasicIT.java"
unomi,38ddefc48522977ddbbf93ccc08c9cea12362cad,"itests/src/test/java/org/apache/unomi/itests/ProfileImportBasicIT.java",EXTRACT_OPERATION,"itests/src/test/java/org/apache/unomi/itests/ProfileImportBasicIT.java"
unomi,38ddefc48522977ddbbf93ccc08c9cea12362cad,"itests/src/test/java/org/apache/unomi/itests/ProfileImportBasicIT.java",EXTRACT_OPERATION,"itests/src/test/java/org/apache/unomi/itests/ProfileImportBasicIT.java"
unomi,38ddefc48522977ddbbf93ccc08c9cea12362cad,"itests/src/test/java/org/apache/unomi/itests/ProfileImportBasicIT.java",EXTRACT_OPERATION,"itests/src/test/java/org/apache/unomi/itests/ProfileImportBasicIT.java"
unomi,a171e3d8f6fee354285768e112b27c6c3ebd8d2a,"plugins/baseplugin/src/main/java/org/apache/unomi/plugins/baseplugin/actions/MergeProfilesOnPropertyAction.java",MOVE_OPERATION,"wab/src/main/java/org/apache/unomi/web/EventsCollectorServlet.java"
unomi,191fbbaab82a9fb4348e70f6a468c254e45b1e5c,"services/src/main/java/org/apache/unomi/services/services/EventServiceImpl.java",EXTRACT_OPERATION,"services/src/main/java/org/apache/unomi/services/services/EventServiceImpl.java"
unomi,7129cdb35e1624de3fa2e29eb2f7f2c19ee3f1ec,"persistence-elasticsearch/core/src/main/java/org/apache/unomi/persistence/elasticsearch/ElasticSearchPersistenceServiceImpl.java",EXTRACT_OPERATION,"persistence-elasticsearch/core/src/main/java/org/apache/unomi/persistence/elasticsearch/ElasticSearchPersistenceServiceImpl.java"
unomi,7129cdb35e1624de3fa2e29eb2f7f2c19ee3f1ec,"services/src/main/java/org/apache/unomi/services/services/QueryServiceImpl.java",EXTRACT_OPERATION,"services/src/main/java/org/apache/unomi/services/services/QueryServiceImpl.java"
unomi,510c524bfe0415a1fae8d643e7cac48b667b88b9,"services/src/main/java/org/apache/unomi/services/services/ProfileServiceImpl.java",EXTRACT_OPERATION,"services/src/main/java/org/apache/unomi/services/services/ProfileServiceImpl.java"
unomi,c638a13139fcab60867141384d4b9ffb2a0d0c72,"services/src/main/java/org/apache/unomi/services/services/ProfileServiceImpl.java",EXTRACT_CLASS,"services/src/main/java/org/apache/unomi/services/services/ProfileServiceImpl.java; services/src/main/java/org/apache/unomi/services/services/ProfileServiceImpl.java"
unomi,c638a13139fcab60867141384d4b9ffb2a0d0c72,"services/src/main/java/org/apache/unomi/services/services/ProfileServiceImpl.java",MOVE_OPERATION,"services/src/main/java/org/apache/unomi/services/services/ProfileServiceImpl.java"
unomi,f84401a7a64d25c18faf5fc8c4c0eaafde34d0fe,"services/src/main/java/org/apache/unomi/services/services/ProfileServiceImpl.java",EXTRACT_OPERATION,"services/src/main/java/org/apache/unomi/services/services/ProfileServiceImpl.java"
unomi,8df430d33d8b3cfd07f25a7116f3099d6dded78e,"tools/shell-dev-commands/src/main/java/org/apache/unomi/shell/commands/ActionListCommand.java; tools/shell-dev-commands/src/main/java/org/apache/unomi/shell/commands/RuleListCommand.java; tools/shell-dev-commands/src/main/java/org/apache/unomi/shell/commands/SegmentListCommand.java",EXTRACT_SUPERCLASS,"tools/shell-dev-commands/src/main/java/org/apache/unomi/shell/commands/ActionListCommand.java; tools/shell-dev-commands/src/main/java/org/apache/unomi/shell/commands/RuleListCommand.java; tools/shell-dev-commands/src/main/java/org/apache/unomi/shell/commands/SegmentListCommand.java; tools/shell-dev-commands/src/main/java/org/apache/unomi/shell/commands/ListCommandSupport.java"
unomi,952ad8f8c0ed7860976e56d1167de784c5f405cb,"persistence-elasticsearch/core/src/main/java/org/apache/unomi/persistence/elasticsearch/ElasticSearchPersistenceServiceImpl.java",EXTRACT_OPERATION,"persistence-elasticsearch/core/src/main/java/org/apache/unomi/persistence/elasticsearch/ElasticSearchPersistenceServiceImpl.java"
unomi,b194d7a536b5b875d929bd44baa3ecac05b4f40f,"services/src/main/java/org/apache/unomi/services/services/ProfileServiceImpl.java",EXTRACT_OPERATION,"services/src/main/java/org/apache/unomi/services/services/ProfileServiceImpl.java"
unomi,57a29f982c4dcb1e8dc7c1393a51fa6de23c302d,"plugins/baseplugin/src/main/java/org/apache/unomi/plugins/baseplugin/conditions/PropertyConditionEvaluator.java",EXTRACT_OPERATION,"plugins/baseplugin/src/main/java/org/apache/unomi/plugins/baseplugin/conditions/PropertyConditionEvaluator.java"
unomi,ab71266665407672307b7d38454247f717f96f12,"extensions/privacy-extension/services/src/main/java/org/apache/unomi/privacy/internal/PrivacyServiceImpl.java",EXTRACT_OPERATION,"extensions/privacy-extension/services/src/main/java/org/apache/unomi/privacy/internal/PrivacyServiceImpl.java"
unomi,ab71266665407672307b7d38454247f717f96f12,"extensions/privacy-extension/services/src/main/java/org/apache/unomi/privacy/internal/PrivacyServiceImpl.java",EXTRACT_OPERATION,"extensions/privacy-extension/services/src/main/java/org/apache/unomi/privacy/internal/PrivacyServiceImpl.java"
unomi,e7b09794cb11e95e79f06e854761bbce1a45870c,"extensions/unomi-mailchimp/services/src/main/java/org/apache/unomi/mailchimp/services/internal/MailChimpServiceImpl.java",EXTRACT_OPERATION,"extensions/unomi-mailchimp/services/src/main/java/org/apache/unomi/mailchimp/services/internal/MailChimpServiceImpl.java"
unomi,e7b09794cb11e95e79f06e854761bbce1a45870c,"extensions/unomi-mailchimp/services/src/main/java/org/apache/unomi/mailchimp/services/internal/MailChimpServiceImpl.java",EXTRACT_OPERATION,"extensions/unomi-mailchimp/services/src/main/java/org/apache/unomi/mailchimp/services/internal/MailChimpServiceImpl.java"
unomi,b22664dde4917d1775cef354b10c2edc346fb775,"extensions/unomi-mailchimp/services/src/main/java/org/apache/unomi/mailchimp/services/internal/MailChimpServiceImpl.java",EXTRACT_OPERATION,"extensions/unomi-mailchimp/services/src/main/java/org/apache/unomi/mailchimp/services/internal/MailChimpServiceImpl.java"
unomi,b2b1b312ef02e5f8bb8214202ea0166a57610637,"extensions/unomi-mailchimp/services/src/main/java/org/apache/unomi/mailchimp/services/HttpUtils.java",EXTRACT_OPERATION,"extensions/unomi-mailchimp/services/src/main/java/org/apache/unomi/mailchimp/services/HttpUtils.java"
unomi,62494af7cac24114d01d032b425246061762ebcc,"wab/src/main/java/org/apache/unomi/web/ClientServlet.java",EXTRACT_OPERATION,"wab/src/main/java/org/apache/unomi/web/ClientServlet.java"
unomi,1ed3acd795678a8ff356ddb3097824b826f0d2e8,"services/src/main/java/org/apache/unomi/services/services/SortServiceImpl.java",MOVE_OPERATION,"services/src/main/java/org/apache/unomi/services/services/PersonalizationServiceImpl.java"
unomi,adbb62a543f32e2db623f2a4e100d790de6900f0,"plugins/baseplugin/src/main/java/org/apache/unomi/plugins/baseplugin/actions/UpdatePropertiesAction.java",EXTRACT_OPERATION,"plugins/baseplugin/src/main/java/org/apache/unomi/plugins/baseplugin/actions/UpdatePropertiesAction.java"
unomi,adbb62a543f32e2db623f2a4e100d790de6900f0,"plugins/baseplugin/src/main/java/org/apache/unomi/plugins/baseplugin/actions/UpdatePropertiesAction.java",EXTRACT_OPERATION,"plugins/baseplugin/src/main/java/org/apache/unomi/plugins/baseplugin/actions/UpdatePropertiesAction.java"
unomi,d04794c1b2836a2333de88057ac60e9882c9642d,"extensions/salesforce-connector/services/src/main/java/org/apache/unomi/sfdc/services/internal/SFDCServiceImpl.java",EXTRACT_OPERATION,"extensions/salesforce-connector/services/src/main/java/org/apache/unomi/sfdc/services/internal/SFDCServiceImpl.java"
unomi,b190a4f7712d3c44fea74bdfb8eec44a88c295f8,"extensions/router/router-core/src/main/java/org/apache/unomi/router/core/context/RouterCamelContext.java",EXTRACT_INTERFACE,"extensions/router/router-core/src/main/java/org/apache/unomi/router/core/context/RouterCamelContext.java; extensions/router/router-api/src/main/java/org/apache/unomi/router/api/IRouterCamelContext.java"
unomi,79ba27236e3168798ffa234c07d4d7c6beeceb5a,"persistence-elasticsearch/core/src/main/java/org/apache/unomi/persistence/elasticsearch/ElasticSearchPersistenceServiceImpl.java",EXTRACT_OPERATION,"persistence-elasticsearch/core/src/main/java/org/apache/unomi/persistence/elasticsearch/ElasticSearchPersistenceServiceImpl.java"
unomi,9742f7bb8e8ac017488eb304f54c153ad2f12104,"plugins/baseplugin/src/main/java/org/apache/unomi/plugins/baseplugin/actions/SetPropertyAction.java",MOVE_OPERATION,"plugins/baseplugin/src/main/java/org/apache/unomi/plugins/baseplugin/actions/UpdateProfilePropertiesAction.java"
unomi,cd730387c772fa3bafe7f7f51c8e358616ce0b8e,"services/src/main/java/org/apache/unomi/services/services/ProfileServiceImpl.java",EXTRACT_OPERATION,"services/src/main/java/org/apache/unomi/services/services/ProfileServiceImpl.java"
unomi,8e6132d219e110f6c9ded953154f6591f1d9052a,"services/src/main/java/org/apache/unomi/services/services/DefinitionsServiceImpl.java",EXTRACT_OPERATION,"services/src/main/java/org/apache/unomi/services/services/DefinitionsServiceImpl.java"
unomi,8e6132d219e110f6c9ded953154f6591f1d9052a,"services/src/main/java/org/apache/unomi/services/services/DefinitionsServiceImpl.java",EXTRACT_OPERATION,"services/src/main/java/org/apache/unomi/services/services/DefinitionsServiceImpl.java"
unomi,8e6132d219e110f6c9ded953154f6591f1d9052a,"services/src/main/java/org/apache/unomi/services/services/ProfileServiceImpl.java",EXTRACT_OPERATION,"services/src/main/java/org/apache/unomi/services/services/ProfileServiceImpl.java"
unomi,0abd1437f856504bcd3c625217ae820919ab1b3c,"extensions/weather-update/core/src/main/java/org/apache/unomi/weatherupdate/actions/WeatherUpdateAction.java",EXTRACT_OPERATION,"extensions/weather-update/core/src/main/java/org/apache/unomi/weatherupdate/actions/WeatherUpdateAction.java"
unomi,0abd1437f856504bcd3c625217ae820919ab1b3c,"extensions/weather-update/core/src/main/java/org/apache/unomi/weatherupdate/actions/WeatherUpdateAction.java",EXTRACT_OPERATION,"extensions/weather-update/core/src/main/java/org/apache/unomi/weatherupdate/actions/WeatherUpdateAction.java"
unomi,777b13e95efb5582fadfb5781a1e71413a1a5983,"itests/src/test/java/org/apache/unomi/itests/ProfileImportSurfersIT.java",MOVE_OPERATION,"itests/src/test/java/org/apache/unomi/itests/ProfileImportSurfersDeleteIT.java"
unomi,b02863425db8ce65ceedfbc7cb835507024dd6ee,"itests/src/test/java/org/apache/unomi/itests/ProfileImportIT.java",MOVE_OPERATION,"itests/src/test/java/org/apache/unomi/itests/ProfileImportBasicIT.java"
unomi,9794636f1433da34c88a0d98b22423d5593e20f3,"extensions/router/router-service/src/main/java/org/apache/unomi/router/services/ProfileImportServiceImpl.java",EXTRACT_SUPERCLASS,"extensions/router/router-service/src/main/java/org/apache/unomi/router/services/ProfileImportServiceImpl.java; extensions/router/router-service/src/main/java/org/apache/unomi/router/services/AbstractCustomServiceImpl.java"
unomi,b7194f470d4ec728f0205b3386571f21d15f2bda,"extensions/router/router-core/src/main/java/org/apache/unomi/router/core/route/ProfileExportCollectRouteBuilder.java; extensions/router/router-core/src/main/java/org/apache/unomi/router/core/route/ProfileImportFromSourceRouteBuilder.java; extensions/router/router-core/src/main/java/org/apache/unomi/router/core/route/ProfileImportOneShotRouteBuilder.java; extensions/router/router-core/src/main/java/org/apache/unomi/router/core/route/ProfileImportToUnomiRouteBuilder.java",EXTRACT_SUPERCLASS,"extensions/router/router-core/src/main/java/org/apache/unomi/router/core/route/ProfileExportCollectRouteBuilder.java; extensions/router/router-core/src/main/java/org/apache/unomi/router/core/route/ProfileImportFromSourceRouteBuilder.java; extensions/router/router-core/src/main/java/org/apache/unomi/router/core/route/ProfileImportOneShotRouteBuilder.java; extensions/router/router-core/src/main/java/org/apache/unomi/router/core/route/ProfileImportToUnomiRouteBuilder.java; extensions/router/router-core/src/main/java/org/apache/unomi/router/core/route/RouterAbstractRouteBuilder.java"
unomi,b7194f470d4ec728f0205b3386571f21d15f2bda,"extensions/router/router-core/src/main/java/org/apache/unomi/router/core/route/ProfileImportAbstractRouteBuilder.java",MOVE_OPERATION,"extensions/router/router-core/src/main/java/org/apache/unomi/router/core/route/RouterAbstractRouteBuilder.java"
unomi,b7194f470d4ec728f0205b3386571f21d15f2bda,"extensions/router/router-core/src/main/java/org/apache/unomi/router/core/route/ProfileImportAbstractRouteBuilder.java",MOVE_OPERATION,"extensions/router/router-core/src/main/java/org/apache/unomi/router/core/route/RouterAbstractRouteBuilder.java"
unomi,c62f91d4bec9ef723f9af4e50c7506cb88ec02d9,"extensions/router/router-api/src/main/java/org/apache/unomi/router/api/ImportConfiguration.java",EXTRACT_SUPERCLASS,"extensions/router/router-api/src/main/java/org/apache/unomi/router/api/ImportConfiguration.java; extensions/router/router-api/src/main/java/org/apache/unomi/router/api/ImportExportConfiguration.java"
unomi,c62f91d4bec9ef723f9af4e50c7506cb88ec02d9,"extensions/router/router-rest/src/main/java/org/apache/unomi/router/rest/ImportConfigurationServiceEndPoint.java",EXTRACT_SUPERCLASS,"extensions/router/router-rest/src/main/java/org/apache/unomi/router/rest/ImportConfigurationServiceEndPoint.java; extensions/router/router-rest/src/main/java/org/apache/unomi/router/rest/AbstractConfigurationServiceEndpoint.java"
unomi,c62f91d4bec9ef723f9af4e50c7506cb88ec02d9,"extensions/router/router-service/src/main/java/org/apache/unomi/router/services/ImportConfigurationServiceImpl.java",EXTRACT_SUPERCLASS,"extensions/router/router-service/src/main/java/org/apache/unomi/router/services/ImportConfigurationServiceImpl.java; extensions/router/router-service/src/main/java/org/apache/unomi/router/services/AbstractConfigurationServiceImpl.java"
unomi,c62f91d4bec9ef723f9af4e50c7506cb88ec02d9,"extensions/router/router-core/src/main/java/org/apache/unomi/router/core/route/ProfileImportConfigUpdateRouteBuilder.java",MOVE_OPERATION,"extensions/router/router-core/src/main/java/org/apache/unomi/router/core/route/ConfigUpdateRouteBuilder.java"
unomi,8231d5640d45f1f9ee8b20a8b239c54a4205ab7c,"extensions/router/router-core/src/main/java/org/apache/unomi/router/core/route/ProfileImportSourceToKafkaRouteBuilder.java; extensions/router/router-core/src/main/java/org/apache/unomi/router/core/route/ProfileImportKafkaToUnomiRouteBuilder.java; extensions/router/router-core/src/main/java/org/apache/unomi/router/core/route/ProfileImportOneShotRouteBuilder.java",EXTRACT_SUPERCLASS,"extensions/router/router-core/src/main/java/org/apache/unomi/router/core/route/ProfileImportFromSourceRouteBuilder.java; extensions/router/router-core/src/main/java/org/apache/unomi/router/core/route/ProfileImportToUnomiRouteBuilder.java; extensions/router/router-core/src/main/java/org/apache/unomi/router/core/route/ProfileImportOneShotRouteBuilder.java; extensions/router/router-core/src/main/java/org/apache/unomi/router/core/route/ProfileImportAbstractRouteBuilder.java"
unomi,f597a69a2cec921cb86eafd6c8e04e880f7ab7a2,"services/src/main/java/org/apache/unomi/services/services/ClusterServiceImpl.java",EXTRACT_OPERATION,"services/src/main/java/org/apache/unomi/services/services/ClusterServiceImpl.java"
unomi,22f297c0399ff53bf887293be31c1374ab7b429f,"services/src/main/java/org/apache/unomi/services/services/SegmentServiceImpl.java",EXTRACT_SUPERCLASS,"services/src/main/java/org/apache/unomi/services/services/SegmentServiceImpl.java; services/src/main/java/org/apache/unomi/services/services/AbstractServiceImpl.java"
unomi,e1e5b58109cb71c00fe0b3725e0b2daa3a7f18a0,"services/src/main/java/org/apache/unomi/services/services/DefinitionsServiceImpl.java",EXTRACT_OPERATION,"services/src/main/java/org/apache/unomi/services/services/DefinitionsServiceImpl.java"
unomi,32a7704f3f591bb8742fd12bbd4dc118191843d5,"lifecycle-watcher/src/main/java/org/apache/unomi/lifecycle/BundleWatcher.java",EXTRACT_OPERATION,"lifecycle-watcher/src/main/java/org/apache/unomi/lifecycle/BundleWatcher.java"
unomi,e61412fc90abc210d638c8b8cb848efd4be057a4,"services/src/main/java/org/apache/unomi/services/services/ClusterServiceImpl.java",EXTRACT_OPERATION,"services/src/main/java/org/apache/unomi/services/services/ClusterServiceImpl.java"
unomi,a5b7b15650afd5b9086eedfce8fa406c8095d580,"persistence-elasticsearch/core/src/main/java/org/apache/unomi/persistence/elasticsearch/ElasticSearchPersistenceServiceImpl.java",EXTRACT_CLASS,"persistence-elasticsearch/core/src/main/java/org/apache/unomi/persistence/elasticsearch/ElasticSearchPersistenceServiceImpl.java; services/src/main/java/org/apache/unomi/services/services/ClusterServiceImpl.java"
unomi,a5b7b15650afd5b9086eedfce8fa406c8095d580,"persistence-elasticsearch/core/src/main/java/org/apache/unomi/persistence/elasticsearch/ElasticSearchPersistenceServiceImpl.java",MOVE_OPERATION,"services/src/main/java/org/apache/unomi/services/services/ClusterServiceImpl.java"
unomi,a5b7b15650afd5b9086eedfce8fa406c8095d580,"persistence-elasticsearch/core/src/main/java/org/apache/unomi/persistence/elasticsearch/ElasticSearchPersistenceServiceImpl.java",MOVE_OPERATION,"services/src/main/java/org/apache/unomi/services/services/ClusterServiceImpl.java"
unomi,a5b7b15650afd5b9086eedfce8fa406c8095d580,"persistence-elasticsearch/core/src/main/java/org/apache/unomi/persistence/elasticsearch/ElasticSearchPersistenceServiceImpl.java",MOVE_OPERATION,"services/src/main/java/org/apache/unomi/services/services/ClusterServiceImpl.java"
unomi,a5b7b15650afd5b9086eedfce8fa406c8095d580,"persistence-elasticsearch/core/src/main/java/org/apache/unomi/persistence/elasticsearch/ElasticSearchPersistenceServiceImpl.java",MOVE_OPERATION,"services/src/main/java/org/apache/unomi/services/services/ClusterServiceImpl.java"
unomi,a5b7b15650afd5b9086eedfce8fa406c8095d580,"persistence-elasticsearch/core/src/main/java/org/apache/unomi/persistence/elasticsearch/ElasticSearchPersistenceServiceImpl.java",MOVE_OPERATION,"services/src/main/java/org/apache/unomi/services/services/ClusterServiceImpl.java"
unomi,a5b7b15650afd5b9086eedfce8fa406c8095d580,"persistence-elasticsearch/core/src/main/java/org/apache/unomi/persistence/elasticsearch/ElasticSearchPersistenceServiceImpl.java",MOVE_OPERATION,"services/src/main/java/org/apache/unomi/services/services/ClusterServiceImpl.java"
unomi,a5b7b15650afd5b9086eedfce8fa406c8095d580,"persistence-elasticsearch/core/src/main/java/org/apache/unomi/persistence/elasticsearch/ElasticSearchPersistenceServiceImpl.java",MOVE_OPERATION,"services/src/main/java/org/apache/unomi/services/services/ClusterServiceImpl.java"
unomi,a5b7b15650afd5b9086eedfce8fa406c8095d580,"persistence-elasticsearch/core/src/main/java/org/apache/unomi/persistence/elasticsearch/ElasticSearchPersistenceServiceImpl.java",MOVE_OPERATION,"services/src/main/java/org/apache/unomi/services/services/ClusterServiceImpl.java"
unomi,a5b7b15650afd5b9086eedfce8fa406c8095d580,"persistence-elasticsearch/core/src/main/java/org/apache/unomi/persistence/elasticsearch/ElasticSearchPersistenceServiceImpl.java",MOVE_OPERATION,"services/src/main/java/org/apache/unomi/services/services/ClusterServiceImpl.java"
unomi,2942393130484159114c4824e49b815f6d45d981,"persistence-elasticsearch/core/src/main/java/org/apache/unomi/persistence/elasticsearch/ElasticSearchPersistenceServiceImpl.java",EXTRACT_OPERATION,"persistence-elasticsearch/core/src/main/java/org/apache/unomi/persistence/elasticsearch/ElasticSearchPersistenceServiceImpl.java"
unomi,ac2c9ba5c6b955048ac47afb402dc80e1213f16f,"persistence-elasticsearch/core/src/main/java/org/apache/unomi/persistence/elasticsearch/ElasticSearchPersistenceServiceImpl.java",EXTRACT_OPERATION,"persistence-elasticsearch/core/src/main/java/org/apache/unomi/persistence/elasticsearch/ElasticSearchPersistenceServiceImpl.java"
unomi,8b5a44bb1d9bc0090a6e4d11587d02b542acc567,"persistence-elasticsearch/core/src/main/java/org/apache/unomi/persistence/elasticsearch/ElasticSearchPersistenceServiceImpl.java",EXTRACT_OPERATION,"persistence-elasticsearch/core/src/main/java/org/apache/unomi/persistence/elasticsearch/ElasticSearchPersistenceServiceImpl.java"
unomi,603346ad3fc50756edbeeaa19e6204e7b82815fe,"extensions/geonames/services/src/main/java/org/apache/unomi/geonames/services/GeonamesServiceImpl.java",EXTRACT_OPERATION,"extensions/geonames/services/src/main/java/org/apache/unomi/geonames/services/GeonamesServiceImpl.java"
unomi,661daeea5951fe7219508e710609a965a3192989,"persistence-elasticsearch/core/src/main/java/org/apache/unomi/persistence/elasticsearch/ElasticSearchPersistenceServiceImpl.java",EXTRACT_OPERATION,"persistence-elasticsearch/core/src/main/java/org/apache/unomi/persistence/elasticsearch/ElasticSearchPersistenceServiceImpl.java"
unomi,c63d85e39ea6eb801bd7f3636420051d5b33fa39,"persistence-elasticsearch/core/src/main/java/org/apache/unomi/persistence/elasticsearch/ElasticSearchPersistenceServiceImpl.java",EXTRACT_OPERATION,"persistence-elasticsearch/core/src/main/java/org/apache/unomi/persistence/elasticsearch/ElasticSearchPersistenceServiceImpl.java"
unomi,eee8d6f5585dc58b96462217cec4abe4f6cb71ba,"services/src/main/java/org/apache/unomi/services/services/ProfileServiceImpl.java",EXTRACT_OPERATION,"services/src/main/java/org/apache/unomi/services/services/ProfileServiceImpl.java"
unomi,30a51a23dc73c6c6c794056aeeed2108c146bc60,"services/src/main/java/org/apache/unomi/services/services/SegmentServiceImpl.java",EXTRACT_OPERATION,"services/src/main/java/org/apache/unomi/services/services/SegmentServiceImpl.java"
unomi,510ae898bfe57e948c7d4c0b0b80f7f561217b5f,"rest/src/main/java/org/apache/unomi/rest/ProfileServiceEndPoint.java",EXTRACT_OPERATION,"rest/src/main/java/org/apache/unomi/rest/ProfileServiceEndPoint.java"
unomi,510ae898bfe57e948c7d4c0b0b80f7f561217b5f,"rest/src/main/java/org/apache/unomi/rest/ProfileServiceEndPoint.java",EXTRACT_OPERATION,"rest/src/main/java/org/apache/unomi/rest/ProfileServiceEndPoint.java"
unomi,131ebd88dbe89bfc1f80fec44c592b7e119b700a,"services/src/main/java/org/oasis_open/contextserver/impl/services/SegmentServiceImpl.java",EXTRACT_OPERATION,"services/src/main/java/org/oasis_open/contextserver/impl/services/SegmentServiceImpl.java"
unomi,131ebd88dbe89bfc1f80fec44c592b7e119b700a,"services/src/main/java/org/oasis_open/contextserver/impl/services/SegmentServiceImpl.java",EXTRACT_OPERATION,"services/src/main/java/org/oasis_open/contextserver/impl/services/SegmentServiceImpl.java"
unomi,131ebd88dbe89bfc1f80fec44c592b7e119b700a,"services/src/main/java/org/oasis_open/contextserver/impl/services/SegmentServiceImpl.java",EXTRACT_OPERATION,"services/src/main/java/org/oasis_open/contextserver/impl/services/SegmentServiceImpl.java"
unomi,b10aaa52ad2293172557f5899f3d79a2b84a0539,"geonames/services/src/main/java/org/jahia/unomi/geonames/services/GeonamesServiceImpl.java",EXTRACT_OPERATION,"geonames/services/src/main/java/org/jahia/unomi/geonames/services/GeonamesServiceImpl.java"
unomi,993ddbb01463a28de2881b33739a427e684ceacf,"persistence-elasticsearch/core/src/main/java/org/oasis_open/contextserver/persistence/elasticsearch/ElasticSearchPersistenceServiceImpl.java",EXTRACT_OPERATION,"persistence-elasticsearch/core/src/main/java/org/oasis_open/contextserver/persistence/elasticsearch/ElasticSearchPersistenceServiceImpl.java"
unomi,993ddbb01463a28de2881b33739a427e684ceacf,"persistence-elasticsearch/core/src/main/java/org/oasis_open/contextserver/persistence/elasticsearch/ElasticSearchPersistenceServiceImpl.java",EXTRACT_OPERATION,"persistence-elasticsearch/core/src/main/java/org/oasis_open/contextserver/persistence/elasticsearch/ElasticSearchPersistenceServiceImpl.java"
unomi,993ddbb01463a28de2881b33739a427e684ceacf,"persistence-elasticsearch/core/src/main/java/org/oasis_open/contextserver/persistence/elasticsearch/ElasticSearchPersistenceServiceImpl.java",EXTRACT_OPERATION,"persistence-elasticsearch/core/src/main/java/org/oasis_open/contextserver/persistence/elasticsearch/ElasticSearchPersistenceServiceImpl.java"
unomi,11afd67b279f0c5c889d730f8defdfcbf8187a04,"persistence-elasticsearch/core/src/main/java/org/oasis_open/contextserver/persistence/elasticsearch/ElasticSearchPersistenceServiceImpl.java",EXTRACT_OPERATION,"persistence-elasticsearch/core/src/main/java/org/oasis_open/contextserver/persistence/elasticsearch/ElasticSearchPersistenceServiceImpl.java"
unomi,7adc4772bbcf1038640c7501b3836683c2609bac,"plugins/request/src/main/java/org/oasis_open/contextserver/plugins/request/actions/SetRemoteHostInfoAction.java",EXTRACT_OPERATION,"plugins/request/src/main/java/org/oasis_open/contextserver/plugins/request/actions/SetRemoteHostInfoAction.java"
unomi,7adc4772bbcf1038640c7501b3836683c2609bac,"plugins/request/src/main/java/org/oasis_open/contextserver/plugins/request/actions/SetRemoteHostInfoAction.java",EXTRACT_OPERATION,"plugins/request/src/main/java/org/oasis_open/contextserver/plugins/request/actions/SetRemoteHostInfoAction.java"
unomi,7adc4772bbcf1038640c7501b3836683c2609bac,"plugins/request/src/main/java/org/oasis_open/contextserver/plugins/request/actions/SetRemoteHostInfoAction.java",EXTRACT_OPERATION,"plugins/request/src/main/java/org/oasis_open/contextserver/plugins/request/actions/SetRemoteHostInfoAction.java"
unomi,2d71a2d5cc313257205600feb935d6d631ef2ec7,"persistence-elasticsearch/core/src/main/java/org/oasis_open/contextserver/persistence/elasticsearch/ElasticSearchPersistenceServiceImpl.java",EXTRACT_OPERATION,"persistence-elasticsearch/core/src/main/java/org/oasis_open/contextserver/persistence/elasticsearch/ElasticSearchPersistenceServiceImpl.java"
unomi,2d71a2d5cc313257205600feb935d6d631ef2ec7,"persistence-elasticsearch/core/src/main/java/org/oasis_open/contextserver/persistence/elasticsearch/ElasticSearchPersistenceServiceImpl.java",EXTRACT_OPERATION,"persistence-elasticsearch/core/src/main/java/org/oasis_open/contextserver/persistence/elasticsearch/ElasticSearchPersistenceServiceImpl.java"
unomi,341cd20ba6605896185d5136fcc78a82d5d62a99,"services/src/main/java/org/oasis_open/contextserver/impl/services/SegmentServiceImpl.java",EXTRACT_OPERATION,"services/src/main/java/org/oasis_open/contextserver/impl/services/SegmentServiceImpl.java"
unomi,c98cc35d635eec8cf3cfaf0c81e4dbbc4fdab56e,"plugins/baseplugin/src/main/java/org/oasis_open/contextserver/plugins/baseplugin/conditions/PropertyConditionEvaluator.java",MOVE_OPERATION,"persistence-spi/src/main/java/org/oasis_open/contextserver/persistence/spi/PropertyHelper.java"
unomi,11cef4e36aedfe6fd2c8945ba217c8419c6ddc27,"services/src/main/java/org/oasis_open/contextserver/impl/services/SegmentServiceImpl.java",EXTRACT_OPERATION,"services/src/main/java/org/oasis_open/contextserver/impl/services/SegmentServiceImpl.java"
unomi,b134f9af3d09400338c7b1c8bb7032669d7db899,"api/src/main/java/org/oasis_open/contextserver/api/services/DefinitionsService.java",MOVE_OPERATION,"api/src/main/java/org/oasis_open/contextserver/api/services/ProfileService.java"
unomi,b134f9af3d09400338c7b1c8bb7032669d7db899,"api/src/main/java/org/oasis_open/contextserver/api/services/DefinitionsService.java",MOVE_OPERATION,"api/src/main/java/org/oasis_open/contextserver/api/services/ProfileService.java"
unomi,b134f9af3d09400338c7b1c8bb7032669d7db899,"api/src/main/java/org/oasis_open/contextserver/api/services/DefinitionsService.java",MOVE_OPERATION,"api/src/main/java/org/oasis_open/contextserver/api/services/ProfileService.java"
unomi,b134f9af3d09400338c7b1c8bb7032669d7db899,"api/src/main/java/org/oasis_open/contextserver/api/services/QueryService.java",MOVE_OPERATION,"api/src/main/java/org/oasis_open/contextserver/api/services/ProfileService.java"
unomi,b134f9af3d09400338c7b1c8bb7032669d7db899,"rest/src/main/java/org/oasis_open/contextserver/rest/DefinitionsServiceEndPoint.java",MOVE_OPERATION,"rest/src/main/java/org/oasis_open/contextserver/rest/ProfileServiceEndPoint.java"
unomi,b134f9af3d09400338c7b1c8bb7032669d7db899,"services/src/main/java/org/oasis_open/contextserver/impl/services/QueryServiceImpl.java",MOVE_OPERATION,"services/src/main/java/org/oasis_open/contextserver/impl/services/ProfileServiceImpl.java"
unomi,b134f9af3d09400338c7b1c8bb7032669d7db899,"services/src/main/java/org/oasis_open/contextserver/impl/services/DefinitionsServiceImpl.java",MOVE_OPERATION,"services/src/main/java/org/oasis_open/contextserver/impl/services/ProfileServiceImpl.java"
unomi,b134f9af3d09400338c7b1c8bb7032669d7db899,"services/src/main/java/org/oasis_open/contextserver/impl/services/DefinitionsServiceImpl.java",MOVE_OPERATION,"services/src/main/java/org/oasis_open/contextserver/impl/services/ProfileServiceImpl.java"
unomi,231e546a35bda256d2788fa5a898bf71a50d93c6,"persistence-elasticsearch/core/src/main/java/org/oasis_open/contextserver/persistence/elasticsearch/ElasticSearchPersistenceServiceImpl.java",MOVE_OPERATION,"services/src/main/java/org/oasis_open/contextserver/impl/services/ProfileServiceImpl.java"
unomi,fd04164948e42d4e95bbfa3c8654fc1daaa6863a,"services/src/main/java/org/oasis_open/contextserver/impl/services/ProfileServiceImpl.java",EXTRACT_OPERATION,"services/src/main/java/org/oasis_open/contextserver/impl/services/ProfileServiceImpl.java"
unomi,8ff1ae22a3d3818ce29ee98ec8d2fa76e808bb37,"rest/src/main/java/org/oasis_open/contextserver/rest/ProfileServiceEndPoint.java",MOVE_OPERATION,"rest/src/main/java/org/oasis_open/contextserver/rest/QueryServiceEndPoint.java"
unomi,525ddbd1d916c9e9e174f4d0d079c8d54f5f8c2a,"rest/src/main/java/org/oasis_open/contextserver/rest/LocalizationHelper.java",EXTRACT_OPERATION,"rest/src/main/java/org/oasis_open/contextserver/rest/LocalizationHelper.java"
unomi,525ddbd1d916c9e9e174f4d0d079c8d54f5f8c2a,"rest/src/main/java/org/oasis_open/contextserver/rest/LocalizationHelper.java",EXTRACT_OPERATION,"rest/src/main/java/org/oasis_open/contextserver/rest/LocalizationHelper.java"
unomi,aa8f16a3cd34260c0896ba453169a2cd779493ea,"services/src/main/java/org/oasis_open/contextserver/impl/services/ProfileServiceImpl.java",EXTRACT_OPERATION,"services/src/main/java/org/oasis_open/contextserver/impl/services/ProfileServiceImpl.java"
unomi,aa8f16a3cd34260c0896ba453169a2cd779493ea,"services/src/main/java/org/oasis_open/contextserver/impl/services/ProfileServiceImpl.java",EXTRACT_OPERATION,"services/src/main/java/org/oasis_open/contextserver/impl/services/ProfileServiceImpl.java"
unomi,ff3b4dbf789572a648fe6fd4660fe7a521af5cc2,"services/src/main/java/org/oasis_open/contextserver/impl/services/SegmentServiceImpl.java",EXTRACT_OPERATION,"services/src/main/java/org/oasis_open/contextserver/impl/services/SegmentServiceImpl.java"
unomi,bc1512c5369e24acfe7d7fad83fab18613d94f10,"rest/src/main/java/org/oasis_open/contextserver/rest/DefinitionsServiceEndPoint.java",EXTRACT_CLASS,"rest/src/main/java/org/oasis_open/contextserver/rest/DefinitionsServiceEndPoint.java; rest/src/main/java/org/oasis_open/contextserver/rest/LocalizationHelper.java"
unomi,bc1512c5369e24acfe7d7fad83fab18613d94f10,"rest/src/main/java/org/oasis_open/contextserver/rest/DefinitionsServiceEndPoint.java",MOVE_OPERATION,"rest/src/main/java/org/oasis_open/contextserver/rest/LocalizationHelper.java"
unomi,bc1512c5369e24acfe7d7fad83fab18613d94f10,"rest/src/main/java/org/oasis_open/contextserver/rest/DefinitionsServiceEndPoint.java",MOVE_OPERATION,"rest/src/main/java/org/oasis_open/contextserver/rest/LocalizationHelper.java"
unomi,bc1512c5369e24acfe7d7fad83fab18613d94f10,"rest/src/main/java/org/oasis_open/contextserver/rest/DefinitionsServiceEndPoint.java",MOVE_OPERATION,"rest/src/main/java/org/oasis_open/contextserver/rest/LocalizationHelper.java"
unomi,bc1512c5369e24acfe7d7fad83fab18613d94f10,"rest/src/main/java/org/oasis_open/contextserver/rest/DefinitionsServiceEndPoint.java",MOVE_OPERATION,"rest/src/main/java/org/oasis_open/contextserver/rest/LocalizationHelper.java"
unomi,bc1512c5369e24acfe7d7fad83fab18613d94f10,"rest/src/main/java/org/oasis_open/contextserver/rest/DefinitionsServiceEndPoint.java",MOVE_OPERATION,"rest/src/main/java/org/oasis_open/contextserver/rest/LocalizationHelper.java"
unomi,bc1512c5369e24acfe7d7fad83fab18613d94f10,"rest/src/main/java/org/oasis_open/contextserver/rest/DefinitionsServiceEndPoint.java",MOVE_OPERATION,"rest/src/main/java/org/oasis_open/contextserver/rest/LocalizationHelper.java"
unomi,bc1512c5369e24acfe7d7fad83fab18613d94f10,"rest/src/main/java/org/oasis_open/contextserver/rest/DefinitionsServiceEndPoint.java",MOVE_OPERATION,"rest/src/main/java/org/oasis_open/contextserver/rest/LocalizationHelper.java"
unomi,bc1512c5369e24acfe7d7fad83fab18613d94f10,"rest/src/main/java/org/oasis_open/contextserver/rest/DefinitionsServiceEndPoint.java",MOVE_OPERATION,"rest/src/main/java/org/oasis_open/contextserver/rest/LocalizationHelper.java"
unomi,bc1512c5369e24acfe7d7fad83fab18613d94f10,"rest/src/main/java/org/oasis_open/contextserver/rest/DefinitionsServiceEndPoint.java",MOVE_OPERATION,"rest/src/main/java/org/oasis_open/contextserver/rest/LocalizationHelper.java"
unomi,bc1512c5369e24acfe7d7fad83fab18613d94f10,"rest/src/main/java/org/oasis_open/contextserver/rest/DefinitionsServiceEndPoint.java",MOVE_OPERATION,"rest/src/main/java/org/oasis_open/contextserver/rest/LocalizationHelper.java"
unomi,bc1512c5369e24acfe7d7fad83fab18613d94f10,"rest/src/main/java/org/oasis_open/contextserver/rest/DefinitionsServiceEndPoint.java",MOVE_OPERATION,"rest/src/main/java/org/oasis_open/contextserver/rest/LocalizationHelper.java"
unomi,bc1512c5369e24acfe7d7fad83fab18613d94f10,"rest/src/main/java/org/oasis_open/contextserver/rest/DefinitionsServiceEndPoint.java",MOVE_OPERATION,"rest/src/main/java/org/oasis_open/contextserver/rest/LocalizationHelper.java"
unomi,bc1512c5369e24acfe7d7fad83fab18613d94f10,"rest/src/main/java/org/oasis_open/contextserver/rest/DefinitionsServiceEndPoint.java",MOVE_OPERATION,"rest/src/main/java/org/oasis_open/contextserver/rest/LocalizationHelper.java"
unomi,9ff340cfa06128a90e6197ed4069d25731cc1113,"services/src/main/java/org/oasis_open/contextserver/impl/services/SegmentServiceImpl.java",EXTRACT_OPERATION,"services/src/main/java/org/oasis_open/contextserver/impl/services/SegmentServiceImpl.java"
unomi,83b193e6eb2bdfcbaa15ffef32abb05a9320ba38,"services/src/main/java/org/oasis_open/contextserver/impl/services/SegmentServiceImpl.java",EXTRACT_OPERATION,"services/src/main/java/org/oasis_open/contextserver/impl/services/SegmentServiceImpl.java"
unomi,83b193e6eb2bdfcbaa15ffef32abb05a9320ba38,"services/src/main/java/org/oasis_open/contextserver/impl/services/SegmentServiceImpl.java",EXTRACT_OPERATION,"services/src/main/java/org/oasis_open/contextserver/impl/services/SegmentServiceImpl.java"
unomi,d86b3ff2df5a918497330f42114b36e788c463c9,"persistence-elasticsearch/core/src/main/java/org/oasis_open/contextserver/persistence/elasticsearch/ElasticSearchPersistenceServiceImpl.java",EXTRACT_OPERATION,"persistence-elasticsearch/core/src/main/java/org/oasis_open/contextserver/persistence/elasticsearch/ElasticSearchPersistenceServiceImpl.java"
unomi,6ae8c26e4bde9a1ec7bee3dc21a7c75dd06ed303,"services/src/main/java/org/oasis_open/contextserver/impl/services/RulesServiceImpl.java",MOVE_OPERATION,"services/src/main/java/org/oasis_open/contextserver/impl/services/DefinitionsServiceImpl.java"
unomi,6ae8c26e4bde9a1ec7bee3dc21a7c75dd06ed303,"services/src/main/java/org/oasis_open/contextserver/impl/services/RulesServiceImpl.java",MOVE_OPERATION,"services/src/main/java/org/oasis_open/contextserver/impl/services/DefinitionsServiceImpl.java"
unomi,0f0d9c0403f0c95761375bcaefda992ee6d953c7,"api/src/main/java/org/oasis_open/contextserver/api/campaigns/Campaign.java; api/src/main/java/org/oasis_open/contextserver/api/goals/Goal.java; api/src/main/java/org/oasis_open/contextserver/api/rules/Rule.java; api/src/main/java/org/oasis_open/contextserver/api/segments/Scoring.java; api/src/main/java/org/oasis_open/contextserver/api/segments/Segment.java",EXTRACT_SUPERCLASS,"api/src/main/java/org/oasis_open/contextserver/api/campaigns/Campaign.java; api/src/main/java/org/oasis_open/contextserver/api/goals/Goal.java; api/src/main/java/org/oasis_open/contextserver/api/rules/Rule.java; api/src/main/java/org/oasis_open/contextserver/api/segments/Scoring.java; api/src/main/java/org/oasis_open/contextserver/api/segments/Segment.java; api/src/main/java/org/oasis_open/contextserver/api/MetadataItem.java"
unomi,d9f8d0299bbbb7faa9409d12e80a74ed05bec646,"services/src/main/java/org/oasis_open/contextserver/impl/services/EventServiceImpl.java",EXTRACT_OPERATION,"services/src/main/java/org/oasis_open/contextserver/impl/services/EventServiceImpl.java"
unomi,873d393bfb9e20483e14907e52a9a9cd1d24d40f,"itests/src/test/java/org/oasis_open/contextserver/itests/ConditionEvaluatorTest.java",EXTRACT_OPERATION,"itests/src/test/java/org/oasis_open/contextserver/itests/ConditionEvaluatorTest.java"
unomi,873d393bfb9e20483e14907e52a9a9cd1d24d40f,"itests/src/test/java/org/oasis_open/contextserver/itests/ConditionEvaluatorTest.java",EXTRACT_OPERATION,"itests/src/test/java/org/oasis_open/contextserver/itests/ConditionEvaluatorTest.java"
unomi,873d393bfb9e20483e14907e52a9a9cd1d24d40f,"itests/src/test/java/org/oasis_open/contextserver/itests/ConditionEvaluatorTest.java",EXTRACT_OPERATION,"itests/src/test/java/org/oasis_open/contextserver/itests/ConditionEvaluatorTest.java"
unomi,873d393bfb9e20483e14907e52a9a9cd1d24d40f,"itests/src/test/java/org/oasis_open/contextserver/itests/ConditionEvaluatorTest.java",EXTRACT_OPERATION,"itests/src/test/java/org/oasis_open/contextserver/itests/ConditionEvaluatorTest.java"
unomi,873d393bfb9e20483e14907e52a9a9cd1d24d40f,"itests/src/test/java/org/oasis_open/contextserver/itests/ConditionEvaluatorTest.java",EXTRACT_OPERATION,"itests/src/test/java/org/oasis_open/contextserver/itests/ConditionEvaluatorTest.java"
unomi,873d393bfb9e20483e14907e52a9a9cd1d24d40f,"itests/src/test/java/org/oasis_open/contextserver/itests/ConditionEvaluatorTest.java",EXTRACT_OPERATION,"itests/src/test/java/org/oasis_open/contextserver/itests/ConditionEvaluatorTest.java"
unomi,873d393bfb9e20483e14907e52a9a9cd1d24d40f,"itests/src/test/java/org/oasis_open/contextserver/itests/ConditionEvaluatorTest.java",EXTRACT_OPERATION,"itests/src/test/java/org/oasis_open/contextserver/itests/ConditionEvaluatorTest.java"
unomi,873d393bfb9e20483e14907e52a9a9cd1d24d40f,"itests/src/test/java/org/oasis_open/contextserver/itests/ConditionEvaluatorTest.java",EXTRACT_OPERATION,"itests/src/test/java/org/oasis_open/contextserver/itests/ConditionEvaluatorTest.java"
unomi,873d393bfb9e20483e14907e52a9a9cd1d24d40f,"itests/src/test/java/org/oasis_open/contextserver/itests/ConditionEvaluatorTest.java",EXTRACT_OPERATION,"itests/src/test/java/org/oasis_open/contextserver/itests/ConditionEvaluatorTest.java"
unomi,873d393bfb9e20483e14907e52a9a9cd1d24d40f,"itests/src/test/java/org/oasis_open/contextserver/itests/ConditionEvaluatorTest.java",EXTRACT_OPERATION,"itests/src/test/java/org/oasis_open/contextserver/itests/ConditionEvaluatorTest.java"
unomi,873d393bfb9e20483e14907e52a9a9cd1d24d40f,"itests/src/test/java/org/oasis_open/contextserver/itests/ConditionEvaluatorTest.java",EXTRACT_OPERATION,"itests/src/test/java/org/oasis_open/contextserver/itests/ConditionEvaluatorTest.java"
unomi,873d393bfb9e20483e14907e52a9a9cd1d24d40f,"itests/src/test/java/org/oasis_open/contextserver/itests/ConditionEvaluatorTest.java",EXTRACT_OPERATION,"itests/src/test/java/org/oasis_open/contextserver/itests/ConditionEvaluatorTest.java"
unomi,873d393bfb9e20483e14907e52a9a9cd1d24d40f,"itests/src/test/java/org/oasis_open/contextserver/itests/ConditionEvaluatorTest.java",EXTRACT_OPERATION,"itests/src/test/java/org/oasis_open/contextserver/itests/ConditionEvaluatorTest.java"
unomi,873d393bfb9e20483e14907e52a9a9cd1d24d40f,"itests/src/test/java/org/oasis_open/contextserver/itests/ConditionEvaluatorTest.java",EXTRACT_OPERATION,"itests/src/test/java/org/oasis_open/contextserver/itests/ConditionEvaluatorTest.java"
unomi,873d393bfb9e20483e14907e52a9a9cd1d24d40f,"itests/src/test/java/org/oasis_open/contextserver/itests/ConditionEvaluatorTest.java",EXTRACT_OPERATION,"itests/src/test/java/org/oasis_open/contextserver/itests/ConditionEvaluatorTest.java"
unomi,873d393bfb9e20483e14907e52a9a9cd1d24d40f,"itests/src/test/java/org/oasis_open/contextserver/itests/ConditionEvaluatorTest.java",EXTRACT_OPERATION,"itests/src/test/java/org/oasis_open/contextserver/itests/ConditionEvaluatorTest.java"
unomi,873d393bfb9e20483e14907e52a9a9cd1d24d40f,"itests/src/test/java/org/oasis_open/contextserver/itests/ConditionEvaluatorTest.java",EXTRACT_OPERATION,"itests/src/test/java/org/oasis_open/contextserver/itests/ConditionEvaluatorTest.java"
unomi,873d393bfb9e20483e14907e52a9a9cd1d24d40f,"itests/src/test/java/org/oasis_open/contextserver/itests/ConditionEvaluatorTest.java",EXTRACT_OPERATION,"itests/src/test/java/org/oasis_open/contextserver/itests/ConditionEvaluatorTest.java"
unomi,873d393bfb9e20483e14907e52a9a9cd1d24d40f,"itests/src/test/java/org/oasis_open/contextserver/itests/ConditionEvaluatorTest.java",EXTRACT_OPERATION,"itests/src/test/java/org/oasis_open/contextserver/itests/ConditionEvaluatorTest.java"
unomi,873d393bfb9e20483e14907e52a9a9cd1d24d40f,"itests/src/test/java/org/oasis_open/contextserver/itests/ConditionEvaluatorTest.java",EXTRACT_OPERATION,"itests/src/test/java/org/oasis_open/contextserver/itests/ConditionEvaluatorTest.java"
unomi,873d393bfb9e20483e14907e52a9a9cd1d24d40f,"itests/src/test/java/org/oasis_open/contextserver/itests/ConditionEvaluatorTest.java",EXTRACT_OPERATION,"itests/src/test/java/org/oasis_open/contextserver/itests/ConditionEvaluatorTest.java"
unomi,873d393bfb9e20483e14907e52a9a9cd1d24d40f,"itests/src/test/java/org/oasis_open/contextserver/itests/ConditionEvaluatorTest.java",EXTRACT_OPERATION,"itests/src/test/java/org/oasis_open/contextserver/itests/ConditionEvaluatorTest.java"
unomi,873d393bfb9e20483e14907e52a9a9cd1d24d40f,"itests/src/test/java/org/oasis_open/contextserver/itests/ConditionEvaluatorTest.java",EXTRACT_OPERATION,"itests/src/test/java/org/oasis_open/contextserver/itests/ConditionEvaluatorTest.java"
unomi,873d393bfb9e20483e14907e52a9a9cd1d24d40f,"itests/src/test/java/org/oasis_open/contextserver/itests/ConditionEvaluatorTest.java",EXTRACT_OPERATION,"itests/src/test/java/org/oasis_open/contextserver/itests/ConditionEvaluatorTest.java"
unomi,873d393bfb9e20483e14907e52a9a9cd1d24d40f,"itests/src/test/java/org/oasis_open/contextserver/itests/ConditionEvaluatorTest.java",EXTRACT_OPERATION,"itests/src/test/java/org/oasis_open/contextserver/itests/ConditionEvaluatorTest.java"
unomi,873d393bfb9e20483e14907e52a9a9cd1d24d40f,"itests/src/test/java/org/oasis_open/contextserver/itests/ConditionEvaluatorTest.java",EXTRACT_OPERATION,"itests/src/test/java/org/oasis_open/contextserver/itests/ConditionEvaluatorTest.java"
unomi,873d393bfb9e20483e14907e52a9a9cd1d24d40f,"itests/src/test/java/org/oasis_open/contextserver/itests/ConditionEvaluatorTest.java",EXTRACT_OPERATION,"itests/src/test/java/org/oasis_open/contextserver/itests/ConditionEvaluatorTest.java"
unomi,873d393bfb9e20483e14907e52a9a9cd1d24d40f,"itests/src/test/java/org/oasis_open/contextserver/itests/ConditionEvaluatorTest.java",EXTRACT_OPERATION,"itests/src/test/java/org/oasis_open/contextserver/itests/ConditionEvaluatorTest.java"
unomi,873d393bfb9e20483e14907e52a9a9cd1d24d40f,"itests/src/test/java/org/oasis_open/contextserver/itests/ConditionEvaluatorTest.java",EXTRACT_OPERATION,"itests/src/test/java/org/oasis_open/contextserver/itests/ConditionEvaluatorTest.java"
unomi,873d393bfb9e20483e14907e52a9a9cd1d24d40f,"itests/src/test/java/org/oasis_open/contextserver/itests/ConditionEvaluatorTest.java",EXTRACT_OPERATION,"itests/src/test/java/org/oasis_open/contextserver/itests/ConditionEvaluatorTest.java"
unomi,873d393bfb9e20483e14907e52a9a9cd1d24d40f,"itests/src/test/java/org/oasis_open/contextserver/itests/ConditionEvaluatorTest.java",EXTRACT_OPERATION,"itests/src/test/java/org/oasis_open/contextserver/itests/ConditionEvaluatorTest.java"
unomi,873d393bfb9e20483e14907e52a9a9cd1d24d40f,"itests/src/test/java/org/oasis_open/contextserver/itests/ConditionEvaluatorTest.java",EXTRACT_OPERATION,"itests/src/test/java/org/oasis_open/contextserver/itests/ConditionEvaluatorTest.java"
unomi,873d393bfb9e20483e14907e52a9a9cd1d24d40f,"itests/src/test/java/org/oasis_open/contextserver/itests/ConditionEvaluatorTest.java",EXTRACT_OPERATION,"itests/src/test/java/org/oasis_open/contextserver/itests/ConditionEvaluatorTest.java"
unomi,873d393bfb9e20483e14907e52a9a9cd1d24d40f,"itests/src/test/java/org/oasis_open/contextserver/itests/ConditionEvaluatorTest.java",EXTRACT_OPERATION,"itests/src/test/java/org/oasis_open/contextserver/itests/ConditionEvaluatorTest.java"
unomi,873d393bfb9e20483e14907e52a9a9cd1d24d40f,"itests/src/test/java/org/oasis_open/contextserver/itests/ConditionEvaluatorTest.java",EXTRACT_OPERATION,"itests/src/test/java/org/oasis_open/contextserver/itests/ConditionEvaluatorTest.java"
unomi,873d393bfb9e20483e14907e52a9a9cd1d24d40f,"itests/src/test/java/org/oasis_open/contextserver/itests/ConditionEvaluatorTest.java",EXTRACT_OPERATION,"itests/src/test/java/org/oasis_open/contextserver/itests/ConditionEvaluatorTest.java"
unomi,873d393bfb9e20483e14907e52a9a9cd1d24d40f,"itests/src/test/java/org/oasis_open/contextserver/itests/ConditionEvaluatorTest.java",EXTRACT_OPERATION,"itests/src/test/java/org/oasis_open/contextserver/itests/ConditionEvaluatorTest.java"
unomi,873d393bfb9e20483e14907e52a9a9cd1d24d40f,"itests/src/test/java/org/oasis_open/contextserver/itests/ConditionEvaluatorTest.java",EXTRACT_OPERATION,"itests/src/test/java/org/oasis_open/contextserver/itests/ConditionEvaluatorTest.java"
unomi,873d393bfb9e20483e14907e52a9a9cd1d24d40f,"itests/src/test/java/org/oasis_open/contextserver/itests/ConditionEvaluatorTest.java",EXTRACT_OPERATION,"itests/src/test/java/org/oasis_open/contextserver/itests/ConditionEvaluatorTest.java"
unomi,873d393bfb9e20483e14907e52a9a9cd1d24d40f,"itests/src/test/java/org/oasis_open/contextserver/itests/ConditionEvaluatorTest.java",EXTRACT_OPERATION,"itests/src/test/java/org/oasis_open/contextserver/itests/ConditionEvaluatorTest.java"
unomi,873d393bfb9e20483e14907e52a9a9cd1d24d40f,"itests/src/test/java/org/oasis_open/contextserver/itests/ConditionEvaluatorTest.java",EXTRACT_OPERATION,"itests/src/test/java/org/oasis_open/contextserver/itests/ConditionEvaluatorTest.java"
unomi,873d393bfb9e20483e14907e52a9a9cd1d24d40f,"itests/src/test/java/org/oasis_open/contextserver/itests/ConditionEvaluatorTest.java",EXTRACT_OPERATION,"itests/src/test/java/org/oasis_open/contextserver/itests/ConditionEvaluatorTest.java"
unomi,873d393bfb9e20483e14907e52a9a9cd1d24d40f,"itests/src/test/java/org/oasis_open/contextserver/itests/ConditionEvaluatorTest.java",EXTRACT_OPERATION,"itests/src/test/java/org/oasis_open/contextserver/itests/ConditionEvaluatorTest.java"
unomi,873d393bfb9e20483e14907e52a9a9cd1d24d40f,"itests/src/test/java/org/oasis_open/contextserver/itests/ConditionEvaluatorTest.java",EXTRACT_OPERATION,"itests/src/test/java/org/oasis_open/contextserver/itests/ConditionEvaluatorTest.java"
unomi,873d393bfb9e20483e14907e52a9a9cd1d24d40f,"itests/src/test/java/org/oasis_open/contextserver/itests/ConditionEvaluatorTest.java",EXTRACT_OPERATION,"itests/src/test/java/org/oasis_open/contextserver/itests/ConditionEvaluatorTest.java"
unomi,873d393bfb9e20483e14907e52a9a9cd1d24d40f,"itests/src/test/java/org/oasis_open/contextserver/itests/ConditionEvaluatorTest.java",EXTRACT_OPERATION,"itests/src/test/java/org/oasis_open/contextserver/itests/ConditionEvaluatorTest.java"
unomi,873d393bfb9e20483e14907e52a9a9cd1d24d40f,"itests/src/test/java/org/oasis_open/contextserver/itests/ConditionEvaluatorTest.java",EXTRACT_OPERATION,"itests/src/test/java/org/oasis_open/contextserver/itests/ConditionEvaluatorTest.java"
unomi,873d393bfb9e20483e14907e52a9a9cd1d24d40f,"itests/src/test/java/org/oasis_open/contextserver/itests/ConditionEvaluatorTest.java",EXTRACT_OPERATION,"itests/src/test/java/org/oasis_open/contextserver/itests/ConditionEvaluatorTest.java"
unomi,7df8c29d721bc90261907028a167e7d4d201b70d,"itests/src/test/java/org/oasis_open/contextserver/itests/ConditionTest.java",MOVE_OPERATION,"itests/src/test/java/org/oasis_open/contextserver/itests/ConditionEvaluatorTest.java"
unomi,29a21711fb35108c413e4c310e6a50d0404dfdaa,"rest/src/main/java/org/oasis_open/contextserver/rest/DefinitionsServiceEndPoint.java",EXTRACT_OPERATION,"rest/src/main/java/org/oasis_open/contextserver/rest/DefinitionsServiceEndPoint.java"
unomi,29a21711fb35108c413e4c310e6a50d0404dfdaa,"rest/src/main/java/org/oasis_open/contextserver/rest/DefinitionsServiceEndPoint.java",EXTRACT_OPERATION,"rest/src/main/java/org/oasis_open/contextserver/rest/DefinitionsServiceEndPoint.java"
unomi,29a21711fb35108c413e4c310e6a50d0404dfdaa,"rest/src/main/java/org/oasis_open/contextserver/rest/ResourceBundleHelper.java",EXTRACT_OPERATION,"rest/src/main/java/org/oasis_open/contextserver/rest/ResourceBundleHelper.java"
unomi,29a21711fb35108c413e4c310e6a50d0404dfdaa,"rest/src/main/java/org/oasis_open/contextserver/rest/ResourceBundleHelper.java",EXTRACT_OPERATION,"rest/src/main/java/org/oasis_open/contextserver/rest/ResourceBundleHelper.java"
unomi,29a21711fb35108c413e4c310e6a50d0404dfdaa,"services/src/main/java/org/oasis_open/contextserver/impl/conditions/initializers/ComparisonOperatorChoiceListInitializer.java; services/src/main/java/org/oasis_open/contextserver/impl/conditions/initializers/EventPropertyChoiceListInitializer.java; services/src/main/java/org/oasis_open/contextserver/impl/conditions/initializers/EventTypeIdChoiceListInitializer.java; services/src/main/java/org/oasis_open/contextserver/impl/conditions/initializers/ProfilePropertyTypeChoiceListInitializer.java; services/src/main/java/org/oasis_open/contextserver/impl/conditions/initializers/SessionPropertyChoiceListInitializer.java",EXTRACT_INTERFACE,"services/src/main/java/org/oasis_open/contextserver/impl/conditions/initializers/ComparisonOperatorChoiceListInitializer.java; services/src/main/java/org/oasis_open/contextserver/impl/conditions/initializers/EventPropertyChoiceListInitializer.java; services/src/main/java/org/oasis_open/contextserver/impl/conditions/initializers/EventTypeIdChoiceListInitializer.java; services/src/main/java/org/oasis_open/contextserver/impl/conditions/initializers/ProfilePropertyTypeChoiceListInitializer.java; services/src/main/java/org/oasis_open/contextserver/impl/conditions/initializers/SessionPropertyChoiceListInitializer.java; api/src/main/java/org/oasis_open/contextserver/api/conditions/initializers/I18nSupport.java"
unomi,29d867838961ae9d3e041ceeb71a0acbaed0ff28,"rest/src/main/java/org/oasis_open/contextserver/rest/ProfileServiceEndPoint.java",MOVE_OPERATION,"rest/src/main/java/org/oasis_open/contextserver/rest/DefinitionsServiceEndPoint.java"
unomi,29d867838961ae9d3e041ceeb71a0acbaed0ff28,"rest/src/main/java/org/oasis_open/contextserver/rest/ProfileServiceEndPoint.java",MOVE_OPERATION,"rest/src/main/java/org/oasis_open/contextserver/rest/DefinitionsServiceEndPoint.java"
unomi,29d867838961ae9d3e041ceeb71a0acbaed0ff28,"rest/src/main/java/org/oasis_open/contextserver/rest/ProfileServiceEndPoint.java",MOVE_OPERATION,"rest/src/main/java/org/oasis_open/contextserver/rest/DefinitionsServiceEndPoint.java"
unomi,953c3bc800c896f2e5827aa4f0628216afefcc97,"rest/src/main/java/org/oasis_open/contextserver/rest/DefinitionsServiceEndPoint.java",EXTRACT_CLASS,"rest/src/main/java/org/oasis_open/contextserver/rest/DefinitionsServiceEndPoint.java; rest/src/main/java/org/oasis_open/contextserver/rest/ResourceBundleHelper.java"
unomi,953c3bc800c896f2e5827aa4f0628216afefcc97,"rest/src/main/java/org/oasis_open/contextserver/rest/DefinitionsServiceEndPoint.java",MOVE_OPERATION,"rest/src/main/java/org/oasis_open/contextserver/rest/ResourceBundleHelper.java"
unomi,953c3bc800c896f2e5827aa4f0628216afefcc97,"rest/src/main/java/org/oasis_open/contextserver/rest/DefinitionsServiceEndPoint.java",MOVE_OPERATION,"rest/src/main/java/org/oasis_open/contextserver/rest/ResourceBundleHelper.java"
unomi,953c3bc800c896f2e5827aa4f0628216afefcc97,"api/src/main/java/org/oasis_open/contextserver/api/PropertyTypeGroup.java",MOVE_OPERATION,"rest/src/main/java/org/oasis_open/contextserver/rest/RESTPropertyType.java"
unomi,953c3bc800c896f2e5827aa4f0628216afefcc97,"api/src/main/java/org/oasis_open/contextserver/api/PropertyTypeGroup.java",MOVE_OPERATION,"rest/src/main/java/org/oasis_open/contextserver/rest/RESTPropertyType.java"
unomi,953c3bc800c896f2e5827aa4f0628216afefcc97,"api/src/main/java/org/oasis_open/contextserver/api/PropertyTypeGroup.java",MOVE_OPERATION,"rest/src/main/java/org/oasis_open/contextserver/rest/RESTPropertyType.java"
unomi,953c3bc800c896f2e5827aa4f0628216afefcc97,"api/src/main/java/org/oasis_open/contextserver/api/PropertyTypeGroup.java",MOVE_OPERATION,"rest/src/main/java/org/oasis_open/contextserver/rest/RESTPropertyType.java"
unomi,8ae2e19a893c58e12ba81184f9a0fd435f79ddb3,"api/src/main/java/org/oasis_open/contextserver/api/Parameter.java",EXTRACT_CLASS,"api/src/main/java/org/oasis_open/contextserver/api/Parameter.java; rest/src/main/java/org/oasis_open/contextserver/rest/RESTParameter.java"
unomi,8ae2e19a893c58e12ba81184f9a0fd435f79ddb3,"api/src/main/java/org/oasis_open/contextserver/api/Parameter.java",MOVE_OPERATION,"rest/src/main/java/org/oasis_open/contextserver/rest/RESTParameter.java"
unomi,8ae2e19a893c58e12ba81184f9a0fd435f79ddb3,"api/src/main/java/org/oasis_open/contextserver/api/Parameter.java",MOVE_OPERATION,"rest/src/main/java/org/oasis_open/contextserver/rest/RESTParameter.java"
unomi,ad6954320884946f22a1d32cb21d9c2a4b1894d6,"persistence-spi/src/main/java/org/oasis_open/contextserver/persistence/spi/Aggregate.java",MOVE_OPERATION,"persistence-spi/src/main/java/org/oasis_open/contextserver/persistence/spi/aggregate/BaseAggregate.java"
unomi,aa5b39875dcf77c777eb1f5349e4a1a3812a6143,"rest/src/main/java/org/oasis_open/contextserver/rest/UserServiceEndPoint.java",MOVE_OPERATION,"rest/src/main/java/org/oasis_open/contextserver/rest/ProfileServiceEndPoint.java"
unomi,aa5b39875dcf77c777eb1f5349e4a1a3812a6143,"rest/src/main/java/org/oasis_open/contextserver/rest/UserServiceEndPoint.java",MOVE_OPERATION,"rest/src/main/java/org/oasis_open/contextserver/rest/ProfileServiceEndPoint.java"
unomi,aa5b39875dcf77c777eb1f5349e4a1a3812a6143,"rest/src/main/java/org/oasis_open/contextserver/rest/UserServiceEndPoint.java",MOVE_OPERATION,"rest/src/main/java/org/oasis_open/contextserver/rest/ProfileServiceEndPoint.java"
unomi,aa5b39875dcf77c777eb1f5349e4a1a3812a6143,"rest/src/main/java/org/oasis_open/contextserver/rest/UserServiceEndPoint.java",MOVE_OPERATION,"rest/src/main/java/org/oasis_open/contextserver/rest/ProfileServiceEndPoint.java"
unomi,aa5b39875dcf77c777eb1f5349e4a1a3812a6143,"rest/src/main/java/org/oasis_open/contextserver/rest/UserServiceEndPoint.java",MOVE_OPERATION,"rest/src/main/java/org/oasis_open/contextserver/rest/ProfileServiceEndPoint.java"
unomi,aa5b39875dcf77c777eb1f5349e4a1a3812a6143,"rest/src/main/java/org/oasis_open/contextserver/rest/UserServiceEndPoint.java",MOVE_OPERATION,"rest/src/main/java/org/oasis_open/contextserver/rest/ProfileServiceEndPoint.java"
unomi,aa5b39875dcf77c777eb1f5349e4a1a3812a6143,"rest/src/main/java/org/oasis_open/contextserver/rest/UserServiceEndPoint.java",MOVE_OPERATION,"rest/src/main/java/org/oasis_open/contextserver/rest/ProfileServiceEndPoint.java"
unomi,aa5b39875dcf77c777eb1f5349e4a1a3812a6143,"rest/src/main/java/org/oasis_open/contextserver/rest/UserServiceEndPoint.java",MOVE_OPERATION,"rest/src/main/java/org/oasis_open/contextserver/rest/ProfileServiceEndPoint.java"
unomi,aa5b39875dcf77c777eb1f5349e4a1a3812a6143,"rest/src/main/java/org/oasis_open/contextserver/rest/UserServiceEndPoint.java",MOVE_OPERATION,"rest/src/main/java/org/oasis_open/contextserver/rest/ProfileServiceEndPoint.java"
unomi,aa5b39875dcf77c777eb1f5349e4a1a3812a6143,"rest/src/main/java/org/oasis_open/contextserver/rest/UserServiceEndPoint.java",MOVE_OPERATION,"rest/src/main/java/org/oasis_open/contextserver/rest/ProfileServiceEndPoint.java"
unomi,aa5b39875dcf77c777eb1f5349e4a1a3812a6143,"rest/src/main/java/org/oasis_open/contextserver/rest/UserServiceEndPoint.java",MOVE_OPERATION,"rest/src/main/java/org/oasis_open/contextserver/rest/ProfileServiceEndPoint.java"
unomi,aa5b39875dcf77c777eb1f5349e4a1a3812a6143,"rest/src/main/java/org/oasis_open/contextserver/rest/UserServiceEndPoint.java",MOVE_OPERATION,"rest/src/main/java/org/oasis_open/contextserver/rest/ProfileServiceEndPoint.java"
unomi,aa5b39875dcf77c777eb1f5349e4a1a3812a6143,"rest/src/main/java/org/oasis_open/contextserver/rest/UserServiceEndPoint.java",MOVE_OPERATION,"rest/src/main/java/org/oasis_open/contextserver/rest/ProfileServiceEndPoint.java"
unomi,aa5b39875dcf77c777eb1f5349e4a1a3812a6143,"rest/src/main/java/org/oasis_open/contextserver/rest/UserServiceEndPoint.java",MOVE_OPERATION,"rest/src/main/java/org/oasis_open/contextserver/rest/ProfileServiceEndPoint.java"
unomi,c204347c4a1d1315bd043c724e2b146ea5fb8bc7,"api/src/main/java/org/oasis_open/contextserver/api/Metadata.java",EXTRACT_OPERATION,"api/src/main/java/org/oasis_open/contextserver/api/Metadata.java"
unomi,f71b2b60794404d04497c797b3f3943d5b12b6f8,"wemi-context-server/api/src/main/java/org/oasis_open/wemi/context/server/api/Metadata.java",EXTRACT_OPERATION,"wemi-context-server/api/src/main/java/org/oasis_open/wemi/context/server/api/Metadata.java"
unomi,b271975dde726240135b9ab611e5a880c4634433,"wemi-context-server/itests/src/test/java/org/oasis_open/wemi/context/server/itests/BasicTest.java",EXTRACT_SUPERCLASS,"wemi-context-server/itests/src/test/java/org/oasis_open/wemi/context/server/itests/BasicTest.java; wemi-context-server/itests/src/test/java/org/oasis_open/wemi/context/server/itests/BaseTest.java"
unomi,b271975dde726240135b9ab611e5a880c4634433,"wemi-context-server/itests/src/test/java/org/oasis_open/wemi/context/server/itests/BasicTest.java",MOVE_OPERATION,"wemi-context-server/itests/src/test/java/org/oasis_open/wemi/context/server/itests/SegmentTest.java"
unomi,8f9d294ea0a35e84f1d0bfb5f48cddb133c557c4,"wemi-context-server/persistence-elasticsearch/core/src/main/java/org/oasis_open/wemi/context/server/persistence/elasticsearch/conditions/PropertyConditionESQueryBuilder.java",EXTRACT_OPERATION,"wemi-context-server/persistence-elasticsearch/core/src/main/java/org/oasis_open/wemi/context/server/persistence/elasticsearch/conditions/PropertyConditionESQueryBuilder.java"
unomi,27116edb2413a88b6e61a7a3b6c1b60d80684fca,"wemi-context-server/rest/src/main/java/org/oasis_open/wemi/context/server/rest/UserServiceEndPoint.java",EXTRACT_OPERATION,"wemi-context-server/rest/src/main/java/org/oasis_open/wemi/context/server/rest/UserServiceEndPoint.java"
unomi,06bb7b79252f67a90e8c1948d323a4801cb2b614,"wemi-context-server/persistence-elasticsearch/src/main/java/org/oasis_open/wemi/context/server/persistence/elasticsearch/conditions/ConditionESQueryBuilderDispatcher.java",EXTRACT_OPERATION,"wemi-context-server/persistence-elasticsearch/src/main/java/org/oasis_open/wemi/context/server/persistence/elasticsearch/conditions/ConditionESQueryBuilderDispatcher.java"
unomi,06bb7b79252f67a90e8c1948d323a4801cb2b614,"wemi-context-server/persistence-elasticsearch/src/main/java/org/oasis_open/wemi/context/server/persistence/elasticsearch/conditions/ConditionEvaluatorDispatcher.java",EXTRACT_OPERATION,"wemi-context-server/persistence-elasticsearch/src/main/java/org/oasis_open/wemi/context/server/persistence/elasticsearch/conditions/ConditionEvaluatorDispatcher.java"
unomi,19d7fdc79273e27a7da12cc34c1c0bebc418b8c1,"wemi-context-server/persistence-elasticsearch/src/main/java/org/oasis_open/wemi/context/server/persistence/elasticsearch/ElasticSearchPersistenceServiceImpl.java",EXTRACT_OPERATION,"wemi-context-server/persistence-elasticsearch/src/main/java/org/oasis_open/wemi/context/server/persistence/elasticsearch/ElasticSearchPersistenceServiceImpl.java"
unomi,4173273a3a8ac5c03e47d3519ba46c0905e5c0a8,"wemi-context-server/wab/src/main/java/org/oasis_open/wemi/context/server/ContextServlet.java",EXTRACT_OPERATION,"wemi-context-server/wab/src/main/java/org/oasis_open/wemi/context/server/ContextServlet.java"
unomi,f9fdbad4c61383b3f7e3276229fa8601748f19a0,"wemi-context-server/persistence-elasticsearch/src/main/java/org/oasis_open/wemi/context/server/persistence/elasticsearch/ElasticSearchPersistenceServiceImpl.java",EXTRACT_OPERATION,"wemi-context-server/persistence-elasticsearch/src/main/java/org/oasis_open/wemi/context/server/persistence/elasticsearch/ElasticSearchPersistenceServiceImpl.java"
unomi,d1ed0505841d4865c6c9345601a3abb4372fb485,"wemi-context-server/api/src/main/java/org/oasis_open/wemi/context/server/api/Event.java",EXTRACT_INTERFACE,"wemi-context-server/api/src/main/java/org/oasis_open/wemi/context/server/api/Event.java; wemi-context-server/api/src/main/java/org/oasis_open/wemi/context/server/api/TimestampedItem.java"
unomi,d1ed0505841d4865c6c9345601a3abb4372fb485,"wemi-context-server/services/src/main/java/org/oasis_open/wemi/context/server/impl/services/DefinitionsServiceImpl.java",MOVE_OPERATION,"wemi-context-server/persistence-elasticsearch/src/main/java/org/oasis_open/wemi/context/server/persistence/elasticsearch/ElasticSearchPersistenceServiceImpl.java"
unomi,cbe866a33025cb9f4ba41583fda91a161e4479d1,"wemi-context-server/persistence-elasticsearch/src/main/java/org/oasis_open/wemi/context/server/persistence/elasticsearch/ElasticSearchPersistenceServiceImpl.java",EXTRACT_OPERATION,"wemi-context-server/persistence-elasticsearch/src/main/java/org/oasis_open/wemi/context/server/persistence/elasticsearch/ElasticSearchPersistenceServiceImpl.java"
unomi,ab3ba03a3eeae9c199e52ba556647f4fed5b1dd2,"wemi-context-server/services/src/main/java/org/oasis_open/wemi/context/server/impl/services/GoalsServiceImpl.java",EXTRACT_OPERATION,"wemi-context-server/services/src/main/java/org/oasis_open/wemi/context/server/impl/services/GoalsServiceImpl.java"
unomi,ab3ba03a3eeae9c199e52ba556647f4fed5b1dd2,"wemi-context-server/services/src/main/java/org/oasis_open/wemi/context/server/impl/services/ParserHelper.java",EXTRACT_OPERATION,"wemi-context-server/services/src/main/java/org/oasis_open/wemi/context/server/impl/services/ParserHelper.java"
unomi,ab3ba03a3eeae9c199e52ba556647f4fed5b1dd2,"wemi-context-server/services/src/main/java/org/oasis_open/wemi/context/server/impl/services/SegmentServiceImpl.java",EXTRACT_OPERATION,"wemi-context-server/services/src/main/java/org/oasis_open/wemi/context/server/impl/services/SegmentServiceImpl.java"
unomi,ab3ba03a3eeae9c199e52ba556647f4fed5b1dd2,"wemi-context-server/services/src/main/java/org/oasis_open/wemi/context/server/impl/services/UserServiceImpl.java",EXTRACT_OPERATION,"wemi-context-server/services/src/main/java/org/oasis_open/wemi/context/server/impl/services/UserServiceImpl.java"
unomi,11c4c726454288609a4d470488ecc438d866fa74,"wemi-context-server/api/src/main/java/org/oasis_open/wemi/context/server/api/Persona.java",EXTRACT_CLASS,"wemi-context-server/api/src/main/java/org/oasis_open/wemi/context/server/api/Persona.java; wemi-context-server/api/src/main/java/org/oasis_open/wemi/context/server/api/PredefinedPersona.java"
unomi,11c4c726454288609a4d470488ecc438d866fa74,"wemi-context-server/api/src/main/java/org/oasis_open/wemi/context/server/api/Persona.java",MOVE_OPERATION,"wemi-context-server/api/src/main/java/org/oasis_open/wemi/context/server/api/PredefinedPersona.java"
unomi,11c4c726454288609a4d470488ecc438d866fa74,"wemi-context-server/api/src/main/java/org/oasis_open/wemi/context/server/api/Persona.java",MOVE_OPERATION,"wemi-context-server/api/src/main/java/org/oasis_open/wemi/context/server/api/PredefinedPersona.java"
unomi,094d4d3cb216cde28e16db775f59d2bbf58446e1,"wemi-context-server/wab/src/main/java/org/oasis_open/wemi/context/server/ContextServlet.java",MOVE_OPERATION,"wemi-context-server/wab/src/main/java/org/oasis_open/wemi/context/server/HttpUtils.java"
unomi,49582fbbdb4998092caa1012e24b2d9bb03b9f3a,"wemi-context-server/persistence-elasticsearch/src/main/java/org/oasis_open/wemi/context/server/persistence/elasticsearch/ElasticSearchPersistenceServiceImpl.java",EXTRACT_OPERATION,"wemi-context-server/persistence-elasticsearch/src/main/java/org/oasis_open/wemi/context/server/persistence/elasticsearch/ElasticSearchPersistenceServiceImpl.java"
unomi,6cfd014459be30c5cc9a6a844f57fb013a604205,"wemi-context-server/plugins/request/src/main/java/org/oasis_open/wemi/context/server/plugins/request/actions/SetRemoteHostInfoAction.java",EXTRACT_OPERATION,"wemi-context-server/plugins/request/src/main/java/org/oasis_open/wemi/context/server/plugins/request/actions/SetRemoteHostInfoAction.java"
unomi,6cfd014459be30c5cc9a6a844f57fb013a604205,"wemi-context-server/api/src/main/java/org/oasis_open/wemi/context/server/api/PropertyType.java",EXTRACT_CLASS,"wemi-context-server/api/src/main/java/org/oasis_open/wemi/context/server/api/PropertyType.java; wemi-context-server/api/src/main/java/org/oasis_open/wemi/context/server/api/ValueType.java"
unomi,6cfd014459be30c5cc9a6a844f57fb013a604205,"wemi-context-server/api/src/main/java/org/oasis_open/wemi/context/server/api/UserProperty.java",MOVE_OPERATION,"wemi-context-server/api/src/main/java/org/oasis_open/wemi/context/server/api/PropertyTypeGroup.java"
unomi,6cfd014459be30c5cc9a6a844f57fb013a604205,"wemi-context-server/api/src/main/java/org/oasis_open/wemi/context/server/api/UserProperty.java",MOVE_OPERATION,"wemi-context-server/api/src/main/java/org/oasis_open/wemi/context/server/api/PropertyTypeGroup.java"
unomi,6cfd014459be30c5cc9a6a844f57fb013a604205,"wemi-context-server/api/src/main/java/org/oasis_open/wemi/context/server/api/UserProperty.java",MOVE_OPERATION,"wemi-context-server/api/src/main/java/org/oasis_open/wemi/context/server/api/PropertyTypeGroup.java"
unomi,6cfd014459be30c5cc9a6a844f57fb013a604205,"wemi-context-server/api/src/main/java/org/oasis_open/wemi/context/server/api/UserProperty.java",MOVE_OPERATION,"wemi-context-server/api/src/main/java/org/oasis_open/wemi/context/server/api/PropertyTypeGroup.java"
unomi,6cfd014459be30c5cc9a6a844f57fb013a604205,"wemi-context-server/api/src/main/java/org/oasis_open/wemi/context/server/api/UserProperty.java",MOVE_OPERATION,"wemi-context-server/api/src/main/java/org/oasis_open/wemi/context/server/api/PropertyTypeGroup.java"
unomi,6cfd014459be30c5cc9a6a844f57fb013a604205,"wemi-context-server/api/src/main/java/org/oasis_open/wemi/context/server/api/UserProperty.java",MOVE_OPERATION,"wemi-context-server/api/src/main/java/org/oasis_open/wemi/context/server/api/PropertyTypeGroup.java"
unomi,6cfd014459be30c5cc9a6a844f57fb013a604205,"wemi-context-server/api/src/main/java/org/oasis_open/wemi/context/server/api/UserProperty.java",MOVE_OPERATION,"wemi-context-server/api/src/main/java/org/oasis_open/wemi/context/server/api/PropertyTypeGroup.java"
unomi,6cfd014459be30c5cc9a6a844f57fb013a604205,"wemi-context-server/api/src/main/java/org/oasis_open/wemi/context/server/api/UserProperty.java",MOVE_OPERATION,"wemi-context-server/api/src/main/java/org/oasis_open/wemi/context/server/api/PropertyTypeGroup.java"
unomi,6cfd014459be30c5cc9a6a844f57fb013a604205,"wemi-context-server/api/src/main/java/org/oasis_open/wemi/context/server/api/UserPropertyGroup.java",MOVE_OPERATION,"wemi-context-server/api/src/main/java/org/oasis_open/wemi/context/server/api/PropertyTypeGroup.java"
unomi,6cfd014459be30c5cc9a6a844f57fb013a604205,"wemi-context-server/api/src/main/java/org/oasis_open/wemi/context/server/api/UserPropertyGroup.java",MOVE_OPERATION,"wemi-context-server/api/src/main/java/org/oasis_open/wemi/context/server/api/PropertyTypeGroup.java"
unomi,6cfd014459be30c5cc9a6a844f57fb013a604205,"wemi-context-server/api/src/main/java/org/oasis_open/wemi/context/server/api/UserPropertyGroup.java",MOVE_OPERATION,"wemi-context-server/api/src/main/java/org/oasis_open/wemi/context/server/api/PropertyTypeGroup.java"
unomi,6cfd014459be30c5cc9a6a844f57fb013a604205,"wemi-context-server/api/src/main/java/org/oasis_open/wemi/context/server/api/UserPropertyGroup.java",MOVE_OPERATION,"wemi-context-server/api/src/main/java/org/oasis_open/wemi/context/server/api/PropertyTypeGroup.java"
unomi,6cfd014459be30c5cc9a6a844f57fb013a604205,"wemi-context-server/api/src/main/java/org/oasis_open/wemi/context/server/api/UserPropertyGroup.java",MOVE_OPERATION,"wemi-context-server/api/src/main/java/org/oasis_open/wemi/context/server/api/PropertyTypeGroup.java"
unomi,6cfd014459be30c5cc9a6a844f57fb013a604205,"wemi-context-server/api/src/main/java/org/oasis_open/wemi/context/server/api/UserPropertyGroup.java",MOVE_OPERATION,"wemi-context-server/api/src/main/java/org/oasis_open/wemi/context/server/api/PropertyTypeGroup.java"
unomi,6cfd014459be30c5cc9a6a844f57fb013a604205,"wemi-context-server/api/src/main/java/org/oasis_open/wemi/context/server/api/UserPropertyGroup.java",MOVE_OPERATION,"wemi-context-server/api/src/main/java/org/oasis_open/wemi/context/server/api/PropertyTypeGroup.java"
unomi,6cfd014459be30c5cc9a6a844f57fb013a604205,"wemi-context-server/api/src/main/java/org/oasis_open/wemi/context/server/api/UserPropertyGroup.java",MOVE_OPERATION,"wemi-context-server/api/src/main/java/org/oasis_open/wemi/context/server/api/PropertyTypeGroup.java"
unomi,6cfd014459be30c5cc9a6a844f57fb013a604205,"wemi-context-server/api/src/main/java/org/oasis_open/wemi/context/server/api/PropertyType.java",MOVE_OPERATION,"wemi-context-server/api/src/main/java/org/oasis_open/wemi/context/server/api/ValueType.java"
unomi,6cfd014459be30c5cc9a6a844f57fb013a604205,"wemi-context-server/api/src/main/java/org/oasis_open/wemi/context/server/api/PropertyType.java",MOVE_OPERATION,"wemi-context-server/api/src/main/java/org/oasis_open/wemi/context/server/api/ValueType.java"
unomi,6cfd014459be30c5cc9a6a844f57fb013a604205,"wemi-context-server/api/src/main/java/org/oasis_open/wemi/context/server/api/PropertyType.java",MOVE_OPERATION,"wemi-context-server/api/src/main/java/org/oasis_open/wemi/context/server/api/ValueType.java"
unomi,6cfd014459be30c5cc9a6a844f57fb013a604205,"wemi-context-server/api/src/main/java/org/oasis_open/wemi/context/server/api/PropertyType.java",MOVE_OPERATION,"wemi-context-server/api/src/main/java/org/oasis_open/wemi/context/server/api/ValueType.java"
unomi,e999fcd775b397ca0ad92810dc4320fa4be201ec,"wemi-context-server/rest/src/main/java/org/oasis_open/wemi/context/server/rest/CustomObjectMapper.java",MOVE_OPERATION,"wemi-context-server/persistence-spi/src/main/java/org/oasis_open/wemi/context/server/persistence/spi/CustomObjectMapper.java"
unomi,d5623bcfe9319b0ecd3b9ac9513189bc13f9177f,"wemi-context-server/services/src/main/java/org/oasis_open/wemi/context/server/impl/services/RulesServiceImpl.java",MOVE_OPERATION,"wemi-context-server/services/src/main/java/org/oasis_open/wemi/context/server/impl/services/SegmentServiceImpl.java"
unomi,d5623bcfe9319b0ecd3b9ac9513189bc13f9177f,"wemi-context-server/services/src/main/java/org/oasis_open/wemi/context/server/impl/services/RulesServiceImpl.java",MOVE_OPERATION,"wemi-context-server/services/src/main/java/org/oasis_open/wemi/context/server/impl/services/SegmentServiceImpl.java"
unomi,d5623bcfe9319b0ecd3b9ac9513189bc13f9177f,"wemi-context-server/services/src/main/java/org/oasis_open/wemi/context/server/impl/services/RulesServiceImpl.java",MOVE_OPERATION,"wemi-context-server/services/src/main/java/org/oasis_open/wemi/context/server/impl/services/SegmentServiceImpl.java"
unomi,25c37e39b7e247ec04946e496d7cbaae953afbe4,"wemi-context-server/api/src/main/java/org/oasis_open/wemi/context/server/api/UserProperty.java; wemi-context-server/api/src/main/java/org/oasis_open/wemi/context/server/api/UserPropertyGroup.java",EXTRACT_INTERFACE,"wemi-context-server/api/src/main/java/org/oasis_open/wemi/context/server/api/UserProperty.java; wemi-context-server/api/src/main/java/org/oasis_open/wemi/context/server/api/UserPropertyGroup.java; wemi-context-server/api/src/main/java/org/oasis_open/wemi/context/server/api/PluginType.java"
unomi,25c37e39b7e247ec04946e496d7cbaae953afbe4,"wemi-context-server/api/src/main/java/org/oasis_open/wemi/context/server/api/actions/ActionType.java; wemi-context-server/api/src/main/java/org/oasis_open/wemi/context/server/api/conditions/ConditionType.java",EXTRACT_INTERFACE,"wemi-context-server/api/src/main/java/org/oasis_open/wemi/context/server/api/actions/ActionType.java; wemi-context-server/api/src/main/java/org/oasis_open/wemi/context/server/api/conditions/ConditionType.java; wemi-context-server/api/src/main/java/org/oasis_open/wemi/context/server/api/TemplateablePluginType.java"
unomi,25c37e39b7e247ec04946e496d7cbaae953afbe4,"wemi-context-server/api/src/main/java/org/oasis_open/wemi/context/server/api/UserProperty.java",EXTRACT_CLASS,"wemi-context-server/api/src/main/java/org/oasis_open/wemi/context/server/api/UserProperty.java; wemi-context-server/api/src/main/java/org/oasis_open/wemi/context/server/api/PropertyType.java"
unomi,d6745c52a5449c7612ff203a0c243a02e95d128b,"wemi-context-server/persistence-elasticsearch/src/main/java/org/oasis_open/wemi/context/server/persistence/elasticsearch/ElasticSearchPersistenceServiceImpl.java",EXTRACT_OPERATION,"wemi-context-server/persistence-elasticsearch/src/main/java/org/oasis_open/wemi/context/server/persistence/elasticsearch/ElasticSearchPersistenceServiceImpl.java"
unomi,f3af46225ee02d24621acf996ffbf44c1a36e4e8,"wemi-context-server/plugins/request/src/main/java/org/oasis_open/wemi/context/server/plugins/request/consequences/RequestHeaderToUserPropertyConsequence.java",MOVE_OPERATION,"wemi-context-server/plugins/request/src/main/java/org/oasis_open/wemi/context/server/plugins/request/actions/RequestHeaderToUserPropertyAction.java"
unomi,f3af46225ee02d24621acf996ffbf44c1a36e4e8,"wemi-context-server/plugins/request/src/main/java/org/oasis_open/wemi/context/server/plugins/request/consequences/RequestParameterToUserPropertyConsequence.java",MOVE_OPERATION,"wemi-context-server/plugins/request/src/main/java/org/oasis_open/wemi/context/server/plugins/request/actions/RequestParameterToUserPropertyAction.java"
unomi,f3af46225ee02d24621acf996ffbf44c1a36e4e8,"wemi-context-server/plugins/request/src/main/java/org/oasis_open/wemi/context/server/plugins/request/consequences/SetRemoteHostInfoConsequence.java",MOVE_OPERATION,"wemi-context-server/plugins/request/src/main/java/org/oasis_open/wemi/context/server/plugins/request/actions/SetRemoteHostInfoAction.java"
unomi,f3af46225ee02d24621acf996ffbf44c1a36e4e8,"wemi-context-server/services/src/main/java/org/oasis_open/wemi/context/server/impl/consequences/AllEventToUserPropertiesConsequence.java",MOVE_OPERATION,"wemi-context-server/services/src/main/java/org/oasis_open/wemi/context/server/impl/actions/AllEventToUserPropertiesAction.java"
unomi,f3af46225ee02d24621acf996ffbf44c1a36e4e8,"wemi-context-server/services/src/main/java/org/oasis_open/wemi/context/server/impl/consequences/EventToUserPropertyConsequence.java",MOVE_OPERATION,"wemi-context-server/services/src/main/java/org/oasis_open/wemi/context/server/impl/actions/EventToUserPropertyAction.java"
unomi,f3af46225ee02d24621acf996ffbf44c1a36e4e8,"wemi-context-server/services/src/main/java/org/oasis_open/wemi/context/server/impl/consequences/SetPropertyConsequence.java",MOVE_OPERATION,"wemi-context-server/services/src/main/java/org/oasis_open/wemi/context/server/impl/actions/SetPropertyAction.java"
unomi,e52c569aca0eb38313f6df842b536a916111eebf,"wemi-context-server/services/src/main/java/org/oasis_open/wemi/context/server/impl/services/DefinitionsServiceImpl.java",EXTRACT_OPERATION,"wemi-context-server/services/src/main/java/org/oasis_open/wemi/context/server/impl/services/DefinitionsServiceImpl.java"
unomi,9d632490f44a3afac129507e845cd7de6032a236,"wemi-context-server/services/src/main/java/org/oasis_open/wemi/context/server/impl/services/DefinitionsServiceImpl.java",EXTRACT_OPERATION,"wemi-context-server/services/src/main/java/org/oasis_open/wemi/context/server/impl/services/DefinitionsServiceImpl.java"
unomi,9d632490f44a3afac129507e845cd7de6032a236,"wemi-context-server/services/src/main/java/org/oasis_open/wemi/context/server/impl/services/DefinitionsServiceImpl.java",EXTRACT_OPERATION,"wemi-context-server/services/src/main/java/org/oasis_open/wemi/context/server/impl/services/DefinitionsServiceImpl.java"
unomi,2d381734a154d65b00173cbae4c9f5a8a80f001b,"wemi-context-server/services/src/main/java/org/oasis_open/wemi/context/server/impl/services/SegmentServiceImpl.java",MOVE_OPERATION,"wemi-context-server/services/src/main/java/org/oasis_open/wemi/context/server/impl/services/RulesServiceImpl.java"
unomi,2d381734a154d65b00173cbae4c9f5a8a80f001b,"wemi-context-server/services/src/main/java/org/oasis_open/wemi/context/server/impl/services/SegmentServiceImpl.java",MOVE_OPERATION,"wemi-context-server/services/src/main/java/org/oasis_open/wemi/context/server/impl/services/RulesServiceImpl.java"
unomi,2d381734a154d65b00173cbae4c9f5a8a80f001b,"wemi-context-server/services/src/main/java/org/oasis_open/wemi/context/server/impl/services/ParserHelper.java",MOVE_OPERATION,"wemi-context-server/persistence-spi/src/main/java/org/oasis_open/wemi/context/server/persistence/spi/MapperHelper.java"
unomi,ee0faba239d37636332648e045c16022b87b439a,"wemi-context-server/persistence-elasticsearch/src/main/java/org/oasis_open/wemi/context/server/persistence/elasticsearch/ElasticSearchPersistenceServiceImpl.java",EXTRACT_OPERATION,"wemi-context-server/persistence-elasticsearch/src/main/java/org/oasis_open/wemi/context/server/persistence/elasticsearch/ElasticSearchPersistenceServiceImpl.java"
unomi,ee0faba239d37636332648e045c16022b87b439a,"wemi-context-server/persistence-elasticsearch/src/main/java/org/oasis_open/wemi/context/server/persistence/elasticsearch/ElasticSearchPersistenceServiceImpl.java",EXTRACT_OPERATION,"wemi-context-server/persistence-elasticsearch/src/main/java/org/oasis_open/wemi/context/server/persistence/elasticsearch/ElasticSearchPersistenceServiceImpl.java"
unomi,ee0faba239d37636332648e045c16022b87b439a,"wemi-context-server/persistence-elasticsearch/src/main/java/org/oasis_open/wemi/context/server/persistence/elasticsearch/ElasticSearchPersistenceServiceImpl.java",EXTRACT_OPERATION,"wemi-context-server/persistence-elasticsearch/src/main/java/org/oasis_open/wemi/context/server/persistence/elasticsearch/ElasticSearchPersistenceServiceImpl.java"
unomi,f4d4999172297e69366d265dfa0d1d9f3ce61ac0,"wemi-context-server/services/src/main/java/org/oasis_open/wemi/context/server/impl/services/RulesServiceImpl.java",EXTRACT_OPERATION,"wemi-context-server/services/src/main/java/org/oasis_open/wemi/context/server/impl/services/RulesServiceImpl.java"
unomi,882b2663674f2bef15a6f7027f49f2c0d044bb9f,"wemi-context-server/wab/src/main/java/org/oasis_open/wemi/context/server/ScriptFilter.java",EXTRACT_OPERATION,"wemi-context-server/wab/src/main/java/org/oasis_open/wemi/context/server/ScriptFilter.java"
unomi,5f94ad093694d179033656a03839c4419440f1f2,"wemi-context-server/itests/src/test/java/org/oasis_open/wemi/context/server/itests/BasicTests.java",MOVE_OPERATION,"wemi-context-server/itests/src/test/java/org/oasis_open/wemi/context/server/itests/BasicTest.java"
unomi,8cf0948c68e702b7366d7cc47ef2855a39c137ee,"wemi-context-server/persistence-elasticsearch/src/main/java/org/oasis_open/wemi/context/server/persistence/elasticsearch/conditions/AndConditionESQueryBuilder.java; wemi-context-server/persistence-elasticsearch/src/main/java/org/oasis_open/wemi/context/server/persistence/elasticsearch/conditions/HoverEventConditionESQueryBuilder.java; wemi-context-server/persistence-elasticsearch/src/main/java/org/oasis_open/wemi/context/server/persistence/elasticsearch/conditions/MatchAllConditionESQueryBuilder.java; wemi-context-server/persistence-elasticsearch/src/main/java/org/oasis_open/wemi/context/server/persistence/elasticsearch/conditions/PageViewEventConditionESQueryBuilder.java; wemi-context-server/persistence-elasticsearch/src/main/java/org/oasis_open/wemi/context/server/persistence/elasticsearch/conditions/UserPropertyConditionESQueryBuilder.java",EXTRACT_INTERFACE,"wemi-context-server/persistence-elasticsearch/src/main/java/org/oasis_open/wemi/context/server/persistence/elasticsearch/conditions/AndConditionESQueryBuilder.java; wemi-context-server/persistence-elasticsearch/src/main/java/org/oasis_open/wemi/context/server/persistence/elasticsearch/conditions/HoverEventConditionESQueryBuilder.java; wemi-context-server/persistence-elasticsearch/src/main/java/org/oasis_open/wemi/context/server/persistence/elasticsearch/conditions/MatchAllConditionESQueryBuilder.java; wemi-context-server/persistence-elasticsearch/src/main/java/org/oasis_open/wemi/context/server/persistence/elasticsearch/conditions/PageViewEventConditionESQueryBuilder.java; wemi-context-server/persistence-elasticsearch/src/main/java/org/oasis_open/wemi/context/server/persistence/elasticsearch/conditions/UserPropertyConditionESQueryBuilder.java; wemi-context-server/persistence-elasticsearch/src/main/java/org/oasis_open/wemi/context/server/persistence/elasticsearch/conditions/ESQueryBuilder.java"
unomi,fe0169769967df39b7b7fe9060c18d451de6cf1d,"wemi-context-server/rest/src/main/java/org/oasis_open/wemi/context/server/rest/DefinitionsServiceEndPoint.java",EXTRACT_OPERATION,"wemi-context-server/rest/src/main/java/org/oasis_open/wemi/context/server/rest/DefinitionsServiceEndPoint.java"
unomi,fe0169769967df39b7b7fe9060c18d451de6cf1d,"wemi-context-server/rest/src/main/java/org/oasis_open/wemi/context/server/rest/DefinitionsServiceEndPoint.java",EXTRACT_OPERATION,"wemi-context-server/rest/src/main/java/org/oasis_open/wemi/context/server/rest/DefinitionsServiceEndPoint.java"
unomi,2f592c04826050296300ce9bfb8cdacec7ad688c,"wemi-context-server/persistence-elasticsearch/src/main/java/org/oasis_open/wemi/context/server/persistence/elasticsearch/conditions/AbstractESQueryGeneratorVisitor.java",MOVE_OPERATION,"wemi-context-server/persistence-elasticsearch/src/main/java/org/oasis_open/wemi/context/server/persistence/elasticsearch/conditions/AbstractESQueryBuilder.java"
unomi,2f592c04826050296300ce9bfb8cdacec7ad688c,"wemi-context-server/persistence-elasticsearch/src/main/java/org/oasis_open/wemi/context/server/persistence/elasticsearch/conditions/AndConditionESQueryGeneratorVisitor.java",MOVE_OPERATION,"wemi-context-server/persistence-elasticsearch/src/main/java/org/oasis_open/wemi/context/server/persistence/elasticsearch/conditions/AndConditionESQueryBuilder.java"
unomi,2f592c04826050296300ce9bfb8cdacec7ad688c,"wemi-context-server/persistence-elasticsearch/src/main/java/org/oasis_open/wemi/context/server/persistence/elasticsearch/conditions/ConditionESQueryGeneratorVisitorDispatcher.java",MOVE_OPERATION,"wemi-context-server/persistence-elasticsearch/src/main/java/org/oasis_open/wemi/context/server/persistence/elasticsearch/conditions/ConditionESQueryBuilderDispatcher.java"
unomi,2f592c04826050296300ce9bfb8cdacec7ad688c,"wemi-context-server/persistence-elasticsearch/src/main/java/org/oasis_open/wemi/context/server/persistence/elasticsearch/conditions/ConditionESQueryGeneratorVisitorDispatcher.java",MOVE_OPERATION,"wemi-context-server/persistence-elasticsearch/src/main/java/org/oasis_open/wemi/context/server/persistence/elasticsearch/conditions/ConditionESQueryBuilderDispatcher.java"
unomi,2f592c04826050296300ce9bfb8cdacec7ad688c,"wemi-context-server/persistence-elasticsearch/src/main/java/org/oasis_open/wemi/context/server/persistence/elasticsearch/conditions/HoverEventConditionESQueryGeneratorVisitor.java",MOVE_OPERATION,"wemi-context-server/persistence-elasticsearch/src/main/java/org/oasis_open/wemi/context/server/persistence/elasticsearch/conditions/HoverEventConditionESQueryBuilder.java"
unomi,2f592c04826050296300ce9bfb8cdacec7ad688c,"wemi-context-server/persistence-elasticsearch/src/main/java/org/oasis_open/wemi/context/server/persistence/elasticsearch/conditions/MatchAllConditionESQueryGeneratorVisitor.java",MOVE_OPERATION,"wemi-context-server/persistence-elasticsearch/src/main/java/org/oasis_open/wemi/context/server/persistence/elasticsearch/conditions/MatchAllConditionESQueryBuilder.java"
unomi,2f592c04826050296300ce9bfb8cdacec7ad688c,"wemi-context-server/persistence-elasticsearch/src/main/java/org/oasis_open/wemi/context/server/persistence/elasticsearch/conditions/PageViewEventConditionESQueryGeneratorVisitor.java",MOVE_OPERATION,"wemi-context-server/persistence-elasticsearch/src/main/java/org/oasis_open/wemi/context/server/persistence/elasticsearch/conditions/PageViewEventConditionESQueryBuilder.java"
unomi,2f592c04826050296300ce9bfb8cdacec7ad688c,"wemi-context-server/persistence-elasticsearch/src/main/java/org/oasis_open/wemi/context/server/persistence/elasticsearch/conditions/UserPropertyConditionESQueryGeneratorVisitor.java",MOVE_OPERATION,"wemi-context-server/persistence-elasticsearch/src/main/java/org/oasis_open/wemi/context/server/persistence/elasticsearch/conditions/UserPropertyConditionESQueryBuilder.java"
unomi,2f592c04826050296300ce9bfb8cdacec7ad688c,"wemi-context-server/services/src/main/java/org/oasis_open/wemi/context/server/impl/consequences/AbstractConsequenceExecutorVisitor.java",MOVE_OPERATION,"wemi-context-server/services/src/main/java/org/oasis_open/wemi/context/server/impl/consequences/AbstractConsequenceExecutor.java"
unomi,2f592c04826050296300ce9bfb8cdacec7ad688c,"wemi-context-server/services/src/main/java/org/oasis_open/wemi/context/server/impl/consequences/SetPropertyConsequenceVisitor.java",MOVE_OPERATION,"wemi-context-server/services/src/main/java/org/oasis_open/wemi/context/server/impl/consequences/SetPropertyConsequence.java"
unomi,49fd42c7321b1950d60087bb1b47fa91a1b82fed,"wemi-context-server/persistence-elasticsearch/src/main/java/org/oasis_open/wemi/context/server/persistence/elasticsearch/ConditionESQueryGeneratorVisitor.java",MOVE_OPERATION,"wemi-context-server/persistence-elasticsearch/src/main/java/org/oasis_open/wemi/context/server/persistence/elasticsearch/conditions/ConditionESQueryGeneratorVisitorDispatcher.java"
unomi,9679b1063017528ff6e4d4153b3f7bd74266a601,"wemi-context-server/rest/src/main/java/org/oasis_open/wemi/context/server/rest/SegmentServiceEndPoint.java",EXTRACT_CLASS,"wemi-context-server/rest/src/main/java/org/oasis_open/wemi/context/server/rest/SegmentServiceEndPoint.java; wemi-context-server/rest/src/main/java/org/oasis_open/wemi/context/server/rest/DefinitionsServiceEndPoint.java"
unomi,9679b1063017528ff6e4d4153b3f7bd74266a601,"wemi-context-server/services/src/main/java/org/oasis_open/wemi/context/server/impl/services/SegmentServiceImpl.java",EXTRACT_CLASS,"wemi-context-server/services/src/main/java/org/oasis_open/wemi/context/server/impl/services/SegmentServiceImpl.java; wemi-context-server/rest/src/main/java/org/oasis_open/wemi/context/server/rest/DefinitionsServiceEndPoint.java"
unomi,9679b1063017528ff6e4d4153b3f7bd74266a601,"wemi-context-server/services/src/main/java/org/oasis_open/wemi/context/server/impl/services/SegmentServiceImpl.java",EXTRACT_CLASS,"wemi-context-server/services/src/main/java/org/oasis_open/wemi/context/server/impl/services/SegmentServiceImpl.java; wemi-context-server/services/src/main/java/org/oasis_open/wemi/context/server/impl/services/DefinitionsServiceImpl.java"
unomi,9679b1063017528ff6e4d4153b3f7bd74266a601,"wemi-context-server/rest/src/main/java/org/oasis_open/wemi/context/server/rest/SegmentServiceEndPoint.java",MOVE_OPERATION,"wemi-context-server/rest/src/main/java/org/oasis_open/wemi/context/server/rest/DefinitionsServiceEndPoint.java"
unomi,9679b1063017528ff6e4d4153b3f7bd74266a601,"wemi-context-server/rest/src/main/java/org/oasis_open/wemi/context/server/rest/SegmentServiceEndPoint.java",MOVE_OPERATION,"wemi-context-server/rest/src/main/java/org/oasis_open/wemi/context/server/rest/DefinitionsServiceEndPoint.java"
unomi,9679b1063017528ff6e4d4153b3f7bd74266a601,"wemi-context-server/services/src/main/java/org/oasis_open/wemi/context/server/impl/services/SegmentServiceImpl.java",MOVE_OPERATION,"wemi-context-server/rest/src/main/java/org/oasis_open/wemi/context/server/rest/DefinitionsServiceEndPoint.java"
unomi,9679b1063017528ff6e4d4153b3f7bd74266a601,"wemi-context-server/services/src/main/java/org/oasis_open/wemi/context/server/impl/services/SegmentServiceImpl.java",MOVE_OPERATION,"wemi-context-server/rest/src/main/java/org/oasis_open/wemi/context/server/rest/DefinitionsServiceEndPoint.java"
unomi,9679b1063017528ff6e4d4153b3f7bd74266a601,"wemi-context-server/services/src/main/java/org/oasis_open/wemi/context/server/impl/services/SegmentServiceImpl.java",MOVE_OPERATION,"wemi-context-server/services/src/main/java/org/oasis_open/wemi/context/server/impl/services/DefinitionsServiceImpl.java"
unomi,9679b1063017528ff6e4d4153b3f7bd74266a601,"wemi-context-server/services/src/main/java/org/oasis_open/wemi/context/server/impl/services/SegmentServiceImpl.java",MOVE_OPERATION,"wemi-context-server/services/src/main/java/org/oasis_open/wemi/context/server/impl/services/DefinitionsServiceImpl.java"
unomi,9679b1063017528ff6e4d4153b3f7bd74266a601,"wemi-context-server/api/src/main/java/org/oasis_open/wemi/context/server/api/services/SegmentService.java",MOVE_OPERATION,"wemi-context-server/api/src/main/java/org/oasis_open/wemi/context/server/api/services/DefinitionsService.java"
unomi,9679b1063017528ff6e4d4153b3f7bd74266a601,"wemi-context-server/api/src/main/java/org/oasis_open/wemi/context/server/api/services/SegmentService.java",MOVE_OPERATION,"wemi-context-server/api/src/main/java/org/oasis_open/wemi/context/server/api/services/DefinitionsService.java"
unomi,9679b1063017528ff6e4d4153b3f7bd74266a601,"wemi-context-server/services/src/main/java/org/oasis_open/wemi/context/server/impl/services/SegmentServiceImpl.java",MOVE_OPERATION,"wemi-context-server/services/src/main/java/org/oasis_open/wemi/context/server/impl/services/ParserHelper.java"
unomi,3f07504cf7c1ad6752d2d22e4fcbade64a4930ae,"wemi-context-server/api/src/main/java/org/oasis_open/wemi/context/server/api/conditions/ConditionNode.java",MOVE_OPERATION,"wemi-context-server/api/src/main/java/org/oasis_open/wemi/context/server/api/conditions/Condition.java"
unomi,3f07504cf7c1ad6752d2d22e4fcbade64a4930ae,"wemi-context-server/api/src/main/java/org/oasis_open/wemi/context/server/api/conditions/ConditionNode.java",MOVE_OPERATION,"wemi-context-server/api/src/main/java/org/oasis_open/wemi/context/server/api/conditions/Condition.java"
unomi,3f07504cf7c1ad6752d2d22e4fcbade64a4930ae,"wemi-context-server/api/src/main/java/org/oasis_open/wemi/context/server/api/conditions/ConditionNode.java",MOVE_OPERATION,"wemi-context-server/api/src/main/java/org/oasis_open/wemi/context/server/api/conditions/Condition.java"
unomi,77d23025d66f155b9d943d93ef3ec80021df97cb,"wemi-context-server/services/src/main/java/org/oasis_open/wemi/context/server/impl/services/SegmentServiceImpl.java",EXTRACT_OPERATION,"wemi-context-server/services/src/main/java/org/oasis_open/wemi/context/server/impl/services/SegmentServiceImpl.java"
unomi,e0c023241e52c989c923d22cb4b35d8a6ef404bc,"wemi-context-server/api/src/main/java/org/oasis_open/wemi/context/server/api/conditions/ConditionNode.java",EXTRACT_CLASS,"wemi-context-server/api/src/main/java/org/oasis_open/wemi/context/server/api/conditions/ConditionNode.java; wemi-context-server/api/src/main/java/org/oasis_open/wemi/context/server/api/conditions/ConditionTypeNode.java"
unomi,e0c023241e52c989c923d22cb4b35d8a6ef404bc,"wemi-context-server/api/src/main/java/org/oasis_open/wemi/context/server/api/conditions/ConditionNode.java",MOVE_OPERATION,"wemi-context-server/api/src/main/java/org/oasis_open/wemi/context/server/api/conditions/ConditionTypeNode.java"
unomi,e0c023241e52c989c923d22cb4b35d8a6ef404bc,"wemi-context-server/api/src/main/java/org/oasis_open/wemi/context/server/api/conditions/ConditionNode.java",MOVE_OPERATION,"wemi-context-server/api/src/main/java/org/oasis_open/wemi/context/server/api/conditions/ConditionTypeNode.java"
unomi,e0c023241e52c989c923d22cb4b35d8a6ef404bc,"wemi-context-server/api/src/main/java/org/oasis_open/wemi/context/server/api/conditions/ConditionNode.java",MOVE_OPERATION,"wemi-context-server/api/src/main/java/org/oasis_open/wemi/context/server/api/conditions/ConditionTypeNode.java"
unomi,e0c023241e52c989c923d22cb4b35d8a6ef404bc,"wemi-context-server/api/src/main/java/org/oasis_open/wemi/context/server/api/conditions/ConditionNode.java",MOVE_OPERATION,"wemi-context-server/api/src/main/java/org/oasis_open/wemi/context/server/api/conditions/ConditionTypeNode.java"
unomi,e0c023241e52c989c923d22cb4b35d8a6ef404bc,"wemi-context-server/api/src/main/java/org/oasis_open/wemi/context/server/api/conditions/ConditionNode.java",MOVE_OPERATION,"wemi-context-server/api/src/main/java/org/oasis_open/wemi/context/server/api/conditions/ConditionTypeNode.java"
unomi,e0c023241e52c989c923d22cb4b35d8a6ef404bc,"wemi-context-server/api/src/main/java/org/oasis_open/wemi/context/server/api/conditions/ConditionNode.java",MOVE_OPERATION,"wemi-context-server/api/src/main/java/org/oasis_open/wemi/context/server/api/conditions/ConditionTypeNode.java"
unomi,e0c023241e52c989c923d22cb4b35d8a6ef404bc,"wemi-context-server/api/src/main/java/org/oasis_open/wemi/context/server/api/conditions/ConditionNode.java",MOVE_OPERATION,"wemi-context-server/api/src/main/java/org/oasis_open/wemi/context/server/api/conditions/ConditionTypeNode.java"
unomi,e0c023241e52c989c923d22cb4b35d8a6ef404bc,"wemi-context-server/api/src/main/java/org/oasis_open/wemi/context/server/api/conditions/ConditionNode.java",MOVE_OPERATION,"wemi-context-server/api/src/main/java/org/oasis_open/wemi/context/server/api/conditions/ConditionTypeNode.java"
unomi,e0c023241e52c989c923d22cb4b35d8a6ef404bc,"wemi-context-server/api/src/main/java/org/oasis_open/wemi/context/server/api/conditions/ConditionNode.java",MOVE_OPERATION,"wemi-context-server/api/src/main/java/org/oasis_open/wemi/context/server/api/conditions/ConditionTypeNode.java"
unomi,e1038579df70c568093f9920fc38c2c829394e7b,"wemi-context-server/services/src/main/java/org/oasis_open/wemi/context/server/impl/services/SegmentServiceImpl.java",EXTRACT_OPERATION,"wemi-context-server/services/src/main/java/org/oasis_open/wemi/context/server/impl/services/SegmentServiceImpl.java"
unomi,e1038579df70c568093f9920fc38c2c829394e7b,"wemi-context-server/services/src/main/java/org/oasis_open/wemi/context/server/impl/services/SegmentServiceImpl.java",EXTRACT_OPERATION,"wemi-context-server/services/src/main/java/org/oasis_open/wemi/context/server/impl/services/SegmentServiceImpl.java"
unomi,e1038579df70c568093f9920fc38c2c829394e7b,"wemi-context-server/services/src/main/java/org/oasis_open/wemi/context/server/impl/services/SegmentServiceImpl.java",EXTRACT_OPERATION,"wemi-context-server/services/src/main/java/org/oasis_open/wemi/context/server/impl/services/SegmentServiceImpl.java"
unomi,09d15534969c14c43dd047d4ab8f2c9e545e0a42,"wemi-context-server/wab/src/main/java/org/oasis_open/wemi/context/server/ScriptFilter.java",MOVE_OPERATION,"wemi-context-server/wab/src/main/java/org/oasis_open/wemi/context/server/HttpUtils.java"
unomi,9d774787e31aa5be3c45aa2a44d2fb90c7d0b054,"wemi-context-server/wab/src/main/java/org/oasis_open/wemi/context/server/ScriptFilter.java",EXTRACT_OPERATION,"wemi-context-server/wab/src/main/java/org/oasis_open/wemi/context/server/ScriptFilter.java"
unomi,443ca92b4ed6b297997aee10662cb6a824c19049,"wemi-context-server/wab/src/main/java/org/oasis_open/wemi/context/server/ScriptFilter.java",EXTRACT_CLASS,"wemi-context-server/wab/src/main/java/org/oasis_open/wemi/context/server/ScriptFilter.java; wemi-context-server/wab/src/main/java/org/oasis_open/wemi/context/server/HttpUtils.java"
unomi,443ca92b4ed6b297997aee10662cb6a824c19049,"wemi-context-server/wab/src/main/java/org/oasis_open/wemi/context/server/ScriptFilter.java",MOVE_OPERATION,"wemi-context-server/wab/src/main/java/org/oasis_open/wemi/context/server/HttpUtils.java"
unomi,443ca92b4ed6b297997aee10662cb6a824c19049,"wemi-context-server/wab/src/main/java/org/oasis_open/wemi/context/server/ScriptFilter.java",MOVE_OPERATION,"wemi-context-server/wab/src/main/java/org/oasis_open/wemi/context/server/HttpUtils.java"
unomi,add15a780c24d7596159b090c0cf3e2c6b96161a,"wemi-context-server/wab/src/main/java/org/oasis_open/wemi/context/server/ScriptFilter.java",EXTRACT_OPERATION,"wemi-context-server/wab/src/main/java/org/oasis_open/wemi/context/server/ScriptFilter.java"
